channel_set,comparison,metric,n,awake_mean,target_mean,mean_diff_awake_minus_target,paired_d,p,auc_awake_vs_target
all_eeg,awake_vs_sed,Pi,20,0.6624472573839664,0.3649579120866555,0.29748934529731075,2.1330035031870187,1.1193208526537747e-08,1.0
all_eeg,awake_vs_sed,Access_all,20,0.31645569620253167,0.048241912798874825,0.2682137834036568,4.179381127418316,1.0863689870817818e-13,1.0
all_eeg,awake_vs_sed,R,20,0.13866370826817462,0.14725058802424956,-0.008586879756074908,-0.0723394472692353,0.7498413897422597,0.5275
all_eeg,awake_vs_sed,D_eff,20,5.053565564017537,5.138844875086816,-0.08527931106927737,-0.024315065198461383,0.9145486924151216,0.6975
all_eeg,awake_vs_sed,M_tau,20,0.004361729633660648,0.005561753297703922,-0.0012000236640432745,-0.1922984186013692,0.40051895087848094,0.475
all_eeg,awake_vs_sed,gamma_rel_power,20,0.022814778414589336,0.007883179609647812,0.014931598804941524,0.8554217129466832,0.0011412013014863737,0.855
all_eeg,awake_vs_sed,hf_rel_power,20,0.043385954204783764,0.02110809487344093,0.02227785933134283,0.5397983781788639,0.02603223728509885,0.6825000000000001
all_eeg,awake_vs_sed2,Pi,20,0.6624472573839664,0.3737335935312814,0.2887136638526849,1.9215867133438966,5.696666280324951e-08,1.0
all_eeg,awake_vs_sed2,Access_all,20,0.31645569620253167,0.04971509971509971,0.2667405964874319,3.477098616177446,2.916315027854611e-12,1.0
all_eeg,awake_vs_sed2,R,20,0.13866370826817462,0.17509244285823758,-0.03642873459006295,-0.2496508689591762,0.2781408560025512,0.52
all_eeg,awake_vs_sed2,D_eff,20,5.053565564017537,4.8348635389545525,0.2187020250629846,0.19753020853857037,0.3880710644272118,0.5525
all_eeg,awake_vs_sed2,M_tau,20,0.004361729633660648,0.006468901564741751,-0.0021071719310811034,-0.39281391666707344,0.09507083049215875,0.42749999999999994
all_eeg,awake_vs_sed2,gamma_rel_power,20,0.022814778414589336,0.006227505476838215,0.01658727293775112,0.9826920080379024,0.0003114279236546456,0.8875
all_eeg,awake_vs_sed2,hf_rel_power,20,0.043385954204783764,0.020124083790156747,0.023261870414627014,0.6250088369686342,0.011545614872749695,0.7275
centro_posterior,awake_vs_sed,Pi,20,0.6624472573839664,0.4538412469718428,0.2086060104121234,1.1562219007783576,5.4366890883930525e-05,0.9500000000000001
centro_posterior,awake_vs_sed,Access_all,20,0.3025316455696202,0.09449614568478416,0.2080354998848361,2.301671993421108,3.2965874525597047e-09,0.9525
centro_posterior,awake_vs_sed,R,20,0.4273221208302642,0.42158760751402713,0.005734513316237033,0.05744498016710561,0.8000160175511298,0.4825
centro_posterior,awake_vs_sed,D_eff,20,3.412775039521319,3.805941260519293,-0.3931662209979733,-0.2304004976785787,0.3157694513274807,0.47000000000000003
centro_posterior,awake_vs_sed,M_tau,20,0.03128093377477088,0.02973870274536,0.001542231029410882,0.21216391247641395,0.35462258118861745,0.515
centro_posterior,awake_vs_sed,gamma_rel_power,20,0.019300385071325237,0.007386429524837601,0.011913955546487639,0.7557405979965038,0.0031450489304172386,0.8049999999999999
centro_posterior,awake_vs_sed,hf_rel_power,20,0.03206011084127671,0.021860063713018855,0.010200047128257863,0.2761400982341795,0.2319087975720289,0.5975
centro_posterior,awake_vs_sed2,Pi,20,0.6624472573839664,0.45888405820968436,0.20356319917428184,1.1768072577229578,4.434869442269316e-05,1.0
centro_posterior,awake_vs_sed2,Access_all,20,0.3025316455696202,0.09780231543237325,0.20472933013724703,2.5669544183404103,5.456506519247658e-10,1.0
centro_posterior,awake_vs_sed2,R,20,0.4273221208302642,0.4313945943388283,-0.004072473508564142,-0.04161918285251373,0.8543182501820293,0.47
centro_posterior,awake_vs_sed2,D_eff,20,3.412775039521319,3.6915189619679962,-0.27874392244667606,-0.3849716858492369,0.10137531318863359,0.355
centro_posterior,awake_vs_sed2,M_tau,20,0.03128093377477088,0.02894882914391732,0.0023321046308535653,0.28207122543001867,0.22241114438655113,0.545
centro_posterior,awake_vs_sed2,gamma_rel_power,20,0.019300385071325237,0.005662503758249382,0.013637881313075856,0.8537646670498024,0.0011606716788784906,0.8575
centro_posterior,awake_vs_sed2,hf_rel_power,20,0.03206011084127671,0.023632799502152253,0.008427311339124464,0.21966674096389907,0.3382577525458052,0.5975
frontotemporal,awake_vs_sed,Pi,20,0.6624472573839664,0.45401815832504316,0.2084290990589231,1.4701196033712225,2.708693590948839e-06,1.0
frontotemporal,awake_vs_sed,Access_all,20,0.2905063291139241,0.07194092827004218,0.21856540084388185,2.928201819111653,5.845683169356006e-11,1.0
frontotemporal,awake_vs_sed,R,20,0.3830746200127629,0.38857648408386297,-0.005501864071100165,-0.0661763434433768,0.7704788915925739,0.405
frontotemporal,awake_vs_sed,D_eff,20,4.261908276196404,4.0261554540671085,0.2357528221292955,0.1412883165665705,0.5350075366061554,0.69
frontotemporal,awake_vs_sed,M_tau,20,0.02397773880291127,0.024985452963814984,-0.0010077141609037177,-0.15612121974265156,0.4935124581931158,0.33249999999999996
frontotemporal,awake_vs_sed,gamma_rel_power,20,0.02632233951932985,0.008097390129052072,0.01822494939027778,0.9677232083638098,0.0003626790744018873,0.8825
frontotemporal,awake_vs_sed,hf_rel_power,20,0.05325475607521407,0.019040956342803245,0.034213799732410836,0.7322956034924345,0.003984029970021935,0.76
frontotemporal,awake_vs_sed2,Pi,20,0.6624472573839664,0.4594876186398344,0.20295963874413184,1.3556619032851716,7.862123060110732e-06,0.95
frontotemporal,awake_vs_sed2,Access_all,20,0.2905063291139241,0.07409465935477497,0.21641166975914908,2.5999348852079205,4.4063752307698786e-10,0.955
frontotemporal,awake_vs_sed2,R,20,0.3830746200127629,0.40552327797710497,-0.02244865796434209,-0.2076105500916108,0.36481359742575314,0.395
frontotemporal,awake_vs_sed2,D_eff,20,4.261908276196404,4.128390848737346,0.13351742745905873,0.11745471155534946,0.6054693909453632,0.51
frontotemporal,awake_vs_sed2,M_tau,20,0.02397773880291127,0.02495626509433606,-0.0009785262914247918,-0.14061294820115572,0.5369412752390313,0.375
frontotemporal,awake_vs_sed2,gamma_rel_power,20,0.02632233951932985,0.0066125553130385265,0.01970978420629133,1.088277442622311,0.00010708937778345375,0.9175
frontotemporal,awake_vs_sed2,hf_rel_power,20,0.05325475607521407,0.01691528183760689,0.03633947423760718,0.8239714316884603,0.0015729150197110085,0.8025
posterior,awake_vs_sed,Pi,20,0.6624472573839664,0.45222723716085855,0.21022002022310765,1.2743699563696351,1.7100446250879936e-05,1.0
posterior,awake_vs_sed,Access_all,20,0.29451476793248943,0.08044688493901213,0.21406788299347737,2.931280397460304,5.741002636198872e-11,1.0
posterior,awake_vs_sed,R,20,0.5956043763254526,0.5863804918241919,0.00922388450126051,0.0789612217392342,0.7278820612913748,0.4575
posterior,awake_vs_sed,D_eff,20,2.3690310891706283,2.735578695999997,-0.3665476068293682,-0.3322039374694564,0.15377313897600597,0.3975000000000001
posterior,awake_vs_sed,M_tau,20,0.04826387578039842,0.04325503454164637,0.005008841238752051,0.4281605333838357,0.07069820983204637,0.63
posterior,awake_vs_sed,gamma_rel_power,20,0.01482651077224692,0.006443594053019699,0.00838291671922722,0.7680248822885599,0.002777465163851037,0.7649999999999999
posterior,awake_vs_sed,hf_rel_power,20,0.02017010560535296,0.022784711022837408,-0.0026146054174844514,-0.09066211927851425,0.6896735529080412,0.53
posterior,awake_vs_sed2,Pi,20,0.6624472573839664,0.4428026996909463,0.21964455769301994,1.3444593889640832,8.742245933958042e-06,1.0
posterior,awake_vs_sed2,Access_all,20,0.29451476793248943,0.07614371819574131,0.2183710497367481,2.9761710749411794,4.418880159941198e-11,0.9974999999999999
posterior,awake_vs_sed2,R,20,0.5956043763254526,0.5813731441372516,0.014231232188200927,0.12603993019277626,0.5795730399010836,0.48250000000000004
posterior,awake_vs_sed2,D_eff,20,2.3690310891706283,2.6645174838404277,-0.2954863946697991,-0.49714697770082256,0.038523743540640795,0.3025
posterior,awake_vs_sed2,M_tau,20,0.04826387578039842,0.04246565956860827,0.0057982162117901515,0.48208104895844145,0.04411819770298581,0.6724999999999999
posterior,awake_vs_sed2,gamma_rel_power,20,0.01482651077224692,0.004948688228867956,0.009877822543378963,0.9683804704147962,0.00036025964193472037,0.83
posterior,awake_vs_sed2,hf_rel_power,20,0.02017010560535296,0.02233300533807758,-0.0021628997327246243,-0.07091467393746223,0.7545958103158488,0.55
