subject,task,condition,acq,run,filename,channel_set,n_channels,gamma_rel_power,hf_rel_power
1010,awake,awake,EC,0,sub-1010_task-awake_acq-EC_eeg.vhdr,all_eeg,62,0.02642158728050707,0.04384359131883545
1010,awake,awake,EC,0,sub-1010_task-awake_acq-EC_eeg.vhdr,posterior,18,0.02904151678965889,0.04441343105242351
1010,awake,awake,EC,0,sub-1010_task-awake_acq-EC_eeg.vhdr,centro_posterior,32,0.029848146521192706,0.04044137290524334
1010,awake,awake,EC,0,sub-1010_task-awake_acq-EC_eeg.vhdr,frontotemporal,30,0.023770121992479888,0.04647622171927219
1010,sed2,sed2,rest,1,sub-1010_task-sed2_acq-rest_run-1_eeg.vhdr,all_eeg,62,0.005482037612120759,0.026430834450129594
1010,sed2,sed2,rest,1,sub-1010_task-sed2_acq-rest_run-1_eeg.vhdr,posterior,18,0.005951791369684664,0.00819591919459535
1010,sed2,sed2,rest,1,sub-1010_task-sed2_acq-rest_run-1_eeg.vhdr,centro_posterior,32,0.006342817752689574,0.0352970804211856
1010,sed2,sed2,rest,1,sub-1010_task-sed2_acq-rest_run-1_eeg.vhdr,frontotemporal,30,0.004824151904411236,0.01965445075993387
1010,sed2,sed2,rest,2,sub-1010_task-sed2_acq-rest_run-2_eeg.vhdr,all_eeg,62,0.012899060447232762,0.02523496450616411
1010,sed2,sed2,rest,2,sub-1010_task-sed2_acq-rest_run-2_eeg.vhdr,posterior,18,0.010117769192462397,0.07619419596542161
1010,sed2,sed2,rest,2,sub-1010_task-sed2_acq-rest_run-2_eeg.vhdr,centro_posterior,32,0.013529421883539807,0.04114203138893334
1010,sed2,sed2,rest,2,sub-1010_task-sed2_acq-rest_run-2_eeg.vhdr,frontotemporal,30,0.012124289123631456,0.0056837379343429
1010,sed2,sed2,rest,3,sub-1010_task-sed2_acq-rest_run-3_eeg.vhdr,all_eeg,62,0.007075702136245202,0.036279060719973395
1010,sed2,sed2,rest,3,sub-1010_task-sed2_acq-rest_run-3_eeg.vhdr,posterior,18,0.0055565844790690195,0.11494729929362517
1010,sed2,sed2,rest,3,sub-1010_task-sed2_acq-rest_run-3_eeg.vhdr,centro_posterior,32,0.00800364037479706,0.06799445748374508
1010,sed2,sed2,rest,3,sub-1010_task-sed2_acq-rest_run-3_eeg.vhdr,frontotemporal,30,0.0064150457569533215,0.013698916564627456
1010,sed,sed,rest,1,sub-1010_task-sed_acq-rest_run-1_eeg.vhdr,all_eeg,62,0.004371543929219211,0.028783554327827934
1010,sed,sed,rest,1,sub-1010_task-sed_acq-rest_run-1_eeg.vhdr,posterior,18,0.004635692256765755,0.013279415078258236
1010,sed,sed,rest,1,sub-1010_task-sed_acq-rest_run-1_eeg.vhdr,centro_posterior,32,0.004913034149124588,0.04708446211805943
1010,sed,sed,rest,1,sub-1010_task-sed_acq-rest_run-1_eeg.vhdr,frontotemporal,30,0.004086355808033285,0.019144965638996137
1010,sed,sed,rest,2,sub-1010_task-sed_acq-rest_run-2_eeg.vhdr,all_eeg,62,0.048598609734374826,0.08319510478236247
1010,sed,sed,rest,2,sub-1010_task-sed_acq-rest_run-2_eeg.vhdr,posterior,18,0.026468834310470285,0.03391614234859554
1010,sed,sed,rest,2,sub-1010_task-sed_acq-rest_run-2_eeg.vhdr,centro_posterior,32,0.03544986411232773,0.04971733945367481
1010,sed,sed,rest,2,sub-1010_task-sed_acq-rest_run-2_eeg.vhdr,frontotemporal,30,0.060166441779153805,0.11264773681955374
1010,sed,sed,rest,3,sub-1010_task-sed_acq-rest_run-3_eeg.vhdr,all_eeg,62,0.007367893819829029,0.04200233407286438
1010,sed,sed,rest,3,sub-1010_task-sed_acq-rest_run-3_eeg.vhdr,posterior,18,0.004971538509946514,0.16115851378999102
1010,sed,sed,rest,3,sub-1010_task-sed_acq-rest_run-3_eeg.vhdr,centro_posterior,32,0.008081821189113722,0.08274964073792769
1010,sed,sed,rest,3,sub-1010_task-sed_acq-rest_run-3_eeg.vhdr,frontotemporal,30,0.006785929417487504,0.008786795643346515
1016,awake,awake,EC,0,sub-1016_task-awake_acq-EC_eeg.vhdr,all_eeg,62,0.023159331286139936,0.02518905611921513
1016,awake,awake,EC,0,sub-1016_task-awake_acq-EC_eeg.vhdr,posterior,18,0.01551035481223089,0.01579342651125107
1016,awake,awake,EC,0,sub-1016_task-awake_acq-EC_eeg.vhdr,centro_posterior,32,0.01991683127747167,0.01852765975387676
1016,awake,awake,EC,0,sub-1016_task-awake_acq-EC_eeg.vhdr,frontotemporal,30,0.028214133229249472,0.035573648008596394
1016,sed2,sed2,rest,1,sub-1016_task-sed2_acq-rest_run-1_eeg.vhdr,all_eeg,62,0.0025404757988615285,0.003745835498042668
1016,sed2,sed2,rest,1,sub-1016_task-sed2_acq-rest_run-1_eeg.vhdr,posterior,18,0.0025385441033597914,0.003601794519590954
1016,sed2,sed2,rest,1,sub-1016_task-sed2_acq-rest_run-1_eeg.vhdr,centro_posterior,32,0.003042027098632012,0.004094099782705355
1016,sed2,sed2,rest,1,sub-1016_task-sed2_acq-rest_run-1_eeg.vhdr,frontotemporal,30,0.001888827403223658,0.0032933476618786247
1016,sed2,sed2,rest,2,sub-1016_task-sed2_acq-rest_run-2_eeg.vhdr,all_eeg,62,0.0029995518549229792,0.006142274985345399
1016,sed2,sed2,rest,2,sub-1016_task-sed2_acq-rest_run-2_eeg.vhdr,posterior,18,0.0032253578637485873,0.006508989942171041
1016,sed2,sed2,rest,2,sub-1016_task-sed2_acq-rest_run-2_eeg.vhdr,centro_posterior,32,0.003257097034464704,0.007487290367102255
1016,sed2,sed2,rest,2,sub-1016_task-sed2_acq-rest_run-2_eeg.vhdr,frontotemporal,30,0.002774875965685741,0.004968917644813127
1016,sed,sed,rest,1,sub-1016_task-sed_acq-rest_run-1_eeg.vhdr,all_eeg,62,0.010167208753096993,0.012049303288482091
1016,sed,sed,rest,1,sub-1016_task-sed_acq-rest_run-1_eeg.vhdr,posterior,18,0.01022348433654124,0.010457302815981487
1016,sed,sed,rest,1,sub-1016_task-sed_acq-rest_run-1_eeg.vhdr,centro_posterior,32,0.010317058981379381,0.010533653475571803
1016,sed,sed,rest,1,sub-1016_task-sed_acq-rest_run-1_eeg.vhdr,frontotemporal,30,0.009969014757993494,0.014053922801189653
1016,sed,sed,rest,2,sub-1016_task-sed_acq-rest_run-2_eeg.vhdr,all_eeg,62,0.011678988193536466,0.021030566698816408
1016,sed,sed,rest,2,sub-1016_task-sed_acq-rest_run-2_eeg.vhdr,posterior,18,0.010214266677535864,0.05686091443134336
1016,sed,sed,rest,2,sub-1016_task-sed_acq-rest_run-2_eeg.vhdr,centro_posterior,32,0.012290546586875126,0.035214032196953515
1016,sed,sed,rest,2,sub-1016_task-sed_acq-rest_run-2_eeg.vhdr,frontotemporal,30,0.011324219667832694,0.012802657150107246
1016,sed,sed,rest,3,sub-1016_task-sed_acq-rest_run-3_eeg.vhdr,all_eeg,62,0.011327614635700641,0.009039709326164528
1016,sed,sed,rest,3,sub-1016_task-sed_acq-rest_run-3_eeg.vhdr,posterior,18,0.009428909581947751,0.004695066879451067
1016,sed,sed,rest,3,sub-1016_task-sed_acq-rest_run-3_eeg.vhdr,centro_posterior,32,0.01185133453813581,0.012607397795906583
1016,sed,sed,rest,3,sub-1016_task-sed_acq-rest_run-3_eeg.vhdr,frontotemporal,30,0.01114768401639823,0.00781398467286432
1017,awake,awake,EC,0,sub-1017_task-awake_acq-EC_eeg.vhdr,all_eeg,62,0.01908845635381734,0.02047870087349652
1017,awake,awake,EC,0,sub-1017_task-awake_acq-EC_eeg.vhdr,posterior,18,0.013700757293253723,0.0092206437024339
1017,awake,awake,EC,0,sub-1017_task-awake_acq-EC_eeg.vhdr,centro_posterior,32,0.01679515760843075,0.01838229883503985
1017,awake,awake,EC,0,sub-1017_task-awake_acq-EC_eeg.vhdr,frontotemporal,30,0.02127444340950356,0.02247700472675571
1017,sed2,sed2,rest,1,sub-1017_task-sed2_acq-rest_run-1_eeg.vhdr,all_eeg,62,0.006887409303715534,0.0011628165346433293
1017,sed2,sed2,rest,1,sub-1017_task-sed2_acq-rest_run-1_eeg.vhdr,posterior,18,0.0066293195351705215,0.0012878285592489685
1017,sed2,sed2,rest,1,sub-1017_task-sed2_acq-rest_run-1_eeg.vhdr,centro_posterior,32,0.006570961584688415,0.0011829277352678256
1017,sed2,sed2,rest,1,sub-1017_task-sed2_acq-rest_run-1_eeg.vhdr,frontotemporal,30,0.0072366842672282475,0.0011406190642810426
1017,sed2,sed2,rest,2,sub-1017_task-sed2_acq-rest_run-2_eeg.vhdr,all_eeg,62,0.018462248842490907,0.0038298257501574763
1017,sed2,sed2,rest,2,sub-1017_task-sed2_acq-rest_run-2_eeg.vhdr,posterior,18,0.0139188881603052,0.0036729641367032276
1017,sed2,sed2,rest,2,sub-1017_task-sed2_acq-rest_run-2_eeg.vhdr,centro_posterior,32,0.015325228866950888,0.0035677984064115768
1017,sed2,sed2,rest,2,sub-1017_task-sed2_acq-rest_run-2_eeg.vhdr,frontotemporal,30,0.019852263996752807,0.003945930200074183
1017,sed,sed,rest,1,sub-1017_task-sed_acq-rest_run-1_eeg.vhdr,all_eeg,62,0.017671449285044202,0.02374113903264802
1017,sed,sed,rest,1,sub-1017_task-sed_acq-rest_run-1_eeg.vhdr,posterior,18,0.022106354666398563,0.04519435038112904
1017,sed,sed,rest,1,sub-1017_task-sed_acq-rest_run-1_eeg.vhdr,centro_posterior,32,0.01899555527423789,0.031011344761845742
1017,sed,sed,rest,1,sub-1017_task-sed_acq-rest_run-1_eeg.vhdr,frontotemporal,30,0.016373830346384014,0.016616364491066512
1017,sed,sed,rest,2,sub-1017_task-sed_acq-rest_run-2_eeg.vhdr,all_eeg,62,0.019809364093289563,0.006207524910291857
1017,sed,sed,rest,2,sub-1017_task-sed_acq-rest_run-2_eeg.vhdr,posterior,18,0.015461076975415456,0.006143425135568532
1017,sed,sed,rest,2,sub-1017_task-sed_acq-rest_run-2_eeg.vhdr,centro_posterior,32,0.017101493956609645,0.005771661334941607
1017,sed,sed,rest,2,sub-1017_task-sed_acq-rest_run-2_eeg.vhdr,frontotemporal,30,0.020927309513777546,0.0063874713860921205
1022,awake,awake,EC,0,sub-1022_task-awake_acq-EC_eeg.vhdr,all_eeg,62,0.023943988671988693,0.019408706258659942
1022,awake,awake,EC,0,sub-1022_task-awake_acq-EC_eeg.vhdr,posterior,18,0.01884648335138585,0.009229432113689926
1022,awake,awake,EC,0,sub-1022_task-awake_acq-EC_eeg.vhdr,centro_posterior,32,0.0209215168213376,0.010254780997115569
1022,awake,awake,EC,0,sub-1022_task-awake_acq-EC_eeg.vhdr,frontotemporal,30,0.025450704547485534,0.023971979366301736
1022,sed2,sed2,rest,1,sub-1022_task-sed2_acq-rest_run-1_eeg.vhdr,all_eeg,62,0.005553063136804782,0.0007052268270247413
1022,sed2,sed2,rest,1,sub-1022_task-sed2_acq-rest_run-1_eeg.vhdr,posterior,18,0.004603599016882922,0.0007678187453850582
1022,sed2,sed2,rest,1,sub-1022_task-sed2_acq-rest_run-1_eeg.vhdr,centro_posterior,32,0.006045332109602717,0.0009460082424930255
1022,sed2,sed2,rest,1,sub-1022_task-sed2_acq-rest_run-1_eeg.vhdr,frontotemporal,30,0.005318429407883091,0.0005904614355655559
1022,sed2,sed2,rest,2,sub-1022_task-sed2_acq-rest_run-2_eeg.vhdr,all_eeg,62,0.0048355099096305506,0.0007410152683689213
1022,sed2,sed2,rest,2,sub-1022_task-sed2_acq-rest_run-2_eeg.vhdr,posterior,18,0.00362100227986481,0.0006215720117180687
1022,sed2,sed2,rest,2,sub-1022_task-sed2_acq-rest_run-2_eeg.vhdr,centro_posterior,32,0.005736681798622823,0.0008695743255928009
1022,sed2,sed2,rest,2,sub-1022_task-sed2_acq-rest_run-2_eeg.vhdr,frontotemporal,30,0.004400818790012572,0.0006790032580029845
1022,sed2,sed2,rest,3,sub-1022_task-sed2_acq-rest_run-3_eeg.vhdr,all_eeg,62,0.004086775271459431,0.0007544390329288965
1022,sed2,sed2,rest,3,sub-1022_task-sed2_acq-rest_run-3_eeg.vhdr,posterior,18,0.0034396146323220473,0.00060549226218849
1022,sed2,sed2,rest,3,sub-1022_task-sed2_acq-rest_run-3_eeg.vhdr,centro_posterior,32,0.004012633352009549,0.000707845097219868
1022,sed2,sed2,rest,3,sub-1022_task-sed2_acq-rest_run-3_eeg.vhdr,frontotemporal,30,0.004223542443754813,0.000840389341206849
1022,sed,sed,rest,1,sub-1022_task-sed_acq-rest_run-1_eeg.vhdr,all_eeg,62,0.00896480071041578,0.0012178151362838643
1022,sed,sed,rest,1,sub-1022_task-sed_acq-rest_run-1_eeg.vhdr,posterior,18,0.008465864929804324,0.0013615885275968015
1022,sed,sed,rest,1,sub-1022_task-sed_acq-rest_run-1_eeg.vhdr,centro_posterior,32,0.009675122427020075,0.0015653691674273162
1022,sed,sed,rest,1,sub-1022_task-sed_acq-rest_run-1_eeg.vhdr,frontotemporal,30,0.00858610217809844,0.0010325213483870193
1022,sed,sed,rest,2,sub-1022_task-sed_acq-rest_run-2_eeg.vhdr,all_eeg,62,0.006291442821122245,0.0010983621437068646
1022,sed,sed,rest,2,sub-1022_task-sed_acq-rest_run-2_eeg.vhdr,posterior,18,0.005593708078332621,0.00094104529595057
1022,sed,sed,rest,2,sub-1022_task-sed_acq-rest_run-2_eeg.vhdr,centro_posterior,32,0.0069257690689447935,0.0011411020506062386
1022,sed,sed,rest,2,sub-1022_task-sed_acq-rest_run-2_eeg.vhdr,frontotemporal,30,0.006045928614070111,0.0010818197818104397
1022,sed,sed,rest,3,sub-1022_task-sed_acq-rest_run-3_eeg.vhdr,all_eeg,62,0.006088340026460961,0.0010648772415994883
1022,sed,sed,rest,3,sub-1022_task-sed_acq-rest_run-3_eeg.vhdr,posterior,18,0.005725696127578998,0.0009099274255451227
1022,sed,sed,rest,3,sub-1022_task-sed_acq-rest_run-3_eeg.vhdr,centro_posterior,32,0.006366718081970629,0.0010219502132027462
1022,sed,sed,rest,3,sub-1022_task-sed_acq-rest_run-3_eeg.vhdr,frontotemporal,30,0.005750172473820402,0.001117024053633506
1024,awake,awake,EC,0,sub-1024_task-awake_acq-EC_eeg.vhdr,all_eeg,62,0.020119330526811675,0.034736415519844695
1024,awake,awake,EC,0,sub-1024_task-awake_acq-EC_eeg.vhdr,posterior,18,0.017317958397880664,0.020305462696443913
1024,awake,awake,EC,0,sub-1024_task-awake_acq-EC_eeg.vhdr,centro_posterior,32,0.017779531348911783,0.028349316667836372
1024,awake,awake,EC,0,sub-1024_task-awake_acq-EC_eeg.vhdr,frontotemporal,30,0.022106197537010285,0.04016009295327427
1024,sed2,sed2,rest,1,sub-1024_task-sed2_acq-rest_run-1_eeg.vhdr,all_eeg,62,0.01996758751571012,0.013230589240644993
1024,sed2,sed2,rest,1,sub-1024_task-sed2_acq-rest_run-1_eeg.vhdr,posterior,18,0.020840674152738596,0.008709240688092099
1024,sed2,sed2,rest,1,sub-1024_task-sed2_acq-rest_run-1_eeg.vhdr,centro_posterior,32,0.022335501055084885,0.012282082487867876
1024,sed2,sed2,rest,1,sub-1024_task-sed2_acq-rest_run-1_eeg.vhdr,frontotemporal,30,0.019036941410508126,0.013603374859947163
1024,sed2,sed2,rest,2,sub-1024_task-sed2_acq-rest_run-2_eeg.vhdr,all_eeg,62,0.011251140100161285,0.0032792237784972167
1024,sed2,sed2,rest,2,sub-1024_task-sed2_acq-rest_run-2_eeg.vhdr,posterior,18,0.01126431249644573,0.0025284100593727433
1024,sed2,sed2,rest,2,sub-1024_task-sed2_acq-rest_run-2_eeg.vhdr,centro_posterior,32,0.012435418796735593,0.0032142582436354783
1024,sed2,sed2,rest,2,sub-1024_task-sed2_acq-rest_run-2_eeg.vhdr,frontotemporal,30,0.010388431273068245,0.003326549074936446
1024,sed2,sed2,rest,3,sub-1024_task-sed2_acq-rest_run-3_eeg.vhdr,all_eeg,62,0.007977772108402153,0.006190910693690851
1024,sed2,sed2,rest,3,sub-1024_task-sed2_acq-rest_run-3_eeg.vhdr,posterior,18,0.008269611260231109,0.0036420961983669843
1024,sed2,sed2,rest,3,sub-1024_task-sed2_acq-rest_run-3_eeg.vhdr,centro_posterior,32,0.009493354867467788,0.005895639800961091
1024,sed2,sed2,rest,3,sub-1024_task-sed2_acq-rest_run-3_eeg.vhdr,frontotemporal,30,0.007220737681830312,0.006338398667952867
1024,sed,sed,rest,1,sub-1024_task-sed_acq-rest_run-1_eeg.vhdr,all_eeg,62,0.01136754489655057,0.005430219772874616
1024,sed,sed,rest,1,sub-1024_task-sed_acq-rest_run-1_eeg.vhdr,posterior,18,0.01150245895198932,0.005347092648308409
1024,sed,sed,rest,1,sub-1024_task-sed_acq-rest_run-1_eeg.vhdr,centro_posterior,32,0.012377163540538009,0.006470229413477823
1024,sed,sed,rest,1,sub-1024_task-sed_acq-rest_run-1_eeg.vhdr,frontotemporal,30,0.010112351063608747,0.00413724277125198
1024,sed,sed,rest,2,sub-1024_task-sed_acq-rest_run-2_eeg.vhdr,all_eeg,62,0.011884771765017878,0.0029151676802433918
1024,sed,sed,rest,2,sub-1024_task-sed_acq-rest_run-2_eeg.vhdr,posterior,18,0.012378925631377978,0.003267396065330687
1024,sed,sed,rest,2,sub-1024_task-sed_acq-rest_run-2_eeg.vhdr,centro_posterior,32,0.014161585400896562,0.004028640524125676
1024,sed,sed,rest,2,sub-1024_task-sed_acq-rest_run-2_eeg.vhdr,frontotemporal,30,0.010829552195034701,0.002399113877246922
1024,sed,sed,rest,3,sub-1024_task-sed_acq-rest_run-3_eeg.vhdr,all_eeg,62,0.008610207169753987,0.002597059786432111
1024,sed,sed,rest,3,sub-1024_task-sed_acq-rest_run-3_eeg.vhdr,posterior,18,0.009026093629373384,0.0019365417122679885
1024,sed,sed,rest,3,sub-1024_task-sed_acq-rest_run-3_eeg.vhdr,centro_posterior,32,0.010336194998169988,0.0028480253031273666
1024,sed,sed,rest,3,sub-1024_task-sed_acq-rest_run-3_eeg.vhdr,frontotemporal,30,0.007540748617309637,0.00244155624592066
1033,awake,awake,EC,0,sub-1033_task-awake_acq-EC_eeg.vhdr,all_eeg,62,0.023852502815042444,0.034413999300180825
1033,awake,awake,EC,0,sub-1033_task-awake_acq-EC_eeg.vhdr,posterior,18,0.0052883976687673325,0.008582482323135032
1033,awake,awake,EC,0,sub-1033_task-awake_acq-EC_eeg.vhdr,centro_posterior,32,0.016269665739806333,0.024085077153418958
1033,awake,awake,EC,0,sub-1033_task-awake_acq-EC_eeg.vhdr,frontotemporal,30,0.033942531313472496,0.04815807922499544
1033,sed2,sed2,rest,1,sub-1033_task-sed2_acq-rest_run-1_eeg.vhdr,all_eeg,62,0.005912168400972646,0.0027651238743010742
1033,sed2,sed2,rest,1,sub-1033_task-sed2_acq-rest_run-1_eeg.vhdr,posterior,18,0.006038137111877962,0.0028502360236481116
1033,sed2,sed2,rest,1,sub-1033_task-sed2_acq-rest_run-1_eeg.vhdr,centro_posterior,32,0.006659843987454358,0.003297179899578111
1033,sed2,sed2,rest,1,sub-1033_task-sed2_acq-rest_run-1_eeg.vhdr,frontotemporal,30,0.005608331753995457,0.0025489096208908602
1033,sed2,sed2,rest,2,sub-1033_task-sed2_acq-rest_run-2_eeg.vhdr,all_eeg,62,0.007374474644868426,0.0031907472453798335
1033,sed2,sed2,rest,2,sub-1033_task-sed2_acq-rest_run-2_eeg.vhdr,posterior,18,0.007728383398199908,0.002754005898663267
1033,sed2,sed2,rest,2,sub-1033_task-sed2_acq-rest_run-2_eeg.vhdr,centro_posterior,32,0.00822449363367568,0.0034959030208310538
1033,sed2,sed2,rest,2,sub-1033_task-sed2_acq-rest_run-2_eeg.vhdr,frontotemporal,30,0.006866095322792753,0.0030082396916732363
1033,sed2,sed2,rest,3,sub-1033_task-sed2_acq-rest_run-3_eeg.vhdr,all_eeg,62,0.004862058447087755,0.0022903214604113667
1033,sed2,sed2,rest,3,sub-1033_task-sed2_acq-rest_run-3_eeg.vhdr,posterior,18,0.004764663848688445,0.0021586297259577176
1033,sed2,sed2,rest,3,sub-1033_task-sed2_acq-rest_run-3_eeg.vhdr,centro_posterior,32,0.005794758727396108,0.0029868710740679877
1033,sed2,sed2,rest,3,sub-1033_task-sed2_acq-rest_run-3_eeg.vhdr,frontotemporal,30,0.004258519279946621,0.001839592557917833
1033,sed,sed,rest,1,sub-1033_task-sed_acq-rest_run-1_eeg.vhdr,all_eeg,62,0.04409476890181235,0.12558860099580027
1033,sed,sed,rest,1,sub-1033_task-sed_acq-rest_run-1_eeg.vhdr,posterior,18,0.00850008533109375,0.010937020095964483
1033,sed,sed,rest,1,sub-1033_task-sed_acq-rest_run-1_eeg.vhdr,centro_posterior,32,0.017522053852769816,0.04214384841495713
1033,sed,sed,rest,1,sub-1033_task-sed_acq-rest_run-1_eeg.vhdr,frontotemporal,30,0.05412764348051655,0.1570942538938758
1033,sed,sed,rest,2,sub-1033_task-sed_acq-rest_run-2_eeg.vhdr,all_eeg,62,0.009227937523956429,0.011498931832092484
1033,sed,sed,rest,2,sub-1033_task-sed_acq-rest_run-2_eeg.vhdr,posterior,18,0.0028326026328598253,0.0020626140346290196
1033,sed,sed,rest,2,sub-1033_task-sed_acq-rest_run-2_eeg.vhdr,centro_posterior,32,0.005659902784810369,0.006170870117918259
1033,sed,sed,rest,2,sub-1033_task-sed_acq-rest_run-2_eeg.vhdr,frontotemporal,30,0.010750482999435249,0.013772512906566376
1033,sed,sed,rest,3,sub-1033_task-sed_acq-rest_run-3_eeg.vhdr,all_eeg,62,0.006267627278269438,0.0029576082860268316
1033,sed,sed,rest,3,sub-1033_task-sed_acq-rest_run-3_eeg.vhdr,posterior,18,0.006315591350076857,0.002884942479115887
1033,sed,sed,rest,3,sub-1033_task-sed_acq-rest_run-3_eeg.vhdr,centro_posterior,32,0.006685629740675671,0.003366902130800641
1033,sed,sed,rest,3,sub-1033_task-sed_acq-rest_run-3_eeg.vhdr,frontotemporal,30,0.00597073337320738,0.002666899836145347
1036,awake,awake,EC,0,sub-1036_task-awake_acq-EC_eeg.vhdr,all_eeg,62,0.01435304711148715,0.013376406472695236
1036,awake,awake,EC,0,sub-1036_task-awake_acq-EC_eeg.vhdr,posterior,18,0.010591172805735013,0.004921029544638347
1036,awake,awake,EC,0,sub-1036_task-awake_acq-EC_eeg.vhdr,centro_posterior,32,0.012108961406039391,0.008610113660596282
1036,awake,awake,EC,0,sub-1036_task-awake_acq-EC_eeg.vhdr,frontotemporal,30,0.01706905643486039,0.019145034508675125
1036,sed2,sed2,rest,1,sub-1036_task-sed2_acq-rest_run-1_eeg.vhdr,all_eeg,62,0.004194349751309477,0.0038765728185654815
1036,sed2,sed2,rest,1,sub-1036_task-sed2_acq-rest_run-1_eeg.vhdr,posterior,18,0.0037610372567122474,0.0010206207620443253
1036,sed2,sed2,rest,1,sub-1036_task-sed2_acq-rest_run-1_eeg.vhdr,centro_posterior,32,0.005456348696727675,0.005978299560762183
1036,sed2,sed2,rest,1,sub-1036_task-sed2_acq-rest_run-1_eeg.vhdr,frontotemporal,30,0.003371036150775227,0.0025054304592636895
1036,sed,sed,rest,1,sub-1036_task-sed_acq-rest_run-1_eeg.vhdr,all_eeg,62,0.004374111836615896,0.0015750255004748832
1036,sed,sed,rest,1,sub-1036_task-sed_acq-rest_run-1_eeg.vhdr,posterior,18,0.0045298997968032,0.0009679415021979823
1036,sed,sed,rest,1,sub-1036_task-sed_acq-rest_run-1_eeg.vhdr,centro_posterior,32,0.005016818080479045,0.0018830250487272514
1036,sed,sed,rest,1,sub-1036_task-sed_acq-rest_run-1_eeg.vhdr,frontotemporal,30,0.0037093398657048137,0.001256451550577103
1036,sed,sed,rest,2,sub-1036_task-sed_acq-rest_run-2_eeg.vhdr,all_eeg,62,0.004576876489310272,0.0014831777543364913
1036,sed,sed,rest,2,sub-1036_task-sed_acq-rest_run-2_eeg.vhdr,posterior,18,0.0050553286432962145,0.001128622574108105
1036,sed,sed,rest,2,sub-1036_task-sed_acq-rest_run-2_eeg.vhdr,centro_posterior,32,0.005265088157982454,0.001664593319650397
1036,sed,sed,rest,2,sub-1036_task-sed_acq-rest_run-2_eeg.vhdr,frontotemporal,30,0.00395824601641999,0.0013201040924552114
1037,awake,awake,EC,0,sub-1037_task-awake_acq-EC_eeg.vhdr,all_eeg,62,0.01911238711158187,0.01534518809395558
1037,awake,awake,EC,0,sub-1037_task-awake_acq-EC_eeg.vhdr,posterior,18,0.01764085645350093,0.013965461409752805
1037,awake,awake,EC,0,sub-1037_task-awake_acq-EC_eeg.vhdr,centro_posterior,32,0.01805889895209152,0.013889962840894887
1037,awake,awake,EC,0,sub-1037_task-awake_acq-EC_eeg.vhdr,frontotemporal,30,0.022592335544296197,0.020152179793876276
1045,awake,awake,EC,0,sub-1045_task-awake_acq-EC_eeg.vhdr,all_eeg,62,0.014622044126986365,0.03760065003345491
1045,awake,awake,EC,0,sub-1045_task-awake_acq-EC_eeg.vhdr,posterior,18,0.004782522335774122,0.007365009721386947
1045,awake,awake,EC,0,sub-1045_task-awake_acq-EC_eeg.vhdr,centro_posterior,32,0.007865654453531377,0.014038403043485739
1045,awake,awake,EC,0,sub-1045_task-awake_acq-EC_eeg.vhdr,frontotemporal,30,0.019790721369264037,0.05562590548496624
1045,sed2,sed2,rest,1,sub-1045_task-sed2_acq-rest_run-1_eeg.vhdr,all_eeg,62,0.03193318591676376,0.1495718475740618
1045,sed2,sed2,rest,1,sub-1045_task-sed2_acq-rest_run-1_eeg.vhdr,posterior,18,0.015139984445854208,0.04789267752362098
1045,sed2,sed2,rest,1,sub-1045_task-sed2_acq-rest_run-1_eeg.vhdr,centro_posterior,32,0.023284592117664742,0.09371483303683753
1045,sed2,sed2,rest,1,sub-1045_task-sed2_acq-rest_run-1_eeg.vhdr,frontotemporal,30,0.037620601013277105,0.18630406498474306
1045,sed2,sed2,rest,2,sub-1045_task-sed2_acq-rest_run-2_eeg.vhdr,all_eeg,62,0.009232707356777748,0.011531904768301777
1045,sed2,sed2,rest,2,sub-1045_task-sed2_acq-rest_run-2_eeg.vhdr,posterior,18,0.006948734609284136,0.005233487174822439
1045,sed2,sed2,rest,2,sub-1045_task-sed2_acq-rest_run-2_eeg.vhdr,centro_posterior,32,0.008530317699801665,0.010448768461215403
1045,sed2,sed2,rest,2,sub-1045_task-sed2_acq-rest_run-2_eeg.vhdr,frontotemporal,30,0.010549985312231747,0.013563243877450016
1045,sed2,sed2,rest,3,sub-1045_task-sed2_acq-rest_run-3_eeg.vhdr,all_eeg,62,0.0030992083019372165,0.0030733113052061525
1045,sed2,sed2,rest,3,sub-1045_task-sed2_acq-rest_run-3_eeg.vhdr,posterior,18,0.002933115755292921,0.002977963636778902
1045,sed2,sed2,rest,3,sub-1045_task-sed2_acq-rest_run-3_eeg.vhdr,centro_posterior,32,0.003438124897805253,0.0043125613449746915
1045,sed2,sed2,rest,3,sub-1045_task-sed2_acq-rest_run-3_eeg.vhdr,frontotemporal,30,0.002884609213494408,0.002288628784110039
1045,sed,sed,rest,1,sub-1045_task-sed_acq-rest_run-1_eeg.vhdr,all_eeg,62,0.005404797855618161,0.002717359094183122
1045,sed,sed,rest,1,sub-1045_task-sed_acq-rest_run-1_eeg.vhdr,posterior,18,0.004977997181555991,0.0035406745933039743
1045,sed,sed,rest,1,sub-1045_task-sed_acq-rest_run-1_eeg.vhdr,centro_posterior,32,0.0059872513616995165,0.0032817489956002165
1045,sed,sed,rest,1,sub-1045_task-sed_acq-rest_run-1_eeg.vhdr,frontotemporal,30,0.004356101416487196,0.0017011858310507504
1045,sed,sed,rest,2,sub-1045_task-sed_acq-rest_run-2_eeg.vhdr,all_eeg,62,0.012732203521966965,0.026018362246835694
1045,sed,sed,rest,2,sub-1045_task-sed_acq-rest_run-2_eeg.vhdr,posterior,18,0.009436708944717879,0.006912100491208121
1045,sed,sed,rest,2,sub-1045_task-sed_acq-rest_run-2_eeg.vhdr,centro_posterior,32,0.010436104560527588,0.009949964458480115
1045,sed,sed,rest,2,sub-1045_task-sed_acq-rest_run-2_eeg.vhdr,frontotemporal,30,0.014017411535115678,0.0350124143076884
1045,sed,sed,rest,3,sub-1045_task-sed_acq-rest_run-3_eeg.vhdr,all_eeg,62,0.006709919824580628,0.0038404743012027424
1045,sed,sed,rest,3,sub-1045_task-sed_acq-rest_run-3_eeg.vhdr,posterior,18,0.0063968402743207415,0.003749413975499202
1045,sed,sed,rest,3,sub-1045_task-sed_acq-rest_run-3_eeg.vhdr,centro_posterior,32,0.006702948647330284,0.004312321574167585
1045,sed,sed,rest,3,sub-1045_task-sed_acq-rest_run-3_eeg.vhdr,frontotemporal,30,0.00671505459110218,0.003492925315787627
1046,awake,awake,EC,0,sub-1046_task-awake_acq-EC_eeg.vhdr,all_eeg,62,0.01115231263953594,0.009292009159552117
1046,awake,awake,EC,0,sub-1046_task-awake_acq-EC_eeg.vhdr,posterior,18,0.007343436795882981,0.0037307467778854722
1046,awake,awake,EC,0,sub-1046_task-awake_acq-EC_eeg.vhdr,centro_posterior,32,0.009620295590770595,0.00726470189501094
1046,awake,awake,EC,0,sub-1046_task-awake_acq-EC_eeg.vhdr,frontotemporal,30,0.012545712495963465,0.011135885279352943
1046,sed2,sed2,rest,1,sub-1046_task-sed2_acq-rest_run-1_eeg.vhdr,all_eeg,62,0.003563900231526733,0.004154319126195973
1046,sed2,sed2,rest,1,sub-1046_task-sed2_acq-rest_run-1_eeg.vhdr,posterior,18,0.0032873432553043977,0.0027565125530147503
1046,sed2,sed2,rest,1,sub-1046_task-sed2_acq-rest_run-1_eeg.vhdr,centro_posterior,32,0.003703386139012844,0.003503491851606373
1046,sed2,sed2,rest,1,sub-1046_task-sed2_acq-rest_run-1_eeg.vhdr,frontotemporal,30,0.0034617263635634624,0.004631052161233464
1046,sed2,sed2,rest,2,sub-1046_task-sed2_acq-rest_run-2_eeg.vhdr,all_eeg,62,0.004756750465464625,0.00502546070750867
1046,sed2,sed2,rest,2,sub-1046_task-sed2_acq-rest_run-2_eeg.vhdr,posterior,18,0.0034405312510061366,0.003635119013747312
1046,sed2,sed2,rest,2,sub-1046_task-sed2_acq-rest_run-2_eeg.vhdr,centro_posterior,32,0.0037107582510769723,0.0044116741596799385
1046,sed2,sed2,rest,2,sub-1046_task-sed2_acq-rest_run-2_eeg.vhdr,frontotemporal,30,0.005260086418276949,0.005320817434475919
1046,sed,sed,rest,1,sub-1046_task-sed_acq-rest_run-1_eeg.vhdr,all_eeg,62,0.003359305631288622,0.0021044230627032235
1046,sed,sed,rest,1,sub-1046_task-sed_acq-rest_run-1_eeg.vhdr,posterior,18,0.0035380277804485543,0.0023337937169628513
1046,sed,sed,rest,1,sub-1046_task-sed_acq-rest_run-1_eeg.vhdr,centro_posterior,32,0.003730338244759768,0.0022957391290128575
1046,sed,sed,rest,1,sub-1046_task-sed_acq-rest_run-1_eeg.vhdr,frontotemporal,30,0.0032381842406794953,0.0020419690703694935
1046,sed,sed,rest,2,sub-1046_task-sed_acq-rest_run-2_eeg.vhdr,all_eeg,62,0.01665399493817479,0.00893513753785526
1046,sed,sed,rest,2,sub-1046_task-sed_acq-rest_run-2_eeg.vhdr,posterior,18,0.025384036835755297,0.0074484234961001905
1046,sed,sed,rest,2,sub-1046_task-sed_acq-rest_run-2_eeg.vhdr,centro_posterior,32,0.018780335454760003,0.006290685553257731
1046,sed,sed,rest,2,sub-1046_task-sed_acq-rest_run-2_eeg.vhdr,frontotemporal,30,0.01538647789069034,0.01051150216317613
1054,awake,awake,EC,0,sub-1054_task-awake_acq-EC_eeg.vhdr,all_eeg,62,0.030600527007615244,0.07280381182250606
1054,awake,awake,EC,0,sub-1054_task-awake_acq-EC_eeg.vhdr,posterior,18,0.017561161540299127,0.022333071650092757
1054,awake,awake,EC,0,sub-1054_task-awake_acq-EC_eeg.vhdr,centro_posterior,32,0.019526035493441302,0.024034122644801596
1054,awake,awake,EC,0,sub-1054_task-awake_acq-EC_eeg.vhdr,frontotemporal,30,0.043886141683133185,0.13131081392102084
1054,sed2,sed2,rest,1,sub-1054_task-sed2_acq-rest_run-1_eeg.vhdr,all_eeg,62,0.004776007500536048,0.0012811703731324914
1054,sed2,sed2,rest,1,sub-1054_task-sed2_acq-rest_run-1_eeg.vhdr,posterior,18,0.003777546920251465,0.0015531807168902723
1054,sed2,sed2,rest,1,sub-1054_task-sed2_acq-rest_run-1_eeg.vhdr,centro_posterior,32,0.004723243918557039,0.0016134981048222653
1054,sed2,sed2,rest,1,sub-1054_task-sed2_acq-rest_run-1_eeg.vhdr,frontotemporal,30,0.004838767216128206,0.0008858826928431666
1054,sed2,sed2,rest,2,sub-1054_task-sed2_acq-rest_run-2_eeg.vhdr,all_eeg,62,0.00531823563684379,0.0018129981518631671
1054,sed2,sed2,rest,2,sub-1054_task-sed2_acq-rest_run-2_eeg.vhdr,posterior,18,0.0042965529405119334,0.0014990991228792713
1054,sed2,sed2,rest,2,sub-1054_task-sed2_acq-rest_run-2_eeg.vhdr,centro_posterior,32,0.005335067582277386,0.00199616089695106
1054,sed2,sed2,rest,2,sub-1054_task-sed2_acq-rest_run-2_eeg.vhdr,frontotemporal,30,0.005308323714060873,0.0017051380715664036
1054,sed,sed,rest,1,sub-1054_task-sed_acq-rest_run-1_eeg.vhdr,all_eeg,62,0.00446921903466629,0.0008869597887611394
1054,sed,sed,rest,1,sub-1054_task-sed_acq-rest_run-1_eeg.vhdr,posterior,18,0.003059122119602952,0.0010245380250164123
1054,sed,sed,rest,1,sub-1054_task-sed_acq-rest_run-1_eeg.vhdr,centro_posterior,32,0.003884561327248667,0.0012374642866059783
1054,sed,sed,rest,1,sub-1054_task-sed_acq-rest_run-1_eeg.vhdr,frontotemporal,30,0.004730759207932031,0.0007301654697370012
1054,sed,sed,rest,2,sub-1054_task-sed_acq-rest_run-2_eeg.vhdr,all_eeg,62,0.005489005615964218,0.003778242648468975
1054,sed,sed,rest,2,sub-1054_task-sed_acq-rest_run-2_eeg.vhdr,posterior,18,0.002987723582030684,0.0008596178998201228
1054,sed,sed,rest,2,sub-1054_task-sed_acq-rest_run-2_eeg.vhdr,centro_posterior,32,0.003800058736389051,0.0013130867176407016
1054,sed,sed,rest,2,sub-1054_task-sed_acq-rest_run-2_eeg.vhdr,frontotemporal,30,0.007677040864577868,0.0069718588214879905
1055,awake,awake,EC,0,sub-1055_task-awake_acq-EC_eeg.vhdr,all_eeg,62,0.007609509127239678,0.004382106389303279
1055,awake,awake,EC,0,sub-1055_task-awake_acq-EC_eeg.vhdr,posterior,18,0.009280500538370904,0.007674315280418172
1055,awake,awake,EC,0,sub-1055_task-awake_acq-EC_eeg.vhdr,centro_posterior,32,0.00882465487018625,0.005228186029638447
1055,awake,awake,EC,0,sub-1055_task-awake_acq-EC_eeg.vhdr,frontotemporal,30,0.006314258972866047,0.003480251783699237
1055,sed2,sed2,rest,1,sub-1055_task-sed2_acq-rest_run-1_eeg.vhdr,all_eeg,62,0.0010024191002541577,0.010560204355856327
1055,sed2,sed2,rest,1,sub-1055_task-sed2_acq-rest_run-1_eeg.vhdr,posterior,18,0.0011337882256106048,0.009880436796029643
1055,sed2,sed2,rest,1,sub-1055_task-sed2_acq-rest_run-1_eeg.vhdr,centro_posterior,32,0.0010317524344890666,0.010189927516694494
1055,sed2,sed2,rest,1,sub-1055_task-sed2_acq-rest_run-1_eeg.vhdr,frontotemporal,30,0.0009650381791169123,0.011032066477387156
1055,sed2,sed2,rest,2,sub-1055_task-sed2_acq-rest_run-2_eeg.vhdr,all_eeg,62,0.0007094032373230537,0.012792072086321035
1055,sed2,sed2,rest,2,sub-1055_task-sed2_acq-rest_run-2_eeg.vhdr,posterior,18,0.000774147603609871,0.013052796673971063
1055,sed2,sed2,rest,2,sub-1055_task-sed2_acq-rest_run-2_eeg.vhdr,centro_posterior,32,0.0007108333194521847,0.012480962218481722
1055,sed2,sed2,rest,2,sub-1055_task-sed2_acq-rest_run-2_eeg.vhdr,frontotemporal,30,0.0007077934448897477,0.013142277365425498
1055,sed,sed,rest,1,sub-1055_task-sed_acq-rest_run-1_eeg.vhdr,all_eeg,62,0.0010607560819451158,0.012693494228467234
1055,sed,sed,rest,1,sub-1055_task-sed_acq-rest_run-1_eeg.vhdr,posterior,18,0.0008872245484951892,0.012883292575860522
1055,sed,sed,rest,1,sub-1055_task-sed_acq-rest_run-1_eeg.vhdr,centro_posterior,32,0.0008862847842030887,0.012898210083235741
1055,sed,sed,rest,1,sub-1055_task-sed_acq-rest_run-1_eeg.vhdr,frontotemporal,30,0.0011546812304668265,0.012583287178294942
1055,sed,sed,rest,2,sub-1055_task-sed_acq-rest_run-2_eeg.vhdr,all_eeg,62,0.000636934093300268,0.010792855321814183
1055,sed,sed,rest,2,sub-1055_task-sed_acq-rest_run-2_eeg.vhdr,posterior,18,0.0007341098563379699,0.011348240958313766
1055,sed,sed,rest,2,sub-1055_task-sed_acq-rest_run-2_eeg.vhdr,centro_posterior,32,0.0006611032938067448,0.01080758241965963
1055,sed,sed,rest,2,sub-1055_task-sed_acq-rest_run-2_eeg.vhdr,frontotemporal,30,0.0006105059854803943,0.01077675179660122
1057,awake,awake,EC,0,sub-1057_task-awake_acq-EC_eeg.vhdr,all_eeg,62,0.0056465561026816675,0.0057754835102074445
1057,awake,awake,EC,0,sub-1057_task-awake_acq-EC_eeg.vhdr,posterior,18,0.002847322127156059,0.0023967517468450033
1057,awake,awake,EC,0,sub-1057_task-awake_acq-EC_eeg.vhdr,centro_posterior,32,0.0035531494025539405,0.0033195041786303
1057,awake,awake,EC,0,sub-1057_task-awake_acq-EC_eeg.vhdr,frontotemporal,30,0.013932373157900833,0.01549638267022545
1057,sed2,sed2,rest,1,sub-1057_task-sed2_acq-rest_run-1_eeg.vhdr,all_eeg,62,0.0030827694004386483,0.0016912331111524808
1057,sed2,sed2,rest,1,sub-1057_task-sed2_acq-rest_run-1_eeg.vhdr,posterior,18,0.0024690365929305115,0.0010216970634874813
1057,sed2,sed2,rest,1,sub-1057_task-sed2_acq-rest_run-1_eeg.vhdr,centro_posterior,32,0.003140288277945654,0.0013889643556176908
1057,sed2,sed2,rest,1,sub-1057_task-sed2_acq-rest_run-1_eeg.vhdr,frontotemporal,30,0.003036727558600773,0.0019331886366783175
1057,sed2,sed2,rest,2,sub-1057_task-sed2_acq-rest_run-2_eeg.vhdr,all_eeg,62,0.00727121383680063,0.007840049727714437
1057,sed2,sed2,rest,2,sub-1057_task-sed2_acq-rest_run-2_eeg.vhdr,posterior,18,0.006171294402719587,0.005947990006819437
1057,sed2,sed2,rest,2,sub-1057_task-sed2_acq-rest_run-2_eeg.vhdr,centro_posterior,32,0.006943851169498658,0.00677590039459205
1057,sed2,sed2,rest,2,sub-1057_task-sed2_acq-rest_run-2_eeg.vhdr,frontotemporal,30,0.007614170757596483,0.008954890896264554
1057,sed2,sed2,rest,3,sub-1057_task-sed2_acq-rest_run-3_eeg.vhdr,all_eeg,62,0.0029319647366991526,0.006047877109888585
1057,sed2,sed2,rest,3,sub-1057_task-sed2_acq-rest_run-3_eeg.vhdr,posterior,18,0.002893091705131352,0.004666365320279792
1057,sed2,sed2,rest,3,sub-1057_task-sed2_acq-rest_run-3_eeg.vhdr,centro_posterior,32,0.0032714580995383997,0.006065680367721897
1057,sed2,sed2,rest,3,sub-1057_task-sed2_acq-rest_run-3_eeg.vhdr,frontotemporal,30,0.002646384201163838,0.0060329010765906455
1057,sed,sed,rest,1,sub-1057_task-sed_acq-rest_run-1_eeg.vhdr,all_eeg,62,0.003819241982604152,0.0009788808903305579
1057,sed,sed,rest,1,sub-1057_task-sed_acq-rest_run-1_eeg.vhdr,posterior,18,0.003019385900234257,0.0008486903036974526
1057,sed,sed,rest,1,sub-1057_task-sed_acq-rest_run-1_eeg.vhdr,centro_posterior,32,0.004162967891073761,0.0010739528213475806
1057,sed,sed,rest,1,sub-1057_task-sed_acq-rest_run-1_eeg.vhdr,frontotemporal,30,0.003485531671104758,0.0008865791960655045
1057,sed,sed,rest,2,sub-1057_task-sed_acq-rest_run-2_eeg.vhdr,all_eeg,62,0.005235099116715985,0.0041009113951592
1057,sed,sed,rest,2,sub-1057_task-sed_acq-rest_run-2_eeg.vhdr,posterior,18,0.004742853756966248,0.0030844342512866742
1057,sed,sed,rest,2,sub-1057_task-sed_acq-rest_run-2_eeg.vhdr,centro_posterior,32,0.005349920434208177,0.0034116772965714372
1057,sed,sed,rest,2,sub-1057_task-sed_acq-rest_run-2_eeg.vhdr,frontotemporal,30,0.005082437837071446,0.005017286174365297
1057,sed,sed,rest,3,sub-1057_task-sed_acq-rest_run-3_eeg.vhdr,all_eeg,62,0.0038090353902297995,0.004950993312287819
1057,sed,sed,rest,3,sub-1057_task-sed_acq-rest_run-3_eeg.vhdr,posterior,18,0.0032852902239287546,0.0038374389467993888
1057,sed,sed,rest,3,sub-1057_task-sed_acq-rest_run-3_eeg.vhdr,centro_posterior,32,0.004061187539547805,0.004495412167481687
1057,sed,sed,rest,3,sub-1057_task-sed_acq-rest_run-3_eeg.vhdr,frontotemporal,30,0.00362031152550438,0.005291974083526101
1060,awake,awake,EC,0,sub-1060_task-awake_acq-EC_eeg.vhdr,all_eeg,62,0.0803588317190296,0.17873279159344485
1060,awake,awake,EC,0,sub-1060_task-awake_acq-EC_eeg.vhdr,posterior,18,0.030545083726580567,0.0492968559048933
1060,awake,awake,EC,0,sub-1060_task-awake_acq-EC_eeg.vhdr,centro_posterior,32,0.07071903042745617,0.14883134329229086
1060,awake,awake,EC,0,sub-1060_task-awake_acq-EC_eeg.vhdr,frontotemporal,30,0.08381186142453165,0.18944365441088434
1060,sed2,sed2,rest,1,sub-1060_task-sed2_acq-rest_run-1_eeg.vhdr,all_eeg,62,0.0025981869339316123,0.005475122575583352
1060,sed2,sed2,rest,1,sub-1060_task-sed2_acq-rest_run-1_eeg.vhdr,posterior,18,0.002264335683568204,0.008885119536445722
1060,sed2,sed2,rest,1,sub-1060_task-sed2_acq-rest_run-1_eeg.vhdr,centro_posterior,32,0.0029726230746513586,0.009760933992022382
1060,sed2,sed2,rest,1,sub-1060_task-sed2_acq-rest_run-1_eeg.vhdr,frontotemporal,30,0.0023202524413408927,0.0022938729796501086
1060,sed2,sed2,rest,2,sub-1060_task-sed2_acq-rest_run-2_eeg.vhdr,all_eeg,62,0.004892452620480273,0.081618078948096
1060,sed2,sed2,rest,2,sub-1060_task-sed2_acq-rest_run-2_eeg.vhdr,posterior,18,0.0031404427345610646,0.10281675065480284
1060,sed2,sed2,rest,2,sub-1060_task-sed2_acq-rest_run-2_eeg.vhdr,centro_posterior,32,0.0036159837728789563,0.12305108326193195
1060,sed2,sed2,rest,2,sub-1060_task-sed2_acq-rest_run-2_eeg.vhdr,frontotemporal,30,0.006000358722708494,0.04565646625444696
1060,sed2,sed2,rest,3,sub-1060_task-sed2_acq-rest_run-3_eeg.vhdr,all_eeg,62,0.002418806216457606,0.11280045851381554
1060,sed2,sed2,rest,3,sub-1060_task-sed2_acq-rest_run-3_eeg.vhdr,posterior,18,0.0022673417515159796,0.09397076098013832
1060,sed2,sed2,rest,3,sub-1060_task-sed2_acq-rest_run-3_eeg.vhdr,centro_posterior,32,0.002430699726961844,0.11255370083796293
1060,sed2,sed2,rest,3,sub-1060_task-sed2_acq-rest_run-3_eeg.vhdr,frontotemporal,30,0.0024115809967817413,0.11295036197706171
1060,sed,sed,rest,1,sub-1060_task-sed_acq-rest_run-1_eeg.vhdr,all_eeg,62,0.0033837497397042047,0.004014187348967817
1060,sed,sed,rest,1,sub-1060_task-sed_acq-rest_run-1_eeg.vhdr,posterior,18,0.0032074786735717528,0.0030212169266305993
1060,sed,sed,rest,1,sub-1060_task-sed_acq-rest_run-1_eeg.vhdr,centro_posterior,32,0.003957688944917796,0.004513943824585428
1060,sed,sed,rest,1,sub-1060_task-sed_acq-rest_run-1_eeg.vhdr,frontotemporal,30,0.0029351422424259963,0.0036235632205952675
1060,sed,sed,rest,2,sub-1060_task-sed_acq-rest_run-2_eeg.vhdr,all_eeg,62,0.0045927348391854176,0.005908502381265431
1060,sed,sed,rest,2,sub-1060_task-sed_acq-rest_run-2_eeg.vhdr,posterior,18,0.004295652394746032,0.004370640688712142
1060,sed,sed,rest,2,sub-1060_task-sed_acq-rest_run-2_eeg.vhdr,centro_posterior,32,0.004463920755279822,0.009799115582103746
1060,sed,sed,rest,2,sub-1060_task-sed_acq-rest_run-2_eeg.vhdr,frontotemporal,30,0.004663256316136431,0.0037785195342864134
1060,sed,sed,rest,3,sub-1060_task-sed_acq-rest_run-3_eeg.vhdr,all_eeg,62,0.0029044779728572717,0.11374616255411735
1060,sed,sed,rest,3,sub-1060_task-sed_acq-rest_run-3_eeg.vhdr,posterior,18,0.0022195394833359433,0.12776225863593219
1060,sed,sed,rest,3,sub-1060_task-sed_acq-rest_run-3_eeg.vhdr,centro_posterior,32,0.0027651500295286795,0.11989549615202229
1060,sed,sed,rest,3,sub-1060_task-sed_acq-rest_run-3_eeg.vhdr,frontotemporal,30,0.003073895437770276,0.10626880744377579
1061,awake,awake,EC,0,sub-1061_task-awake_acq-EC_eeg.vhdr,all_eeg,62,0.024311554976521488,0.08413813606470966
1061,awake,awake,EC,0,sub-1061_task-awake_acq-EC_eeg.vhdr,posterior,18,0.006030789497112258,0.01081116076055935
1061,awake,awake,EC,0,sub-1061_task-awake_acq-EC_eeg.vhdr,centro_posterior,32,0.010046631692501185,0.02406747556871613
1061,awake,awake,EC,0,sub-1061_task-awake_acq-EC_eeg.vhdr,frontotemporal,30,0.030668920320980845,0.11090947774334389
1061,sed2,sed2,rest,1,sub-1061_task-sed2_acq-rest_run-1_eeg.vhdr,all_eeg,62,0.005774459898745732,0.051408526042366454
1061,sed2,sed2,rest,1,sub-1061_task-sed2_acq-rest_run-1_eeg.vhdr,posterior,18,0.004471370156536256,0.022405000441459075
1061,sed2,sed2,rest,1,sub-1061_task-sed2_acq-rest_run-1_eeg.vhdr,centro_posterior,32,0.005988914801591904,0.08956342835901875
1061,sed2,sed2,rest,1,sub-1061_task-sed2_acq-rest_run-1_eeg.vhdr,frontotemporal,30,0.005561752539628535,0.013564539258015335
1061,sed2,sed2,rest,2,sub-1061_task-sed2_acq-rest_run-2_eeg.vhdr,all_eeg,62,0.003735015167657426,0.007295746687372049
1061,sed2,sed2,rest,2,sub-1061_task-sed2_acq-rest_run-2_eeg.vhdr,posterior,18,0.0033618779569360847,0.0074284684737325225
1061,sed2,sed2,rest,2,sub-1061_task-sed2_acq-rest_run-2_eeg.vhdr,centro_posterior,32,0.004412190941080343,0.007368170150128021
1061,sed2,sed2,rest,2,sub-1061_task-sed2_acq-rest_run-2_eeg.vhdr,frontotemporal,30,0.0032751771482408313,0.007246567341358738
1061,sed2,sed2,rest,3,sub-1061_task-sed2_acq-rest_run-3_eeg.vhdr,all_eeg,62,0.005429276271422854,0.011362439911007922
1061,sed2,sed2,rest,3,sub-1061_task-sed2_acq-rest_run-3_eeg.vhdr,posterior,18,0.00466398966530621,0.005381012456292625
1061,sed2,sed2,rest,3,sub-1061_task-sed2_acq-rest_run-3_eeg.vhdr,centro_posterior,32,0.005396733640081578,0.006768137086153953
1061,sed2,sed2,rest,3,sub-1061_task-sed2_acq-rest_run-3_eeg.vhdr,frontotemporal,30,0.00545266368531765,0.014664227667384165
1061,sed,sed,rest,1,sub-1061_task-sed_acq-rest_run-1_eeg.vhdr,all_eeg,62,0.003752299511416792,0.007985109423599257
1061,sed,sed,rest,1,sub-1061_task-sed_acq-rest_run-1_eeg.vhdr,posterior,18,0.0035241946509911573,0.00260762578537415
1061,sed,sed,rest,1,sub-1061_task-sed_acq-rest_run-1_eeg.vhdr,centro_posterior,32,0.003786480129850763,0.0044906306233706535
1061,sed,sed,rest,1,sub-1061_task-sed_acq-rest_run-1_eeg.vhdr,frontotemporal,30,0.0037159144699303774,0.01170495891565345
1061,sed,sed,rest,2,sub-1061_task-sed_acq-rest_run-2_eeg.vhdr,all_eeg,62,0.0035976711550117497,0.013750001816170289
1061,sed,sed,rest,2,sub-1061_task-sed_acq-rest_run-2_eeg.vhdr,posterior,18,0.0030272955393687998,0.0034528407471347087
1061,sed,sed,rest,2,sub-1061_task-sed_acq-rest_run-2_eeg.vhdr,centro_posterior,32,0.0037655797354464965,0.003490112966244181
1061,sed,sed,rest,2,sub-1061_task-sed_acq-rest_run-2_eeg.vhdr,frontotemporal,30,0.0034976219802777594,0.01986340834750903
1061,sed,sed,rest,3,sub-1061_task-sed_acq-rest_run-3_eeg.vhdr,all_eeg,62,0.006715641337568191,0.014714268686640747
1061,sed,sed,rest,3,sub-1061_task-sed_acq-rest_run-3_eeg.vhdr,posterior,18,0.006074805835987482,0.010532998614136318
1061,sed,sed,rest,3,sub-1061_task-sed_acq-rest_run-3_eeg.vhdr,centro_posterior,32,0.007249003118537659,0.010179082379803748
1061,sed,sed,rest,3,sub-1061_task-sed_acq-rest_run-3_eeg.vhdr,frontotemporal,30,0.006090163379951387,0.020032720757683392
1062,awake,awake,EC,0,sub-1062_task-awake_acq-EC_eeg.vhdr,all_eeg,62,0.00319342316952853,0.008269542021072714
1062,awake,awake,EC,0,sub-1062_task-awake_acq-EC_eeg.vhdr,posterior,18,0.0010681239865222975,0.0012962316570349363
1062,awake,awake,EC,0,sub-1062_task-awake_acq-EC_eeg.vhdr,centro_posterior,32,0.00116617377572787,0.002008707838538233
1062,awake,awake,EC,0,sub-1062_task-awake_acq-EC_eeg.vhdr,frontotemporal,30,0.005362808759405395,0.014969341018538501
1062,sed2,sed2,rest,1,sub-1062_task-sed2_acq-rest_run-1_eeg.vhdr,all_eeg,62,0.0031047565832925538,0.009595776597667673
1062,sed2,sed2,rest,1,sub-1062_task-sed2_acq-rest_run-1_eeg.vhdr,posterior,18,0.003078546585290158,0.005707055932292734
1062,sed2,sed2,rest,1,sub-1062_task-sed2_acq-rest_run-1_eeg.vhdr,centro_posterior,32,0.00237304229269647,0.007247932447692918
1062,sed2,sed2,rest,1,sub-1062_task-sed2_acq-rest_run-1_eeg.vhdr,frontotemporal,30,0.003572799552211099,0.011097581278312932
1062,sed2,sed2,rest,2,sub-1062_task-sed2_acq-rest_run-2_eeg.vhdr,all_eeg,62,0.0019434755552317344,0.017347900339297923
1062,sed2,sed2,rest,2,sub-1062_task-sed2_acq-rest_run-2_eeg.vhdr,posterior,18,0.0014329226250291314,0.040716321971634724
1062,sed2,sed2,rest,2,sub-1062_task-sed2_acq-rest_run-2_eeg.vhdr,centro_posterior,32,0.0014914936475566578,0.022990193364117718
1062,sed2,sed2,rest,2,sub-1062_task-sed2_acq-rest_run-2_eeg.vhdr,frontotemporal,30,0.0023626314484651912,0.012115389186653721
1062,sed2,sed2,rest,3,sub-1062_task-sed2_acq-rest_run-3_eeg.vhdr,all_eeg,62,0.00188501808633473,0.009406616541304954
1062,sed2,sed2,rest,3,sub-1062_task-sed2_acq-rest_run-3_eeg.vhdr,posterior,18,0.0018686445830586925,0.010485965882139915
1062,sed2,sed2,rest,3,sub-1062_task-sed2_acq-rest_run-3_eeg.vhdr,centro_posterior,32,0.0017948191660570518,0.010463898642586174
1062,sed2,sed2,rest,3,sub-1062_task-sed2_acq-rest_run-3_eeg.vhdr,frontotemporal,30,0.0019560697815673997,0.008573771919618486
1062,sed,sed,rest,1,sub-1062_task-sed_acq-rest_run-1_eeg.vhdr,all_eeg,62,0.0057403916887651145,0.006830775382699246
1062,sed,sed,rest,1,sub-1062_task-sed_acq-rest_run-1_eeg.vhdr,posterior,18,0.0053355082318458395,0.005726369563606973
1062,sed,sed,rest,1,sub-1062_task-sed_acq-rest_run-1_eeg.vhdr,centro_posterior,32,0.005822636128426109,0.00510261273083458
1062,sed,sed,rest,1,sub-1062_task-sed_acq-rest_run-1_eeg.vhdr,frontotemporal,30,0.005666252768610771,0.008388620671553196
1062,sed,sed,rest,2,sub-1062_task-sed_acq-rest_run-2_eeg.vhdr,all_eeg,62,0.002273497487057956,0.013416133783196097
1062,sed,sed,rest,2,sub-1062_task-sed_acq-rest_run-2_eeg.vhdr,posterior,18,0.0017555169809974442,0.02268847640960241
1062,sed,sed,rest,2,sub-1062_task-sed_acq-rest_run-2_eeg.vhdr,centro_posterior,32,0.0017082055460091571,0.014744911705207522
1062,sed,sed,rest,2,sub-1062_task-sed_acq-rest_run-2_eeg.vhdr,frontotemporal,30,0.0037967397557752062,0.009835593270287293
1062,sed,sed,rest,3,sub-1062_task-sed_acq-rest_run-3_eeg.vhdr,all_eeg,62,0.0020235183223708277,0.006687996134366348
1062,sed,sed,rest,3,sub-1062_task-sed_acq-rest_run-3_eeg.vhdr,posterior,18,0.0018584222965199557,0.00908301929993284
1062,sed,sed,rest,3,sub-1062_task-sed_acq-rest_run-3_eeg.vhdr,centro_posterior,32,0.0018433857252604434,0.007340033785371623
1062,sed,sed,rest,3,sub-1062_task-sed_acq-rest_run-3_eeg.vhdr,frontotemporal,30,0.002201713736507451,0.006042970630279728
1064,awake,awake,EC,0,sub-1064_task-awake_acq-EC_eeg.vhdr,all_eeg,62,0.02633358305052601,0.05675077629602358
1064,awake,awake,EC,0,sub-1064_task-awake_acq-EC_eeg.vhdr,posterior,18,0.02958583811260789,0.03344705462359768
1064,awake,awake,EC,0,sub-1064_task-awake_acq-EC_eeg.vhdr,centro_posterior,32,0.0253641477371065,0.03277510011798083
1064,awake,awake,EC,0,sub-1064_task-awake_acq-EC_eeg.vhdr,frontotemporal,30,0.027091279020319912,0.07548980195530999
1064,sed2,sed2,rest,1,sub-1064_task-sed2_acq-rest_run-1_eeg.vhdr,all_eeg,62,0.00045702851278188244,0.0014760882675430849
1064,sed2,sed2,rest,1,sub-1064_task-sed2_acq-rest_run-1_eeg.vhdr,posterior,18,0.00038998010863204623,0.0015184365969121468
1064,sed2,sed2,rest,1,sub-1064_task-sed2_acq-rest_run-1_eeg.vhdr,centro_posterior,32,0.0003674866470756798,0.0014796314955655488
1064,sed2,sed2,rest,1,sub-1064_task-sed2_acq-rest_run-1_eeg.vhdr,frontotemporal,30,0.0005266138519580209,0.001473334731844706
1064,sed2,sed2,rest,2,sub-1064_task-sed2_acq-rest_run-2_eeg.vhdr,all_eeg,62,0.0001601867087497432,0.00015379158296536128
1064,sed2,sed2,rest,2,sub-1064_task-sed2_acq-rest_run-2_eeg.vhdr,posterior,18,0.0001756142259756046,0.0002015842716336979
1064,sed2,sed2,rest,2,sub-1064_task-sed2_acq-rest_run-2_eeg.vhdr,centro_posterior,32,0.00016143659576287297,0.00016809184272982173
1064,sed2,sed2,rest,2,sub-1064_task-sed2_acq-rest_run-2_eeg.vhdr,frontotemporal,30,0.00015902778992992194,0.00014053211231299594
1064,sed2,sed2,rest,3,sub-1064_task-sed2_acq-rest_run-3_eeg.vhdr,all_eeg,62,0.0008863115322795581,0.022757155298717104
1064,sed2,sed2,rest,3,sub-1064_task-sed2_acq-rest_run-3_eeg.vhdr,posterior,18,0.0007578506772263885,0.029925209752172978
1064,sed2,sed2,rest,3,sub-1064_task-sed2_acq-rest_run-3_eeg.vhdr,centro_posterior,32,0.0008901589075846697,0.028737571196772685
1064,sed2,sed2,rest,3,sub-1064_task-sed2_acq-rest_run-3_eeg.vhdr,frontotemporal,30,0.0008835770592841996,0.018506650869757942
1064,sed,sed,rest,1,sub-1064_task-sed_acq-rest_run-1_eeg.vhdr,all_eeg,62,0.0022522517704833844,0.0022985940359020376
1064,sed,sed,rest,1,sub-1064_task-sed_acq-rest_run-1_eeg.vhdr,posterior,18,0.000823747273733967,0.0020157185453489853
1064,sed,sed,rest,1,sub-1064_task-sed_acq-rest_run-1_eeg.vhdr,centro_posterior,32,0.0018711516356446146,0.0024187273914538514
1064,sed,sed,rest,1,sub-1064_task-sed_acq-rest_run-1_eeg.vhdr,frontotemporal,30,0.0026214845266712603,0.002182201607966373
1064,sed,sed,rest,2,sub-1064_task-sed_acq-rest_run-2_eeg.vhdr,all_eeg,62,0.0027239196274032717,0.001913962279856692
1064,sed,sed,rest,2,sub-1064_task-sed_acq-rest_run-2_eeg.vhdr,posterior,18,0.0016762150574722028,0.001683327883588524
1064,sed,sed,rest,2,sub-1064_task-sed_acq-rest_run-2_eeg.vhdr,centro_posterior,32,0.0022764359563490753,0.00187318578880432
1064,sed,sed,rest,2,sub-1064_task-sed_acq-rest_run-2_eeg.vhdr,frontotemporal,30,0.0030975424760732034,0.0019480082791439057
1064,sed,sed,rest,3,sub-1064_task-sed_acq-rest_run-3_eeg.vhdr,all_eeg,62,0.002198004368801817,0.03814147811935695
1064,sed,sed,rest,3,sub-1064_task-sed_acq-rest_run-3_eeg.vhdr,posterior,18,0.0009797013168069688,0.05422562730226652
1064,sed,sed,rest,3,sub-1064_task-sed_acq-rest_run-3_eeg.vhdr,centro_posterior,32,0.0018879962536780487,0.04595988265349982
1064,sed,sed,rest,3,sub-1064_task-sed_acq-rest_run-3_eeg.vhdr,frontotemporal,30,0.0028920229851441205,0.020638328904621507
1067,awake,awake,EC,0,sub-1067_task-awake_acq-EC_eeg.vhdr,all_eeg,62,0.004968029108914044,0.006626050356224291
1067,awake,awake,EC,0,sub-1067_task-awake_acq-EC_eeg.vhdr,posterior,18,0.005901981880775533,0.008278212696447266
1067,awake,awake,EC,0,sub-1067_task-awake_acq-EC_eeg.vhdr,centro_posterior,32,0.006006209000856848,0.00784088771666204
1067,awake,awake,EC,0,sub-1067_task-awake_acq-EC_eeg.vhdr,frontotemporal,30,0.004536104888795572,0.006120629587097348
1067,sed2,sed2,rest,1,sub-1067_task-sed2_acq-rest_run-1_eeg.vhdr,all_eeg,62,0.0022198213372102626,0.02203784405266887
1067,sed2,sed2,rest,1,sub-1067_task-sed2_acq-rest_run-1_eeg.vhdr,posterior,18,0.0015116660081868506,0.03962183049895965
1067,sed2,sed2,rest,1,sub-1067_task-sed2_acq-rest_run-1_eeg.vhdr,centro_posterior,32,0.0017184339295608154,0.03411490875190575
1067,sed2,sed2,rest,1,sub-1067_task-sed2_acq-rest_run-1_eeg.vhdr,frontotemporal,30,0.002928272352384493,0.004973177856502055
1067,sed2,sed2,rest,2,sub-1067_task-sed2_acq-rest_run-2_eeg.vhdr,all_eeg,62,0.0013253360036629296,0.019507110969105707
1067,sed2,sed2,rest,2,sub-1067_task-sed2_acq-rest_run-2_eeg.vhdr,posterior,18,0.000978279711053913,0.03546105138443311
1067,sed2,sed2,rest,2,sub-1067_task-sed2_acq-rest_run-2_eeg.vhdr,centro_posterior,32,0.0010424263802113287,0.027494615552961555
1067,sed2,sed2,rest,2,sub-1067_task-sed2_acq-rest_run-2_eeg.vhdr,frontotemporal,30,0.001605948487360481,0.011584462483431946
1067,sed2,sed2,rest,3,sub-1067_task-sed2_acq-rest_run-3_eeg.vhdr,all_eeg,62,0.000990293341274222,0.05823100036365942
1067,sed2,sed2,rest,3,sub-1067_task-sed2_acq-rest_run-3_eeg.vhdr,posterior,18,0.0008519079030890894,0.1547624078663378
1067,sed2,sed2,rest,3,sub-1067_task-sed2_acq-rest_run-3_eeg.vhdr,centro_posterior,32,0.0009828391683150564,0.1248111585706885
1067,sed2,sed2,rest,3,sub-1067_task-sed2_acq-rest_run-3_eeg.vhdr,frontotemporal,30,0.0009955704958322196,0.011095820206295294
1067,sed,sed,rest,1,sub-1067_task-sed_acq-rest_run-1_eeg.vhdr,all_eeg,62,0.003222619092911268,0.05578929719246234
1067,sed,sed,rest,1,sub-1067_task-sed_acq-rest_run-1_eeg.vhdr,posterior,18,0.004192228491814851,0.05884544196659971
1067,sed,sed,rest,1,sub-1067_task-sed_acq-rest_run-1_eeg.vhdr,centro_posterior,32,0.003204871271788332,0.04384003152985718
1067,sed,sed,rest,1,sub-1067_task-sed_acq-rest_run-1_eeg.vhdr,frontotemporal,30,0.0032365678710371596,0.06518074047671148
1067,sed,sed,rest,2,sub-1067_task-sed_acq-rest_run-2_eeg.vhdr,all_eeg,62,0.002303108140367032,0.06092303098688212
1067,sed,sed,rest,2,sub-1067_task-sed_acq-rest_run-2_eeg.vhdr,posterior,18,0.0009516995484003273,0.09240622111311136
1067,sed,sed,rest,2,sub-1067_task-sed_acq-rest_run-2_eeg.vhdr,centro_posterior,32,0.0013882303443276628,0.08170865371630467
1067,sed,sed,rest,2,sub-1067_task-sed_acq-rest_run-2_eeg.vhdr,frontotemporal,30,0.003978799908541987,0.022852048113684388
1067,sed,sed,rest,3,sub-1067_task-sed_acq-rest_run-3_eeg.vhdr,all_eeg,62,0.004547560179939316,0.08481238346210199
1067,sed,sed,rest,3,sub-1067_task-sed_acq-rest_run-3_eeg.vhdr,posterior,18,0.002971417552297935,0.16245167943283892
1067,sed,sed,rest,3,sub-1067_task-sed_acq-rest_run-3_eeg.vhdr,centro_posterior,32,0.003324494285142075,0.15291739975763163
1067,sed,sed,rest,3,sub-1067_task-sed_acq-rest_run-3_eeg.vhdr,frontotemporal,30,0.005830862187623755,0.0133531885673548
1068,awake,awake,EC,0,sub-1068_task-awake_acq-EC_eeg.vhdr,all_eeg,62,0.025160022813562312,0.05446964545112742
1068,awake,awake,EC,0,sub-1068_task-awake_acq-EC_eeg.vhdr,posterior,18,0.03169411114230125,0.08546304129013531
1068,awake,awake,EC,0,sub-1068_task-awake_acq-EC_eeg.vhdr,centro_posterior,32,0.029434453191329944,0.07843742162429021
1068,awake,awake,EC,0,sub-1068_task-awake_acq-EC_eeg.vhdr,frontotemporal,30,0.021671272002712624,0.034907366698547576
1068,sed2,sed2,rest,1,sub-1068_task-sed2_acq-rest_run-1_eeg.vhdr,all_eeg,62,0.009821655574122335,0.019233391017635743
1068,sed2,sed2,rest,1,sub-1068_task-sed2_acq-rest_run-1_eeg.vhdr,posterior,18,0.0038836158642253818,0.013293317651955586
1068,sed2,sed2,rest,1,sub-1068_task-sed2_acq-rest_run-1_eeg.vhdr,centro_posterior,32,0.003971680497532978,0.014410024334265447
1068,sed2,sed2,rest,1,sub-1068_task-sed2_acq-rest_run-1_eeg.vhdr,frontotemporal,30,0.014319660609650531,0.022942044019734934
1068,sed,sed,rest,1,sub-1068_task-sed_acq-rest_run-1_eeg.vhdr,all_eeg,62,0.0013589169001721397,0.05301149532694812
1068,sed,sed,rest,1,sub-1068_task-sed_acq-rest_run-1_eeg.vhdr,posterior,18,0.0017031765022940584,0.044015741650149445
1068,sed,sed,rest,1,sub-1068_task-sed_acq-rest_run-1_eeg.vhdr,centro_posterior,32,0.0014517177757286,0.04704433355221688
1068,sed,sed,rest,1,sub-1068_task-sed_acq-rest_run-1_eeg.vhdr,frontotemporal,30,0.0012794508567665725,0.05812121798587215
1068,sed,sed,rest,2,sub-1068_task-sed_acq-rest_run-2_eeg.vhdr,all_eeg,62,0.0038036130090770143,0.0021004856788499754
1068,sed,sed,rest,2,sub-1068_task-sed_acq-rest_run-2_eeg.vhdr,posterior,18,0.0026069397081680506,0.0013809720388951187
1068,sed,sed,rest,2,sub-1068_task-sed_acq-rest_run-2_eeg.vhdr,centro_posterior,32,0.00285123179263712,0.0016804041317874609
1068,sed,sed,rest,2,sub-1068_task-sed_acq-rest_run-2_eeg.vhdr,frontotemporal,30,0.004458636942151392,0.002389407239270338
1071,awake,awake,EC,0,sub-1071_task-awake_acq-EC_eeg.vhdr,all_eeg,62,0.03725345919902824,0.11971704131926023
1071,awake,awake,EC,0,sub-1071_task-awake_acq-EC_eeg.vhdr,posterior,18,0.019322593227351963,0.04594676021540537
1071,awake,awake,EC,0,sub-1071_task-awake_acq-EC_eeg.vhdr,centro_posterior,32,0.03820195454013958,0.12917165028406197
1071,awake,awake,EC,0,sub-1071_task-awake_acq-EC_eeg.vhdr,frontotemporal,30,0.03699361489484889,0.1171269112666779
1071,sed2,sed2,rest,1,sub-1071_task-sed2_acq-rest_run-1_eeg.vhdr,all_eeg,62,0.010364129827435143,0.029340312795036114
1071,sed2,sed2,rest,1,sub-1071_task-sed2_acq-rest_run-1_eeg.vhdr,posterior,18,0.00449738598010814,0.012549278378473321
1071,sed2,sed2,rest,1,sub-1071_task-sed2_acq-rest_run-1_eeg.vhdr,centro_posterior,32,0.005683881707325423,0.011628385848812369
1071,sed2,sed2,rest,1,sub-1071_task-sed2_acq-rest_run-1_eeg.vhdr,frontotemporal,30,0.012787222150416772,0.03851026129075822
1071,sed2,sed2,rest,2,sub-1071_task-sed2_acq-rest_run-2_eeg.vhdr,all_eeg,62,0.005265865708855401,0.05070769240429537
1071,sed2,sed2,rest,2,sub-1071_task-sed2_acq-rest_run-2_eeg.vhdr,posterior,18,0.0033472578305447902,0.07004655105547888
1071,sed2,sed2,rest,2,sub-1071_task-sed2_acq-rest_run-2_eeg.vhdr,centro_posterior,32,0.0046178589777429,0.058028489291146866
1071,sed2,sed2,rest,2,sub-1071_task-sed2_acq-rest_run-2_eeg.vhdr,frontotemporal,30,0.006263899492458184,0.03943249684663782
1071,sed2,sed2,rest,3,sub-1071_task-sed2_acq-rest_run-3_eeg.vhdr,all_eeg,62,0.00572784397168509,0.032631908887616634
1071,sed2,sed2,rest,3,sub-1071_task-sed2_acq-rest_run-3_eeg.vhdr,posterior,18,0.008063146286089222,0.03994473191659931
1071,sed2,sed2,rest,3,sub-1071_task-sed2_acq-rest_run-3_eeg.vhdr,centro_posterior,32,0.005225087304625053,0.033122907373349234
1071,sed2,sed2,rest,3,sub-1071_task-sed2_acq-rest_run-3_eeg.vhdr,frontotemporal,30,0.006589528311069767,0.031790377121779616
1071,sed,sed,rest,1,sub-1071_task-sed_acq-rest_run-1_eeg.vhdr,all_eeg,62,0.00664849791108296,0.005353154186800637
1071,sed,sed,rest,1,sub-1071_task-sed_acq-rest_run-1_eeg.vhdr,posterior,18,0.006296538958445152,0.007968743743437343
1071,sed,sed,rest,1,sub-1071_task-sed_acq-rest_run-1_eeg.vhdr,centro_posterior,32,0.007567925558900377,0.006474438490970691
1071,sed,sed,rest,1,sub-1071_task-sed_acq-rest_run-1_eeg.vhdr,frontotemporal,30,0.005496439012396697,0.003948165372680413
1071,sed,sed,rest,2,sub-1071_task-sed_acq-rest_run-2_eeg.vhdr,all_eeg,62,0.005657945140804225,0.10573257896260534
1071,sed,sed,rest,2,sub-1071_task-sed_acq-rest_run-2_eeg.vhdr,posterior,18,0.005171197989907601,0.15048134887141107
1071,sed,sed,rest,2,sub-1071_task-sed_acq-rest_run-2_eeg.vhdr,centro_posterior,32,0.008106194542186217,0.09938262417089358
1071,sed,sed,rest,2,sub-1071_task-sed_acq-rest_run-2_eeg.vhdr,frontotemporal,30,0.0038392377370358283,0.1104497085927654
1071,sed,sed,rest,3,sub-1071_task-sed_acq-rest_run-3_eeg.vhdr,all_eeg,62,0.012934020470130711,0.04963362746583066
1071,sed,sed,rest,3,sub-1071_task-sed_acq-rest_run-3_eeg.vhdr,posterior,18,0.011171744975875053,0.0375812948024722
1071,sed,sed,rest,3,sub-1071_task-sed_acq-rest_run-3_eeg.vhdr,centro_posterior,32,0.02060688629637276,0.08335951723039367
1071,sed,sed,rest,3,sub-1071_task-sed_acq-rest_run-3_eeg.vhdr,frontotemporal,30,0.005522234694073555,0.01705530852964676
1074,awake,awake,EC,0,sub-1074_task-awake_acq-EC_eeg.vhdr,all_eeg,62,0.03414747120482328,0.037714164215860914
1074,awake,awake,EC,0,sub-1074_task-awake_acq-EC_eeg.vhdr,posterior,18,0.020270109415291067,0.012896991838341901
1074,awake,awake,EC,0,sub-1074_task-awake_acq-EC_eeg.vhdr,centro_posterior,32,0.022039500527713002,0.01553409261829988
1074,awake,awake,EC,0,sub-1074_task-awake_acq-EC_eeg.vhdr,frontotemporal,30,0.048014532931812924,0.06311663917674633
1074,sed2,sed2,rest,1,sub-1074_task-sed2_acq-rest_run-1_eeg.vhdr,all_eeg,62,0.004864572949284109,0.0716167318539378
1074,sed2,sed2,rest,1,sub-1074_task-sed2_acq-rest_run-1_eeg.vhdr,posterior,18,0.004274672916186794,0.08576908474367274
1074,sed2,sed2,rest,1,sub-1074_task-sed2_acq-rest_run-1_eeg.vhdr,centro_posterior,32,0.004894968570697337,0.09387354647975092
1074,sed2,sed2,rest,1,sub-1074_task-sed2_acq-rest_run-1_eeg.vhdr,frontotemporal,30,0.004841685322702352,0.05485755278897852
1074,sed2,sed2,rest,2,sub-1074_task-sed2_acq-rest_run-2_eeg.vhdr,all_eeg,62,0.025123075874821314,0.10696353722080496
1074,sed2,sed2,rest,2,sub-1074_task-sed2_acq-rest_run-2_eeg.vhdr,posterior,18,0.014957814561180534,0.12329159919833631
1074,sed2,sed2,rest,2,sub-1074_task-sed2_acq-rest_run-2_eeg.vhdr,centro_posterior,32,0.015463325452229535,0.12911293467122195
1074,sed2,sed2,rest,2,sub-1074_task-sed2_acq-rest_run-2_eeg.vhdr,frontotemporal,30,0.02899754796487555,0.09807953727475528
1074,sed2,sed2,rest,3,sub-1074_task-sed2_acq-rest_run-3_eeg.vhdr,all_eeg,62,0.011083397294381231,0.0397721490004987
1074,sed2,sed2,rest,3,sub-1074_task-sed2_acq-rest_run-3_eeg.vhdr,posterior,18,0.014347855881191262,0.043262103206493374
1074,sed2,sed2,rest,3,sub-1074_task-sed2_acq-rest_run-3_eeg.vhdr,centro_posterior,32,0.011603668261761598,0.04783589322087734
1074,sed2,sed2,rest,3,sub-1074_task-sed2_acq-rest_run-3_eeg.vhdr,frontotemporal,30,0.010709656247958187,0.03397949019005856
1074,sed,sed,rest,1,sub-1074_task-sed_acq-rest_run-1_eeg.vhdr,all_eeg,62,0.004685880866457632,0.03955039245120461
1074,sed,sed,rest,1,sub-1074_task-sed_acq-rest_run-1_eeg.vhdr,posterior,18,0.0037009748610996054,0.028215195521456963
1074,sed,sed,rest,1,sub-1074_task-sed_acq-rest_run-1_eeg.vhdr,centro_posterior,32,0.005184195751959107,0.028644403602550477
1074,sed,sed,rest,1,sub-1074_task-sed_acq-rest_run-1_eeg.vhdr,frontotemporal,30,0.0043119953839723685,0.0477331520301293
1074,sed,sed,rest,2,sub-1074_task-sed_acq-rest_run-2_eeg.vhdr,all_eeg,62,0.013506337251434348,0.040381519621069374
1074,sed,sed,rest,2,sub-1074_task-sed_acq-rest_run-2_eeg.vhdr,posterior,18,0.011163710178250326,0.032962966972426525
1074,sed,sed,rest,2,sub-1074_task-sed_acq-rest_run-2_eeg.vhdr,centro_posterior,32,0.01172199057788383,0.05249131751982883
1074,sed,sed,rest,2,sub-1074_task-sed_acq-rest_run-2_eeg.vhdr,frontotemporal,30,0.014737961405474882,0.03202287507416423
1074,sed,sed,rest,3,sub-1074_task-sed_acq-rest_run-3_eeg.vhdr,all_eeg,62,0.00841173134101009,0.010861398332354867
1074,sed,sed,rest,3,sub-1074_task-sed_acq-rest_run-3_eeg.vhdr,posterior,18,0.005995692749725951,0.014917932422916473
1074,sed,sed,rest,3,sub-1074_task-sed_acq-rest_run-3_eeg.vhdr,centro_posterior,32,0.007732288697364545,0.013941965244140066
1074,sed,sed,rest,3,sub-1074_task-sed_acq-rest_run-3_eeg.vhdr,frontotemporal,30,0.00891065600776102,0.008599293010822833
