dataset,band,row_index,subject,condition,y,model,score
Chennu,alpha,0,10,baseline,0,spectral_bandpower,0.22190115664223858
Chennu,alpha,1,10,moderate,1,spectral_bandpower,0.23120624384529465
Chennu,alpha,2,13,baseline,0,spectral_bandpower,0.23495096843881896
Chennu,alpha,3,13,moderate,1,spectral_bandpower,0.548446820009846
Chennu,alpha,4,14,baseline,0,spectral_bandpower,0.22118211038111515
Chennu,alpha,5,14,moderate,1,spectral_bandpower,0.2803543754206794
Chennu,alpha,6,18,baseline,0,spectral_bandpower,0.24011028945040871
Chennu,alpha,7,18,moderate,1,spectral_bandpower,0.9967378959333445
Chennu,alpha,8,2,baseline,0,spectral_bandpower,0.24227533059833414
Chennu,alpha,9,2,moderate,1,spectral_bandpower,0.9800935597876204
Chennu,alpha,10,20,baseline,0,spectral_bandpower,0.22979004492859065
Chennu,alpha,11,20,moderate,1,spectral_bandpower,0.9998488347501895
Chennu,alpha,12,22,baseline,0,spectral_bandpower,0.23644166081973786
Chennu,alpha,13,22,moderate,1,spectral_bandpower,0.5740607395207712
Chennu,alpha,14,23,baseline,0,spectral_bandpower,0.2411396114430217
Chennu,alpha,15,23,moderate,1,spectral_bandpower,0.9873922082628493
Chennu,alpha,16,24,baseline,0,spectral_bandpower,0.2393084345919819
Chennu,alpha,17,24,moderate,1,spectral_bandpower,0.669113200924961
Chennu,alpha,18,25,baseline,0,spectral_bandpower,0.23793730786343406
Chennu,alpha,19,25,moderate,1,spectral_bandpower,0.9951128436048274
Chennu,alpha,20,26,baseline,0,spectral_bandpower,0.2340377541212408
Chennu,alpha,21,26,moderate,1,spectral_bandpower,0.5330020665142033
Chennu,alpha,22,27,baseline,0,spectral_bandpower,0.2046138794699449
Chennu,alpha,23,27,moderate,1,spectral_bandpower,0.013456606569143558
Chennu,alpha,24,28,baseline,0,spectral_bandpower,0.230691678833905
Chennu,alpha,25,28,moderate,1,spectral_bandpower,0.43960492806654583
Chennu,alpha,26,29,baseline,0,spectral_bandpower,0.24435191537164566
Chennu,alpha,27,29,moderate,1,spectral_bandpower,0.8862864174385502
Chennu,alpha,28,3,baseline,0,spectral_bandpower,0.24101081967105217
Chennu,alpha,29,3,moderate,1,spectral_bandpower,0.7889515872344176
Chennu,alpha,30,5,baseline,0,spectral_bandpower,0.24360777236607187
Chennu,alpha,31,5,moderate,1,spectral_bandpower,0.9885122457484167
Chennu,alpha,32,6,baseline,0,spectral_bandpower,0.24008219878408893
Chennu,alpha,33,6,moderate,1,spectral_bandpower,0.686126206832886
Chennu,alpha,34,7,baseline,0,spectral_bandpower,0.24281052462721317
Chennu,alpha,35,7,moderate,1,spectral_bandpower,0.9896690367599276
Chennu,alpha,36,8,baseline,0,spectral_bandpower,0.23552033190178956
Chennu,alpha,37,8,moderate,1,spectral_bandpower,0.5544771393327353
Chennu,alpha,38,9,baseline,0,spectral_bandpower,0.2309400641544505
Chennu,alpha,39,9,moderate,1,spectral_bandpower,0.9999260672138219
Chennu,alpha,0,10,baseline,0,spectral_all,0.20037585282301684
Chennu,alpha,1,10,moderate,1,spectral_all,0.2919326191455358
Chennu,alpha,2,13,baseline,0,spectral_all,0.2121619165223644
Chennu,alpha,3,13,moderate,1,spectral_all,0.6552550412372871
Chennu,alpha,4,14,baseline,0,spectral_all,0.19643694430306533
Chennu,alpha,5,14,moderate,1,spectral_all,0.2935116715164595
Chennu,alpha,6,18,baseline,0,spectral_all,0.21322477350341662
Chennu,alpha,7,18,moderate,1,spectral_all,0.9991247229428931
Chennu,alpha,8,2,baseline,0,spectral_all,0.2153280814424616
Chennu,alpha,9,2,moderate,1,spectral_all,0.9884535466665249
Chennu,alpha,10,20,baseline,0,spectral_all,0.20395991732375676
Chennu,alpha,11,20,moderate,1,spectral_all,0.9999880275546189
Chennu,alpha,12,22,baseline,0,spectral_all,0.212143623781686
Chennu,alpha,13,22,moderate,1,spectral_all,0.6452101509238682
Chennu,alpha,14,23,baseline,0,spectral_all,0.21198859694650402
Chennu,alpha,15,23,moderate,1,spectral_all,0.9985338520049435
Chennu,alpha,16,24,baseline,0,spectral_all,0.20234284946251332
Chennu,alpha,17,24,moderate,1,spectral_all,0.23118768713471827
Chennu,alpha,18,25,baseline,0,spectral_all,0.20565303778271898
Chennu,alpha,19,25,moderate,1,spectral_all,0.9984995206660263
Chennu,alpha,20,26,baseline,0,spectral_all,0.21142250651168026
Chennu,alpha,21,26,moderate,1,spectral_all,0.6419936972784283
Chennu,alpha,22,27,baseline,0,spectral_all,0.17811086238338256
Chennu,alpha,23,27,moderate,1,spectral_all,0.010777966892608144
Chennu,alpha,24,28,baseline,0,spectral_all,0.2096044707618053
Chennu,alpha,25,28,moderate,1,spectral_all,0.5747541641018237
Chennu,alpha,26,29,baseline,0,spectral_all,0.2178242495723783
Chennu,alpha,27,29,moderate,1,spectral_all,0.9360486954942906
Chennu,alpha,28,3,baseline,0,spectral_all,0.20509946481381838
Chennu,alpha,29,3,moderate,1,spectral_all,0.4292115434337942
Chennu,alpha,30,5,baseline,0,spectral_all,0.21673264528410516
Chennu,alpha,31,5,moderate,1,spectral_all,0.9914071230553542
Chennu,alpha,32,6,baseline,0,spectral_all,0.21645827701811546
Chennu,alpha,33,6,moderate,1,spectral_all,0.8371457227195679
Chennu,alpha,34,7,baseline,0,spectral_all,0.2151832226370481
Chennu,alpha,35,7,moderate,1,spectral_all,0.9974179426681692
Chennu,alpha,36,8,baseline,0,spectral_all,0.20677751293629912
Chennu,alpha,37,8,moderate,1,spectral_all,0.506298557263854
Chennu,alpha,38,9,baseline,0,spectral_all,0.2012226088319687
Chennu,alpha,39,9,moderate,1,spectral_all,0.9999978864957506
Chennu,alpha,0,10,baseline,0,gcc_pi,0.32663419951213407
Chennu,alpha,1,10,moderate,1,gcc_pi,0.9618157368685757
Chennu,alpha,2,13,baseline,0,gcc_pi,0.32477493338905666
Chennu,alpha,3,13,moderate,1,gcc_pi,0.760935344082989
Chennu,alpha,4,14,baseline,0,gcc_pi,0.3245150801329625
Chennu,alpha,5,14,moderate,1,gcc_pi,0.7514247054934122
Chennu,alpha,6,18,baseline,0,gcc_pi,0.3254642417577854
Chennu,alpha,7,18,moderate,1,gcc_pi,0.7880706103798383
Chennu,alpha,8,2,baseline,0,gcc_pi,0.3004498712888782
Chennu,alpha,9,2,moderate,1,gcc_pi,0.2674286525859836
Chennu,alpha,10,20,baseline,0,gcc_pi,0.31637037725983
Chennu,alpha,11,20,moderate,1,gcc_pi,0.5340011170325615
Chennu,alpha,12,22,baseline,0,gcc_pi,0.2968609187421262
Chennu,alpha,13,22,moderate,1,gcc_pi,0.22277097361639034
Chennu,alpha,14,23,baseline,0,gcc_pi,0.32224435057427464
Chennu,alpha,15,23,moderate,1,gcc_pi,0.6787151043773991
Chennu,alpha,16,24,baseline,0,gcc_pi,0.327151852386253
Chennu,alpha,17,24,moderate,1,gcc_pi,0.886598041555924
Chennu,alpha,18,25,baseline,0,gcc_pi,0.31962864131043844
Chennu,alpha,19,25,moderate,1,gcc_pi,0.6089033183252343
Chennu,alpha,20,26,baseline,0,gcc_pi,0.3186141007997814
Chennu,alpha,21,26,moderate,1,gcc_pi,0.5844002218323678
Chennu,alpha,22,27,baseline,0,gcc_pi,0.3247862152741672
Chennu,alpha,23,27,moderate,1,gcc_pi,0.9863927908687752
Chennu,alpha,24,28,baseline,0,gcc_pi,0.3087963927808882
Chennu,alpha,25,28,moderate,1,gcc_pi,0.3911731285789166
Chennu,alpha,26,29,baseline,0,gcc_pi,0.29503675724059675
Chennu,alpha,27,29,moderate,1,gcc_pi,0.20187964706837427
Chennu,alpha,28,3,baseline,0,gcc_pi,0.32267454485302416
Chennu,alpha,29,3,moderate,1,gcc_pi,0.9945909604926892
Chennu,alpha,30,5,baseline,0,gcc_pi,0.3234305475815891
Chennu,alpha,31,5,moderate,1,gcc_pi,0.9925930878586838
Chennu,alpha,32,6,baseline,0,gcc_pi,0.3272792115001334
Chennu,alpha,33,6,moderate,1,gcc_pi,0.9156071410375964
Chennu,alpha,34,7,baseline,0,gcc_pi,0.2840440091321127
Chennu,alpha,35,7,moderate,1,gcc_pi,0.10061709691355981
Chennu,alpha,36,8,baseline,0,gcc_pi,0.3271932757839274
Chennu,alpha,37,8,moderate,1,gcc_pi,0.8919372327574323
Chennu,alpha,38,9,baseline,0,gcc_pi,0.3269685092168162
Chennu,alpha,39,9,moderate,1,gcc_pi,0.9498835298417205
Chennu,alpha,0,10,baseline,0,gcc_triad_plus_pi,0.28091675252228143
Chennu,alpha,1,10,moderate,1,gcc_triad_plus_pi,0.9888625644790557
Chennu,alpha,2,13,baseline,0,gcc_triad_plus_pi,0.2810736471122467
Chennu,alpha,3,13,moderate,1,gcc_triad_plus_pi,0.9050141511537875
Chennu,alpha,4,14,baseline,0,gcc_triad_plus_pi,0.2812683547387829
Chennu,alpha,5,14,moderate,1,gcc_triad_plus_pi,0.9113773569420772
Chennu,alpha,6,18,baseline,0,gcc_triad_plus_pi,0.27917528297983124
Chennu,alpha,7,18,moderate,1,gcc_triad_plus_pi,0.8035886545023254
Chennu,alpha,8,2,baseline,0,gcc_triad_plus_pi,0.25520569006169774
Chennu,alpha,9,2,moderate,1,gcc_triad_plus_pi,0.2762590999078043
Chennu,alpha,10,20,baseline,0,gcc_triad_plus_pi,0.26972761239817555
Chennu,alpha,11,20,moderate,1,gcc_triad_plus_pi,0.4168970913856956
Chennu,alpha,12,22,baseline,0,gcc_triad_plus_pi,0.22824513733269772
Chennu,alpha,13,22,moderate,1,gcc_triad_plus_pi,0.04514895544196326
Chennu,alpha,14,23,baseline,0,gcc_triad_plus_pi,0.2780320460102256
Chennu,alpha,15,23,moderate,1,gcc_triad_plus_pi,0.7624658660338195
Chennu,alpha,16,24,baseline,0,gcc_triad_plus_pi,0.28167518926393764
Chennu,alpha,17,24,moderate,1,gcc_triad_plus_pi,0.9638484481860318
Chennu,alpha,18,25,baseline,0,gcc_triad_plus_pi,0.27764169880178263
Chennu,alpha,19,25,moderate,1,gcc_triad_plus_pi,0.7387187122737473
Chennu,alpha,20,26,baseline,0,gcc_triad_plus_pi,0.2712821933197341
Chennu,alpha,21,26,moderate,1,gcc_triad_plus_pi,0.5734744041741416
Chennu,alpha,22,27,baseline,0,gcc_triad_plus_pi,0.278598920870556
Chennu,alpha,23,27,moderate,1,gcc_triad_plus_pi,0.9806464116040234
Chennu,alpha,24,28,baseline,0,gcc_triad_plus_pi,0.27254050534166513
Chennu,alpha,25,28,moderate,1,gcc_triad_plus_pi,0.5852065189125923
Chennu,alpha,26,29,baseline,0,gcc_triad_plus_pi,0.24644080945734975
Chennu,alpha,27,29,moderate,1,gcc_triad_plus_pi,0.17739927782953058
Chennu,alpha,28,3,baseline,0,gcc_triad_plus_pi,0.2752875086688473
Chennu,alpha,29,3,moderate,1,gcc_triad_plus_pi,0.9949158493510347
Chennu,alpha,30,5,baseline,0,gcc_triad_plus_pi,0.2771962855309366
Chennu,alpha,31,5,moderate,1,gcc_triad_plus_pi,0.9925044285373088
Chennu,alpha,32,6,baseline,0,gcc_triad_plus_pi,0.2791621440906957
Chennu,alpha,33,6,moderate,1,gcc_triad_plus_pi,0.8421912838327381
Chennu,alpha,34,7,baseline,0,gcc_triad_plus_pi,0.24256023325142353
Chennu,alpha,35,7,moderate,1,gcc_triad_plus_pi,0.10048761747333393
Chennu,alpha,36,8,baseline,0,gcc_triad_plus_pi,0.28010781153580566
Chennu,alpha,37,8,moderate,1,gcc_triad_plus_pi,0.9848649192069072
Chennu,alpha,38,9,baseline,0,gcc_triad_plus_pi,0.27768842493582446
Chennu,alpha,39,9,moderate,1,gcc_triad_plus_pi,0.8060223473484032
Chennu,alpha,0,10,baseline,0,spectral_all_plus_gcc,0.11773525051552253
Chennu,alpha,1,10,moderate,1,spectral_all_plus_gcc,0.9757837777569084
Chennu,alpha,2,13,baseline,0,spectral_all_plus_gcc,0.11588456584453499
Chennu,alpha,3,13,moderate,1,spectral_all_plus_gcc,0.7769373775728429
Chennu,alpha,4,14,baseline,0,spectral_all_plus_gcc,0.11604783189136886
Chennu,alpha,5,14,moderate,1,spectral_all_plus_gcc,0.8303045136126237
Chennu,alpha,6,18,baseline,0,spectral_all_plus_gcc,0.11587924369909043
Chennu,alpha,7,18,moderate,1,spectral_all_plus_gcc,0.9992063277068601
Chennu,alpha,8,2,baseline,0,spectral_all_plus_gcc,0.11735987764529487
Chennu,alpha,9,2,moderate,1,spectral_all_plus_gcc,0.9637972768129527
Chennu,alpha,10,20,baseline,0,spectral_all_plus_gcc,0.11006163682294458
Chennu,alpha,11,20,moderate,1,spectral_all_plus_gcc,0.9999755542933325
Chennu,alpha,12,22,baseline,0,spectral_all_plus_gcc,0.08801764718884299
Chennu,alpha,13,22,moderate,1,spectral_all_plus_gcc,0.10047885933682606
Chennu,alpha,14,23,baseline,0,spectral_all_plus_gcc,0.11468073064860945
Chennu,alpha,15,23,moderate,1,spectral_all_plus_gcc,0.9993303550550741
Chennu,alpha,16,24,baseline,0,spectral_all_plus_gcc,0.11804993078050494
Chennu,alpha,17,24,moderate,1,spectral_all_plus_gcc,0.9654397555806349
Chennu,alpha,18,25,baseline,0,spectral_all_plus_gcc,0.11630857272581634
Chennu,alpha,19,25,moderate,1,spectral_all_plus_gcc,0.9019071524318057
Chennu,alpha,20,26,baseline,0,spectral_all_plus_gcc,0.11267643105361999
Chennu,alpha,21,26,moderate,1,spectral_all_plus_gcc,0.6650012952650681
Chennu,alpha,22,27,baseline,0,spectral_all_plus_gcc,0.11399913909192144
Chennu,alpha,23,27,moderate,1,spectral_all_plus_gcc,0.7318073666211939
Chennu,alpha,24,28,baseline,0,spectral_all_plus_gcc,0.1088945911492009
Chennu,alpha,25,28,moderate,1,spectral_all_plus_gcc,0.49504136039352026
Chennu,alpha,26,29,baseline,0,spectral_all_plus_gcc,0.11233553925928347
Chennu,alpha,27,29,moderate,1,spectral_all_plus_gcc,0.5829079497653712
Chennu,alpha,28,3,baseline,0,spectral_all_plus_gcc,0.11517800012631157
Chennu,alpha,29,3,moderate,1,spectral_all_plus_gcc,0.994493990721264
Chennu,alpha,30,5,baseline,0,spectral_all_plus_gcc,0.11656150357762589
Chennu,alpha,31,5,moderate,1,spectral_all_plus_gcc,0.9997488282415891
Chennu,alpha,32,6,baseline,0,spectral_all_plus_gcc,0.11820931308979742
Chennu,alpha,33,6,moderate,1,spectral_all_plus_gcc,0.9465123265487368
Chennu,alpha,34,7,baseline,0,spectral_all_plus_gcc,0.11619597402472127
Chennu,alpha,35,7,moderate,1,spectral_all_plus_gcc,0.979682824565526
Chennu,alpha,36,8,baseline,0,spectral_all_plus_gcc,0.11659815203260827
Chennu,alpha,37,8,moderate,1,spectral_all_plus_gcc,0.9544946945645332
Chennu,alpha,38,9,baseline,0,spectral_all_plus_gcc,0.10681833520514786
Chennu,alpha,39,9,moderate,1,spectral_all_plus_gcc,0.9999857981206817
Chennu,alpha,0,10,baseline,0,residual_pi_after_spectral_all,0.44845959100361577
Chennu,alpha,1,10,moderate,1,residual_pi_after_spectral_all,0.9697573607640558
Chennu,alpha,2,13,baseline,0,residual_pi_after_spectral_all,0.42928902397812835
Chennu,alpha,3,13,moderate,1,residual_pi_after_spectral_all,0.6792046181191765
Chennu,alpha,4,14,baseline,0,residual_pi_after_spectral_all,0.43326074653424546
Chennu,alpha,5,14,moderate,1,residual_pi_after_spectral_all,0.7104666903077839
Chennu,alpha,6,18,baseline,0,residual_pi_after_spectral_all,0.4209198206408441
Chennu,alpha,7,18,moderate,1,residual_pi_after_spectral_all,0.378184156971545
Chennu,alpha,8,2,baseline,0,residual_pi_after_spectral_all,0.39848257391456327
Chennu,alpha,9,2,moderate,1,residual_pi_after_spectral_all,0.052009820008556196
Chennu,alpha,10,20,baseline,0,residual_pi_after_spectral_all,0.42039978644274323
Chennu,alpha,11,20,moderate,1,residual_pi_after_spectral_all,0.529472982254363
Chennu,alpha,12,22,baseline,0,residual_pi_after_spectral_all,0.41156719873055697
Chennu,alpha,13,22,moderate,1,residual_pi_after_spectral_all,0.35581208585459984
Chennu,alpha,14,23,baseline,0,residual_pi_after_spectral_all,0.4226321916254293
Chennu,alpha,15,23,moderate,1,residual_pi_after_spectral_all,0.7927844411022471
Chennu,alpha,16,24,baseline,0,residual_pi_after_spectral_all,0.44454686393917386
Chennu,alpha,17,24,moderate,1,residual_pi_after_spectral_all,0.8982084153540627
Chennu,alpha,18,25,baseline,0,residual_pi_after_spectral_all,0.4290718989392376
Chennu,alpha,19,25,moderate,1,residual_pi_after_spectral_all,0.00031646162290938757
Chennu,alpha,20,26,baseline,0,residual_pi_after_spectral_all,0.42644882581637844
Chennu,alpha,21,26,moderate,1,residual_pi_after_spectral_all,0.6015709672325986
Chennu,alpha,22,27,baseline,0,residual_pi_after_spectral_all,0.45150420347951525
Chennu,alpha,23,27,moderate,1,residual_pi_after_spectral_all,0.9458175366438887
Chennu,alpha,24,28,baseline,0,residual_pi_after_spectral_all,0.42171370142863346
Chennu,alpha,25,28,moderate,1,residual_pi_after_spectral_all,0.5203467920051862
Chennu,alpha,26,29,baseline,0,residual_pi_after_spectral_all,0.3982023267854788
Chennu,alpha,27,29,moderate,1,residual_pi_after_spectral_all,0.13411448611926854
Chennu,alpha,28,3,baseline,0,residual_pi_after_spectral_all,0.4300789803782813
Chennu,alpha,29,3,moderate,1,residual_pi_after_spectral_all,0.9635991974592889
Chennu,alpha,30,5,baseline,0,residual_pi_after_spectral_all,0.4111107315159063
Chennu,alpha,31,5,moderate,1,residual_pi_after_spectral_all,0.8848791217343707
Chennu,alpha,32,6,baseline,0,residual_pi_after_spectral_all,0.43428205255035596
Chennu,alpha,33,6,moderate,1,residual_pi_after_spectral_all,0.8041127364049012
Chennu,alpha,34,7,baseline,0,residual_pi_after_spectral_all,0.42124278360983886
Chennu,alpha,35,7,moderate,1,residual_pi_after_spectral_all,0.23742020783422296
Chennu,alpha,36,8,baseline,0,residual_pi_after_spectral_all,0.42726472968388945
Chennu,alpha,37,8,moderate,1,residual_pi_after_spectral_all,0.770077475435898
Chennu,alpha,38,9,baseline,0,residual_pi_after_spectral_all,0.41931265813672164
Chennu,alpha,39,9,moderate,1,residual_pi_after_spectral_all,0.5554140106286238
Chennu,alpha,0,10,baseline,0,residual_gcc_after_spectral_all,0.41399250055425846
Chennu,alpha,1,10,moderate,1,residual_gcc_after_spectral_all,0.9608505250473044
Chennu,alpha,2,13,baseline,0,residual_gcc_after_spectral_all,0.3926754584927861
Chennu,alpha,3,13,moderate,1,residual_gcc_after_spectral_all,0.6666676756572075
Chennu,alpha,4,14,baseline,0,residual_gcc_after_spectral_all,0.4083821112099115
Chennu,alpha,5,14,moderate,1,residual_gcc_after_spectral_all,0.9593933377193888
Chennu,alpha,6,18,baseline,0,residual_gcc_after_spectral_all,0.38295418414576526
Chennu,alpha,7,18,moderate,1,residual_gcc_after_spectral_all,0.5928525500580674
Chennu,alpha,8,2,baseline,0,residual_gcc_after_spectral_all,0.36986109481357343
Chennu,alpha,9,2,moderate,1,residual_gcc_after_spectral_all,0.1000479601510983
Chennu,alpha,10,20,baseline,0,residual_gcc_after_spectral_all,0.36618805073456634
Chennu,alpha,11,20,moderate,1,residual_gcc_after_spectral_all,0.9306663322198467
Chennu,alpha,12,22,baseline,0,residual_gcc_after_spectral_all,0.3448557008127815
Chennu,alpha,13,22,moderate,1,residual_gcc_after_spectral_all,0.06643529181594442
Chennu,alpha,14,23,baseline,0,residual_gcc_after_spectral_all,0.3813441569443621
Chennu,alpha,15,23,moderate,1,residual_gcc_after_spectral_all,0.9950675003545008
Chennu,alpha,16,24,baseline,0,residual_gcc_after_spectral_all,0.40825067666895365
Chennu,alpha,17,24,moderate,1,residual_gcc_after_spectral_all,0.8611248865026008
Chennu,alpha,18,25,baseline,0,residual_gcc_after_spectral_all,0.37966739136179206
Chennu,alpha,19,25,moderate,1,residual_gcc_after_spectral_all,3.912299294975296e-06
Chennu,alpha,20,26,baseline,0,residual_gcc_after_spectral_all,0.3918769906417757
Chennu,alpha,21,26,moderate,1,residual_gcc_after_spectral_all,0.6736183906758156
Chennu,alpha,22,27,baseline,0,residual_gcc_after_spectral_all,0.40652287135829257
Chennu,alpha,23,27,moderate,1,residual_gcc_after_spectral_all,0.9075293986733625
Chennu,alpha,24,28,baseline,0,residual_gcc_after_spectral_all,0.393936745841778
Chennu,alpha,25,28,moderate,1,residual_gcc_after_spectral_all,0.6821208930807319
Chennu,alpha,26,29,baseline,0,residual_gcc_after_spectral_all,0.3717786574668843
Chennu,alpha,27,29,moderate,1,residual_gcc_after_spectral_all,0.21154004891836872
Chennu,alpha,28,3,baseline,0,residual_gcc_after_spectral_all,0.3894101864975968
Chennu,alpha,29,3,moderate,1,residual_gcc_after_spectral_all,0.9737348268790176
Chennu,alpha,30,5,baseline,0,residual_gcc_after_spectral_all,0.3782615093551959
Chennu,alpha,31,5,moderate,1,residual_gcc_after_spectral_all,0.8800234231609101
Chennu,alpha,32,6,baseline,0,residual_gcc_after_spectral_all,0.39584548160054467
Chennu,alpha,33,6,moderate,1,residual_gcc_after_spectral_all,0.8215855584495907
Chennu,alpha,34,7,baseline,0,residual_gcc_after_spectral_all,0.3728918310090256
Chennu,alpha,35,7,moderate,1,residual_gcc_after_spectral_all,0.011872164824710466
Chennu,alpha,36,8,baseline,0,residual_gcc_after_spectral_all,0.3897263260348598
Chennu,alpha,37,8,moderate,1,residual_gcc_after_spectral_all,0.921969640950827
Chennu,alpha,38,9,baseline,0,residual_gcc_after_spectral_all,0.3969216440225058
Chennu,alpha,39,9,moderate,1,residual_gcc_after_spectral_all,0.2720641379617779
DS005620,alpha,80,1010,awake,0,spectral_bandpower,0.15106167509703278
DS005620,alpha,81,1010,sed,1,spectral_bandpower,0.4724702160414966
DS005620,alpha,82,1010,sed2,1,spectral_bandpower,0.7831368539598135
DS005620,alpha,83,1016,awake,0,spectral_bandpower,0.15926416152053294
DS005620,alpha,84,1016,sed,1,spectral_bandpower,0.7548326000808716
DS005620,alpha,85,1016,sed2,1,spectral_bandpower,0.9913596816444397
DS005620,alpha,86,1017,awake,0,spectral_bandpower,0.15831806601384527
DS005620,alpha,87,1017,sed,1,spectral_bandpower,0.894873398333147
DS005620,alpha,88,1017,sed2,1,spectral_bandpower,0.9146738361395533
DS005620,alpha,89,1022,awake,0,spectral_bandpower,0.14549322305158646
DS005620,alpha,90,1022,sed,1,spectral_bandpower,0.3066203511014392
DS005620,alpha,91,1022,sed2,1,spectral_bandpower,0.19458945242489745
DS005620,alpha,92,1024,awake,0,spectral_bandpower,0.1590837800240732
DS005620,alpha,93,1024,sed,1,spectral_bandpower,0.9396246405014437
DS005620,alpha,94,1024,sed2,1,spectral_bandpower,0.9527313726630884
DS005620,alpha,95,1033,awake,0,spectral_bandpower,0.14683421823282175
DS005620,alpha,96,1033,sed,1,spectral_bandpower,0.3156846348748249
DS005620,alpha,97,1033,sed2,1,spectral_bandpower,0.29281461336133463
DS005620,alpha,98,1036,awake,0,spectral_bandpower,0.15824776996026202
DS005620,alpha,99,1036,sed,1,spectral_bandpower,0.9731520311543383
DS005620,alpha,100,1036,sed2,1,spectral_bandpower,0.9954168657520924
DS005620,alpha,101,1037,awake,0,spectral_bandpower,0.15418939545411736
DS005620,alpha,102,1045,awake,0,spectral_bandpower,0.15993884054702473
DS005620,alpha,103,1045,sed,1,spectral_bandpower,0.9571524322274988
DS005620,alpha,104,1045,sed2,1,spectral_bandpower,0.9208050949692206
DS005620,alpha,105,1046,awake,0,spectral_bandpower,0.1466325704844103
DS005620,alpha,106,1046,sed,1,spectral_bandpower,0.4077639765244145
DS005620,alpha,107,1046,sed2,1,spectral_bandpower,0.37182905672683925
DS005620,alpha,108,1054,awake,0,spectral_bandpower,0.15974059023106973
DS005620,alpha,109,1054,sed,1,spectral_bandpower,0.9909894445745763
DS005620,alpha,110,1054,sed2,1,spectral_bandpower,0.9960714247780399
DS005620,alpha,111,1055,awake,0,spectral_bandpower,0.1598291015456008
DS005620,alpha,112,1055,sed,1,spectral_bandpower,0.810037729444518
DS005620,alpha,113,1055,sed2,1,spectral_bandpower,0.8906640701013834
DS005620,alpha,114,1057,awake,0,spectral_bandpower,0.15928926631666807
DS005620,alpha,115,1057,sed,1,spectral_bandpower,0.7957896550915751
DS005620,alpha,116,1057,sed2,1,spectral_bandpower,0.9414945046862535
DS005620,alpha,117,1060,awake,0,spectral_bandpower,0.13562216989326317
DS005620,alpha,118,1060,sed,1,spectral_bandpower,0.9999993612334747
DS005620,alpha,119,1060,sed2,1,spectral_bandpower,0.9999995756221389
DS005620,alpha,120,1061,awake,0,spectral_bandpower,0.16099283143453988
DS005620,alpha,121,1061,sed,1,spectral_bandpower,0.9704255202554234
DS005620,alpha,122,1061,sed2,1,spectral_bandpower,0.9856978556846991
DS005620,alpha,123,1062,awake,0,spectral_bandpower,0.1610694615217222
DS005620,alpha,124,1062,sed,1,spectral_bandpower,0.9246609147942887
DS005620,alpha,125,1062,sed2,1,spectral_bandpower,0.9505588643862599
DS005620,alpha,126,1064,awake,0,spectral_bandpower,0.15696870433846347
DS005620,alpha,127,1064,sed,1,spectral_bandpower,0.9962054223350918
DS005620,alpha,128,1064,sed2,1,spectral_bandpower,0.9972205471775674
DS005620,alpha,129,1067,awake,0,spectral_bandpower,0.11876469242474853
DS005620,alpha,130,1067,sed,1,spectral_bandpower,0.013299241265668536
DS005620,alpha,131,1067,sed2,1,spectral_bandpower,0.22815541343835502
DS005620,alpha,132,1068,awake,0,spectral_bandpower,0.15863122806669086
DS005620,alpha,133,1068,sed,1,spectral_bandpower,0.9977914118697442
DS005620,alpha,134,1068,sed2,1,spectral_bandpower,0.998669585982144
DS005620,alpha,135,1071,awake,0,spectral_bandpower,0.16013263185132767
DS005620,alpha,136,1071,sed,1,spectral_bandpower,0.982893903100313
DS005620,alpha,137,1071,sed2,1,spectral_bandpower,0.9873541549095322
DS005620,alpha,138,1074,awake,0,spectral_bandpower,0.15997372274714985
DS005620,alpha,139,1074,sed,1,spectral_bandpower,0.9943791630703908
DS005620,alpha,140,1074,sed2,1,spectral_bandpower,0.9872238247840487
DS005620,alpha,80,1010,awake,0,spectral_all,0.07816564713595574
DS005620,alpha,81,1010,sed,1,spectral_all,0.8176345164917609
DS005620,alpha,82,1010,sed2,1,spectral_all,0.9381319502636305
DS005620,alpha,83,1016,awake,0,spectral_all,0.07543248503131998
DS005620,alpha,84,1016,sed,1,spectral_all,0.6150810085509593
DS005620,alpha,85,1016,sed2,1,spectral_all,0.971168955801887
DS005620,alpha,86,1017,awake,0,spectral_all,0.07789240742956782
DS005620,alpha,87,1017,sed,1,spectral_all,0.8319402281449245
DS005620,alpha,88,1017,sed2,1,spectral_all,0.9757656512290509
DS005620,alpha,89,1022,awake,0,spectral_all,0.07710173299732491
DS005620,alpha,90,1022,sed,1,spectral_all,0.9516378312062254
DS005620,alpha,91,1022,sed2,1,spectral_all,0.9893524362057132
DS005620,alpha,92,1024,awake,0,spectral_all,0.07883775069275385
DS005620,alpha,93,1024,sed,1,spectral_all,0.9758079650324132
DS005620,alpha,94,1024,sed2,1,spectral_all,0.9583662466769005
DS005620,alpha,95,1033,awake,0,spectral_all,0.07226759580468373
DS005620,alpha,96,1033,sed,1,spectral_all,0.36493273678223165
DS005620,alpha,97,1033,sed2,1,spectral_all,0.8090916773013854
DS005620,alpha,98,1036,awake,0,spectral_all,0.0767027040545003
DS005620,alpha,99,1036,sed,1,spectral_all,0.9993589885952552
DS005620,alpha,100,1036,sed2,1,spectral_all,0.9782001063636343
DS005620,alpha,101,1037,awake,0,spectral_all,0.07592895055709713
DS005620,alpha,102,1045,awake,0,spectral_all,0.07927592008662507
DS005620,alpha,103,1045,sed,1,spectral_all,0.9827789765772459
DS005620,alpha,104,1045,sed2,1,spectral_all,0.9430874189221338
DS005620,alpha,105,1046,awake,0,spectral_all,0.07648008633998744
DS005620,alpha,106,1046,sed,1,spectral_all,0.6899862173861052
DS005620,alpha,107,1046,sed2,1,spectral_all,0.9569415557549218
DS005620,alpha,108,1054,awake,0,spectral_all,0.0773362854972264
DS005620,alpha,109,1054,sed,1,spectral_all,0.9992591687357332
DS005620,alpha,110,1054,sed2,1,spectral_all,0.9994673563080214
DS005620,alpha,111,1055,awake,0,spectral_all,0.07878152872517755
DS005620,alpha,112,1055,sed,1,spectral_all,0.88051394460888
DS005620,alpha,113,1055,sed2,1,spectral_all,0.9080924001267578
DS005620,alpha,114,1057,awake,0,spectral_all,0.07839439721954264
DS005620,alpha,115,1057,sed,1,spectral_all,0.9506893738351292
DS005620,alpha,116,1057,sed2,1,spectral_all,0.8947258879080724
DS005620,alpha,117,1060,awake,0,spectral_all,0.06356389149393982
DS005620,alpha,118,1060,sed,1,spectral_all,0.999999948633671
DS005620,alpha,119,1060,sed2,1,spectral_all,0.9999997263523086
DS005620,alpha,120,1061,awake,0,spectral_all,0.07943616510048261
DS005620,alpha,121,1061,sed,1,spectral_all,0.988898303524605
DS005620,alpha,122,1061,sed2,1,spectral_all,0.996023799617275
DS005620,alpha,123,1062,awake,0,spectral_all,0.07966096711994035
DS005620,alpha,124,1062,sed,1,spectral_all,0.9541759133378999
DS005620,alpha,125,1062,sed2,1,spectral_all,0.9624603962525522
DS005620,alpha,126,1064,awake,0,spectral_all,0.07793662119443465
DS005620,alpha,127,1064,sed,1,spectral_all,0.9971934541883218
DS005620,alpha,128,1064,sed2,1,spectral_all,0.9934317497438193
DS005620,alpha,129,1067,awake,0,spectral_all,0.0656825870294432
DS005620,alpha,130,1067,sed,1,spectral_all,0.07107507206180391
DS005620,alpha,131,1067,sed2,1,spectral_all,0.6695726997660355
DS005620,alpha,132,1068,awake,0,spectral_all,0.07827524584153822
DS005620,alpha,133,1068,sed,1,spectral_all,0.9899000453695204
DS005620,alpha,134,1068,sed2,1,spectral_all,0.9353798374758401
DS005620,alpha,135,1071,awake,0,spectral_all,0.07886129147344692
DS005620,alpha,136,1071,sed,1,spectral_all,0.9618948867258064
DS005620,alpha,137,1071,sed2,1,spectral_all,0.933717013329663
DS005620,alpha,138,1074,awake,0,spectral_all,0.07932952386308696
DS005620,alpha,139,1074,sed,1,spectral_all,0.9874485141067944
DS005620,alpha,140,1074,sed2,1,spectral_all,0.9509815030640697
DS005620,alpha,80,1010,awake,0,gcc_pi,0.29243029187983144
DS005620,alpha,81,1010,sed,1,gcc_pi,0.6615988981948249
DS005620,alpha,82,1010,sed2,1,gcc_pi,0.5828908951209585
DS005620,alpha,83,1016,awake,0,gcc_pi,0.25595041694671017
DS005620,alpha,84,1016,sed,1,gcc_pi,0.10801120875235147
DS005620,alpha,85,1016,sed2,1,gcc_pi,0.11614752469306792
DS005620,alpha,86,1017,awake,0,gcc_pi,0.2777222386358767
DS005620,alpha,87,1017,sed,1,gcc_pi,0.39191145402446204
DS005620,alpha,88,1017,sed2,1,gcc_pi,0.3050711749869945
DS005620,alpha,89,1022,awake,0,gcc_pi,0.2996445406602747
DS005620,alpha,90,1022,sed,1,gcc_pi,0.964507356089839
DS005620,alpha,91,1022,sed2,1,gcc_pi,0.951641665562295
DS005620,alpha,92,1024,awake,0,gcc_pi,0.2998400807312575
DS005620,alpha,93,1024,sed,1,gcc_pi,0.9573816690830412
DS005620,alpha,94,1024,sed2,1,gcc_pi,0.9313016418438418
DS005620,alpha,95,1033,awake,0,gcc_pi,0.2963406156668476
DS005620,alpha,96,1033,sed,1,gcc_pi,0.9938291402488192
DS005620,alpha,97,1033,sed2,1,gcc_pi,0.994684837786991
DS005620,alpha,98,1036,awake,0,gcc_pi,0.2992651806388182
DS005620,alpha,99,1036,sed,1,gcc_pi,0.9591781476241916
DS005620,alpha,100,1036,sed2,1,gcc_pi,0.9769354188811171
DS005620,alpha,101,1037,awake,0,gcc_pi,0.28921359681405784
DS005620,alpha,102,1045,awake,0,gcc_pi,0.29564675984252153
DS005620,alpha,103,1045,sed,1,gcc_pi,0.9960787852602666
DS005620,alpha,104,1045,sed2,1,gcc_pi,0.995520409256727
DS005620,alpha,105,1046,awake,0,gcc_pi,0.29810025227172926
DS005620,alpha,106,1046,sed,1,gcc_pi,0.9407793351883644
DS005620,alpha,107,1046,sed2,1,gcc_pi,0.7254473941133674
DS005620,alpha,108,1054,awake,0,gcc_pi,0.27712733304421994
DS005620,alpha,109,1054,sed,1,gcc_pi,0.5541487237936055
DS005620,alpha,110,1054,sed2,1,gcc_pi,0.19418436610141152
DS005620,alpha,111,1055,awake,0,gcc_pi,0.28529526773592795
DS005620,alpha,112,1055,sed,1,gcc_pi,0.6215578498942147
DS005620,alpha,113,1055,sed2,1,gcc_pi,0.3549406938440932
DS005620,alpha,114,1057,awake,0,gcc_pi,0.29827802637275297
DS005620,alpha,115,1057,sed,1,gcc_pi,0.9891602542145153
DS005620,alpha,116,1057,sed2,1,gcc_pi,0.9751387070741893
DS005620,alpha,117,1060,awake,0,gcc_pi,0.29066747060210246
DS005620,alpha,118,1060,sed,1,gcc_pi,0.5336121970906412
DS005620,alpha,119,1060,sed2,1,gcc_pi,0.6270145437420185
DS005620,alpha,120,1061,awake,0,gcc_pi,0.2989067971031211
DS005620,alpha,121,1061,sed,1,gcc_pi,0.8590809705971918
DS005620,alpha,122,1061,sed2,1,gcc_pi,0.796750655784033
DS005620,alpha,123,1062,awake,0,gcc_pi,0.2990749370715528
DS005620,alpha,124,1062,sed,1,gcc_pi,0.79020101025712
DS005620,alpha,125,1062,sed2,1,gcc_pi,0.904989684189845
DS005620,alpha,126,1064,awake,0,gcc_pi,0.2965078927707394
DS005620,alpha,127,1064,sed,1,gcc_pi,0.7483223282982098
DS005620,alpha,128,1064,sed2,1,gcc_pi,0.7250641989508789
DS005620,alpha,129,1067,awake,0,gcc_pi,0.24350683680079793
DS005620,alpha,130,1067,sed,1,gcc_pi,0.04225233131081038
DS005620,alpha,131,1067,sed2,1,gcc_pi,0.045954400194717186
DS005620,alpha,132,1068,awake,0,gcc_pi,0.29458707458716077
DS005620,alpha,133,1068,sed,1,gcc_pi,0.8965992731182211
DS005620,alpha,134,1068,sed2,1,gcc_pi,0.5495062695491343
DS005620,alpha,135,1071,awake,0,gcc_pi,0.29974035023160917
DS005620,alpha,136,1071,sed,1,gcc_pi,0.9276011341548062
DS005620,alpha,137,1071,sed2,1,gcc_pi,0.9645209192727473
DS005620,alpha,138,1074,awake,0,gcc_pi,0.29522206266462164
DS005620,alpha,139,1074,sed,1,gcc_pi,0.6941076446354585
DS005620,alpha,140,1074,sed2,1,gcc_pi,0.6984125193667482
DS005620,alpha,80,1010,awake,0,gcc_triad_plus_pi,0.28460547044480383
DS005620,alpha,81,1010,sed,1,gcc_triad_plus_pi,0.7567306647101718
DS005620,alpha,82,1010,sed2,1,gcc_triad_plus_pi,0.6913325364509718
DS005620,alpha,83,1016,awake,0,gcc_triad_plus_pi,0.24988038773751517
DS005620,alpha,84,1016,sed,1,gcc_triad_plus_pi,0.12152362258857778
DS005620,alpha,85,1016,sed2,1,gcc_triad_plus_pi,0.15853023375753947
DS005620,alpha,86,1017,awake,0,gcc_triad_plus_pi,0.2615408899865737
DS005620,alpha,87,1017,sed,1,gcc_triad_plus_pi,0.3146744095104157
DS005620,alpha,88,1017,sed2,1,gcc_triad_plus_pi,0.2229353635499949
DS005620,alpha,89,1022,awake,0,gcc_triad_plus_pi,0.28871121226387136
DS005620,alpha,90,1022,sed,1,gcc_triad_plus_pi,0.9623160001797204
DS005620,alpha,91,1022,sed2,1,gcc_triad_plus_pi,0.9737995823464041
DS005620,alpha,92,1024,awake,0,gcc_triad_plus_pi,0.28851268514488543
DS005620,alpha,93,1024,sed,1,gcc_triad_plus_pi,0.9420041969878798
DS005620,alpha,94,1024,sed2,1,gcc_triad_plus_pi,0.9162675491620029
DS005620,alpha,95,1033,awake,0,gcc_triad_plus_pi,0.2853921988686201
DS005620,alpha,96,1033,sed,1,gcc_triad_plus_pi,0.9666639330714453
DS005620,alpha,97,1033,sed2,1,gcc_triad_plus_pi,0.9695659163294191
DS005620,alpha,98,1036,awake,0,gcc_triad_plus_pi,0.28837525271767656
DS005620,alpha,99,1036,sed,1,gcc_triad_plus_pi,0.9773511548365909
DS005620,alpha,100,1036,sed2,1,gcc_triad_plus_pi,0.9845840428911437
DS005620,alpha,101,1037,awake,0,gcc_triad_plus_pi,0.2785681920452862
DS005620,alpha,102,1045,awake,0,gcc_triad_plus_pi,0.2850319447162743
DS005620,alpha,103,1045,sed,1,gcc_triad_plus_pi,0.9827752445978684
DS005620,alpha,104,1045,sed2,1,gcc_triad_plus_pi,0.9873282591810845
DS005620,alpha,105,1046,awake,0,gcc_triad_plus_pi,0.2866875539161258
DS005620,alpha,106,1046,sed,1,gcc_triad_plus_pi,0.9356178022953993
DS005620,alpha,107,1046,sed2,1,gcc_triad_plus_pi,0.7034399061600572
DS005620,alpha,108,1054,awake,0,gcc_triad_plus_pi,0.2676734649169849
DS005620,alpha,109,1054,sed,1,gcc_triad_plus_pi,0.5919989980459193
DS005620,alpha,110,1054,sed2,1,gcc_triad_plus_pi,0.2235119984727362
DS005620,alpha,111,1055,awake,0,gcc_triad_plus_pi,0.26073201047838884
DS005620,alpha,112,1055,sed,1,gcc_triad_plus_pi,0.18550221876179587
DS005620,alpha,113,1055,sed2,1,gcc_triad_plus_pi,0.10918954252232513
DS005620,alpha,114,1057,awake,0,gcc_triad_plus_pi,0.28725330633337354
DS005620,alpha,115,1057,sed,1,gcc_triad_plus_pi,0.9742213106212709
DS005620,alpha,116,1057,sed2,1,gcc_triad_plus_pi,0.9495927786547326
DS005620,alpha,117,1060,awake,0,gcc_triad_plus_pi,0.28223148743648313
DS005620,alpha,118,1060,sed,1,gcc_triad_plus_pi,0.5965567895933046
DS005620,alpha,119,1060,sed2,1,gcc_triad_plus_pi,0.7069151484043567
DS005620,alpha,120,1061,awake,0,gcc_triad_plus_pi,0.2860549838932799
DS005620,alpha,121,1061,sed,1,gcc_triad_plus_pi,0.8700484993228211
DS005620,alpha,122,1061,sed2,1,gcc_triad_plus_pi,0.6883946263515399
DS005620,alpha,123,1062,awake,0,gcc_triad_plus_pi,0.2843630752947518
DS005620,alpha,124,1062,sed,1,gcc_triad_plus_pi,0.6328743237430863
DS005620,alpha,125,1062,sed2,1,gcc_triad_plus_pi,0.7906189600517101
DS005620,alpha,126,1064,awake,0,gcc_triad_plus_pi,0.2889244119475193
DS005620,alpha,127,1064,sed,1,gcc_triad_plus_pi,0.8854787580470598
DS005620,alpha,128,1064,sed2,1,gcc_triad_plus_pi,0.8951394430748713
DS005620,alpha,129,1067,awake,0,gcc_triad_plus_pi,0.22312677059403607
DS005620,alpha,130,1067,sed,1,gcc_triad_plus_pi,0.012917724205435714
DS005620,alpha,131,1067,sed2,1,gcc_triad_plus_pi,0.01411183642384648
DS005620,alpha,132,1068,awake,0,gcc_triad_plus_pi,0.27929092999020466
DS005620,alpha,133,1068,sed,1,gcc_triad_plus_pi,0.20498105506510364
DS005620,alpha,134,1068,sed2,1,gcc_triad_plus_pi,0.11547044782884261
DS005620,alpha,135,1071,awake,0,gcc_triad_plus_pi,0.28902786454389257
DS005620,alpha,136,1071,sed,1,gcc_triad_plus_pi,0.9330542905276115
DS005620,alpha,137,1071,sed2,1,gcc_triad_plus_pi,0.9597080156207646
DS005620,alpha,138,1074,awake,0,gcc_triad_plus_pi,0.28739690143997676
DS005620,alpha,139,1074,sed,1,gcc_triad_plus_pi,0.8027494161273605
DS005620,alpha,140,1074,sed2,1,gcc_triad_plus_pi,0.816364051456517
DS005620,alpha,80,1010,awake,0,spectral_all_plus_gcc,0.0712302134075175
DS005620,alpha,81,1010,sed,1,spectral_all_plus_gcc,0.8509675265648862
DS005620,alpha,82,1010,sed2,1,spectral_all_plus_gcc,0.9595474307848862
DS005620,alpha,83,1016,awake,0,spectral_all_plus_gcc,0.06718780922377288
DS005620,alpha,84,1016,sed,1,spectral_all_plus_gcc,0.49796792881005003
DS005620,alpha,85,1016,sed2,1,spectral_all_plus_gcc,0.8778428817970146
DS005620,alpha,86,1017,awake,0,spectral_all_plus_gcc,0.07062657895213116
DS005620,alpha,87,1017,sed,1,spectral_all_plus_gcc,0.837537748837212
DS005620,alpha,88,1017,sed2,1,spectral_all_plus_gcc,0.9778391894209741
DS005620,alpha,89,1022,awake,0,spectral_all_plus_gcc,0.06994431477669617
DS005620,alpha,90,1022,sed,1,spectral_all_plus_gcc,0.9944326394170462
DS005620,alpha,91,1022,sed2,1,spectral_all_plus_gcc,0.9983380975335621
DS005620,alpha,92,1024,awake,0,spectral_all_plus_gcc,0.07151796159135923
DS005620,alpha,93,1024,sed,1,spectral_all_plus_gcc,0.9963028155948606
DS005620,alpha,94,1024,sed2,1,spectral_all_plus_gcc,0.9891909978588461
DS005620,alpha,95,1033,awake,0,spectral_all_plus_gcc,0.06885113072675618
DS005620,alpha,96,1033,sed,1,spectral_all_plus_gcc,0.6588672802516471
DS005620,alpha,97,1033,sed2,1,spectral_all_plus_gcc,0.9494936191820124
DS005620,alpha,98,1036,awake,0,spectral_all_plus_gcc,0.06918255223653055
DS005620,alpha,99,1036,sed,1,spectral_all_plus_gcc,0.9999124678337259
DS005620,alpha,100,1036,sed2,1,spectral_all_plus_gcc,0.9969248032798217
DS005620,alpha,101,1037,awake,0,spectral_all_plus_gcc,0.06880428967831155
DS005620,alpha,102,1045,awake,0,spectral_all_plus_gcc,0.07152547811777978
DS005620,alpha,103,1045,sed,1,spectral_all_plus_gcc,0.9985882600779685
DS005620,alpha,104,1045,sed2,1,spectral_all_plus_gcc,0.9933343132768938
DS005620,alpha,105,1046,awake,0,spectral_all_plus_gcc,0.06832992840298363
DS005620,alpha,106,1046,sed,1,spectral_all_plus_gcc,0.5911390013669474
DS005620,alpha,107,1046,sed2,1,spectral_all_plus_gcc,0.9369529378020708
DS005620,alpha,108,1054,awake,0,spectral_all_plus_gcc,0.06997581714341405
DS005620,alpha,109,1054,sed,1,spectral_all_plus_gcc,0.9993975271267241
DS005620,alpha,110,1054,sed2,1,spectral_all_plus_gcc,0.9990220225991149
DS005620,alpha,111,1055,awake,0,spectral_all_plus_gcc,0.070606645990014
DS005620,alpha,112,1055,sed,1,spectral_all_plus_gcc,0.8318985659294983
DS005620,alpha,113,1055,sed2,1,spectral_all_plus_gcc,0.8085669698443744
DS005620,alpha,114,1057,awake,0,spectral_all_plus_gcc,0.07171894378975632
DS005620,alpha,115,1057,sed,1,spectral_all_plus_gcc,0.9864429317231964
DS005620,alpha,116,1057,sed2,1,spectral_all_plus_gcc,0.9457360220535301
DS005620,alpha,117,1060,awake,0,spectral_all_plus_gcc,0.05759203303144644
DS005620,alpha,118,1060,sed,1,spectral_all_plus_gcc,0.9999999598858154
DS005620,alpha,119,1060,sed2,1,spectral_all_plus_gcc,0.9999997303875586
DS005620,alpha,120,1061,awake,0,spectral_all_plus_gcc,0.07220534060323167
DS005620,alpha,121,1061,sed,1,spectral_all_plus_gcc,0.9831072264635862
DS005620,alpha,122,1061,sed2,1,spectral_all_plus_gcc,0.9937943345525824
DS005620,alpha,123,1062,awake,0,spectral_all_plus_gcc,0.07234186396313423
DS005620,alpha,124,1062,sed,1,spectral_all_plus_gcc,0.9590856106617965
DS005620,alpha,125,1062,sed2,1,spectral_all_plus_gcc,0.9728907033626717
DS005620,alpha,126,1064,awake,0,spectral_all_plus_gcc,0.07082772177543209
DS005620,alpha,127,1064,sed,1,spectral_all_plus_gcc,0.998636016688413
DS005620,alpha,128,1064,sed2,1,spectral_all_plus_gcc,0.9943987165105505
DS005620,alpha,129,1067,awake,0,spectral_all_plus_gcc,0.049508334406067
DS005620,alpha,130,1067,sed,1,spectral_all_plus_gcc,0.013156434938200887
DS005620,alpha,131,1067,sed2,1,spectral_all_plus_gcc,0.12394317215510388
DS005620,alpha,132,1068,awake,0,spectral_all_plus_gcc,0.07002114897185589
DS005620,alpha,133,1068,sed,1,spectral_all_plus_gcc,0.941190534380373
DS005620,alpha,134,1068,sed2,1,spectral_all_plus_gcc,0.7007146281680424
DS005620,alpha,135,1071,awake,0,spectral_all_plus_gcc,0.07156649756463619
DS005620,alpha,136,1071,sed,1,spectral_all_plus_gcc,0.9618756354629185
DS005620,alpha,137,1071,sed2,1,spectral_all_plus_gcc,0.9201232454411512
DS005620,alpha,138,1074,awake,0,spectral_all_plus_gcc,0.07178352844957879
DS005620,alpha,139,1074,sed,1,spectral_all_plus_gcc,0.9877260966420917
DS005620,alpha,140,1074,sed2,1,spectral_all_plus_gcc,0.9518731226317956
DS005620,alpha,80,1010,awake,0,residual_pi_after_spectral_all,0.4964431106347541
DS005620,alpha,81,1010,sed,1,residual_pi_after_spectral_all,0.5299371097700678
DS005620,alpha,82,1010,sed2,1,residual_pi_after_spectral_all,0.5123637050343198
DS005620,alpha,83,1016,awake,0,residual_pi_after_spectral_all,0.4906045445311035
DS005620,alpha,84,1016,sed,1,residual_pi_after_spectral_all,0.37787792361558226
DS005620,alpha,85,1016,sed2,1,residual_pi_after_spectral_all,0.3247852118300987
DS005620,alpha,86,1017,awake,0,residual_pi_after_spectral_all,0.49480010061577323
DS005620,alpha,87,1017,sed,1,residual_pi_after_spectral_all,0.4476220484352149
DS005620,alpha,88,1017,sed2,1,residual_pi_after_spectral_all,0.4312665039368689
DS005620,alpha,89,1022,awake,0,residual_pi_after_spectral_all,0.4998898200897747
DS005620,alpha,90,1022,sed,1,residual_pi_after_spectral_all,0.5406895615527167
DS005620,alpha,91,1022,sed2,1,residual_pi_after_spectral_all,0.5452648162922421
DS005620,alpha,92,1024,awake,0,residual_pi_after_spectral_all,0.49546876755538505
DS005620,alpha,93,1024,sed,1,residual_pi_after_spectral_all,0.6350061691017286
DS005620,alpha,94,1024,sed2,1,residual_pi_after_spectral_all,0.6087128745511559
DS005620,alpha,95,1033,awake,0,residual_pi_after_spectral_all,0.49918147213005143
DS005620,alpha,96,1033,sed,1,residual_pi_after_spectral_all,0.5520516842157337
DS005620,alpha,97,1033,sed2,1,residual_pi_after_spectral_all,0.5601278140407637
DS005620,alpha,98,1036,awake,0,residual_pi_after_spectral_all,0.4927783794908634
DS005620,alpha,99,1036,sed,1,residual_pi_after_spectral_all,0.581660740346609
DS005620,alpha,100,1036,sed2,1,residual_pi_after_spectral_all,0.6074022755468678
DS005620,alpha,101,1037,awake,0,residual_pi_after_spectral_all,0.49536724881936156
DS005620,alpha,102,1045,awake,0,residual_pi_after_spectral_all,0.4933680797169209
DS005620,alpha,103,1045,sed,1,residual_pi_after_spectral_all,0.6027335446185121
DS005620,alpha,104,1045,sed2,1,residual_pi_after_spectral_all,0.5937362949581381
DS005620,alpha,105,1046,awake,0,residual_pi_after_spectral_all,0.49454168047765
DS005620,alpha,106,1046,sed,1,residual_pi_after_spectral_all,0.45940303227891405
DS005620,alpha,107,1046,sed2,1,residual_pi_after_spectral_all,0.3967890374924054
DS005620,alpha,108,1054,awake,0,residual_pi_after_spectral_all,0.4995171141419007
DS005620,alpha,109,1054,sed,1,residual_pi_after_spectral_all,0.4633885967584367
DS005620,alpha,110,1054,sed2,1,residual_pi_after_spectral_all,0.44002670351974627
DS005620,alpha,111,1055,awake,0,residual_pi_after_spectral_all,0.4929631540274675
DS005620,alpha,112,1055,sed,1,residual_pi_after_spectral_all,0.4120450875304435
DS005620,alpha,113,1055,sed2,1,residual_pi_after_spectral_all,0.37806854375918375
DS005620,alpha,114,1057,awake,0,residual_pi_after_spectral_all,0.4951528871034268
DS005620,alpha,115,1057,sed,1,residual_pi_after_spectral_all,0.5936427529786629
DS005620,alpha,116,1057,sed2,1,residual_pi_after_spectral_all,0.5847799095050283
DS005620,alpha,117,1060,awake,0,residual_pi_after_spectral_all,0.49856952344161953
DS005620,alpha,118,1060,sed,1,residual_pi_after_spectral_all,0.4572909964095089
DS005620,alpha,119,1060,sed2,1,residual_pi_after_spectral_all,0.4629256592068646
DS005620,alpha,120,1061,awake,0,residual_pi_after_spectral_all,0.49741172231248526
DS005620,alpha,121,1061,sed,1,residual_pi_after_spectral_all,0.45867519137443846
DS005620,alpha,122,1061,sed2,1,residual_pi_after_spectral_all,0.4372856148302642
DS005620,alpha,123,1062,awake,0,residual_pi_after_spectral_all,0.4954130999468224
DS005620,alpha,124,1062,sed,1,residual_pi_after_spectral_all,0.491384326800011
DS005620,alpha,125,1062,sed2,1,residual_pi_after_spectral_all,0.5211155667821034
DS005620,alpha,126,1064,awake,0,residual_pi_after_spectral_all,0.49684031122550315
DS005620,alpha,127,1064,sed,1,residual_pi_after_spectral_all,0.5550200394291299
DS005620,alpha,128,1064,sed2,1,residual_pi_after_spectral_all,0.5390830396766285
DS005620,alpha,129,1067,awake,0,residual_pi_after_spectral_all,0.48427532584775074
DS005620,alpha,130,1067,sed,1,residual_pi_after_spectral_all,0.34679842780899056
DS005620,alpha,131,1067,sed2,1,residual_pi_after_spectral_all,0.3431461085477288
DS005620,alpha,132,1068,awake,0,residual_pi_after_spectral_all,0.496210273932775
DS005620,alpha,133,1068,sed,1,residual_pi_after_spectral_all,0.5548482189932877
DS005620,alpha,134,1068,sed2,1,residual_pi_after_spectral_all,0.5072089333420416
DS005620,alpha,135,1071,awake,0,residual_pi_after_spectral_all,0.49587957084481826
DS005620,alpha,136,1071,sed,1,residual_pi_after_spectral_all,0.5039035210962883
DS005620,alpha,137,1071,sed2,1,residual_pi_after_spectral_all,0.5390885713364489
DS005620,alpha,138,1074,awake,0,residual_pi_after_spectral_all,0.49580039120718167
DS005620,alpha,139,1074,sed,1,residual_pi_after_spectral_all,0.5048948521964528
DS005620,alpha,140,1074,sed2,1,residual_pi_after_spectral_all,0.518195671801376
DS005620,alpha,80,1010,awake,0,residual_gcc_after_spectral_all,0.489064849831165
DS005620,alpha,81,1010,sed,1,residual_gcc_after_spectral_all,0.6875457563946019
DS005620,alpha,82,1010,sed2,1,residual_gcc_after_spectral_all,0.532547709845367
DS005620,alpha,83,1016,awake,0,residual_gcc_after_spectral_all,0.4678435910823715
DS005620,alpha,84,1016,sed,1,residual_gcc_after_spectral_all,0.1867344769471776
DS005620,alpha,85,1016,sed2,1,residual_gcc_after_spectral_all,0.12577241350360382
DS005620,alpha,86,1017,awake,0,residual_gcc_after_spectral_all,0.4828880239936164
DS005620,alpha,87,1017,sed,1,residual_gcc_after_spectral_all,0.42263867174062775
DS005620,alpha,88,1017,sed2,1,residual_gcc_after_spectral_all,0.4350430335495876
DS005620,alpha,89,1022,awake,0,residual_gcc_after_spectral_all,0.4873247588002655
DS005620,alpha,90,1022,sed,1,residual_gcc_after_spectral_all,0.4805741393690108
DS005620,alpha,91,1022,sed2,1,residual_gcc_after_spectral_all,0.5484985472343399
DS005620,alpha,92,1024,awake,0,residual_gcc_after_spectral_all,0.4836284122430861
DS005620,alpha,93,1024,sed,1,residual_gcc_after_spectral_all,0.697369379858016
DS005620,alpha,94,1024,sed2,1,residual_gcc_after_spectral_all,0.6604800950648716
DS005620,alpha,95,1033,awake,0,residual_gcc_after_spectral_all,0.4779460456617265
DS005620,alpha,96,1033,sed,1,residual_gcc_after_spectral_all,0.23077970978275195
DS005620,alpha,97,1033,sed2,1,residual_gcc_after_spectral_all,0.28470006329830627
DS005620,alpha,98,1036,awake,0,residual_gcc_after_spectral_all,0.4811873195758938
DS005620,alpha,99,1036,sed,1,residual_gcc_after_spectral_all,0.609093441532396
DS005620,alpha,100,1036,sed2,1,residual_gcc_after_spectral_all,0.35458629313234186
DS005620,alpha,101,1037,awake,0,residual_gcc_after_spectral_all,0.4836749933825641
DS005620,alpha,102,1045,awake,0,residual_gcc_after_spectral_all,0.4850483621564712
DS005620,alpha,103,1045,sed,1,residual_gcc_after_spectral_all,0.47253793596034244
DS005620,alpha,104,1045,sed2,1,residual_gcc_after_spectral_all,0.46940721367579963
DS005620,alpha,105,1046,awake,0,residual_gcc_after_spectral_all,0.48531155720231506
DS005620,alpha,106,1046,sed,1,residual_gcc_after_spectral_all,0.6230452754519289
DS005620,alpha,107,1046,sed2,1,residual_gcc_after_spectral_all,0.5241772637347658
DS005620,alpha,108,1054,awake,0,residual_gcc_after_spectral_all,0.49059028394932064
DS005620,alpha,109,1054,sed,1,residual_gcc_after_spectral_all,0.3939620572962687
DS005620,alpha,110,1054,sed2,1,residual_gcc_after_spectral_all,0.36480283977613365
DS005620,alpha,111,1055,awake,0,residual_gcc_after_spectral_all,0.48111731833814725
DS005620,alpha,112,1055,sed,1,residual_gcc_after_spectral_all,0.370614144690872
DS005620,alpha,113,1055,sed2,1,residual_gcc_after_spectral_all,0.3269390791121712
DS005620,alpha,114,1057,awake,0,residual_gcc_after_spectral_all,0.48342987686168254
DS005620,alpha,115,1057,sed,1,residual_gcc_after_spectral_all,0.46982381911513615
DS005620,alpha,116,1057,sed2,1,residual_gcc_after_spectral_all,0.3658628781203679
DS005620,alpha,117,1060,awake,0,residual_gcc_after_spectral_all,0.49566762844148377
DS005620,alpha,118,1060,sed,1,residual_gcc_after_spectral_all,0.5232630423438153
DS005620,alpha,119,1060,sed2,1,residual_gcc_after_spectral_all,0.46452084740282373
DS005620,alpha,120,1061,awake,0,residual_gcc_after_spectral_all,0.47933565788222254
DS005620,alpha,121,1061,sed,1,residual_gcc_after_spectral_all,0.773174224049492
DS005620,alpha,122,1061,sed2,1,residual_gcc_after_spectral_all,0.6540326376319001
DS005620,alpha,123,1062,awake,0,residual_gcc_after_spectral_all,0.4840391430722822
DS005620,alpha,124,1062,sed,1,residual_gcc_after_spectral_all,0.5368402219138606
DS005620,alpha,125,1062,sed2,1,residual_gcc_after_spectral_all,0.615377865179947
DS005620,alpha,126,1064,awake,0,residual_gcc_after_spectral_all,0.48595091154812226
DS005620,alpha,127,1064,sed,1,residual_gcc_after_spectral_all,0.5616180622148702
DS005620,alpha,128,1064,sed2,1,residual_gcc_after_spectral_all,0.5462645832510971
DS005620,alpha,129,1067,awake,0,residual_gcc_after_spectral_all,0.47024505411530837
DS005620,alpha,130,1067,sed,1,residual_gcc_after_spectral_all,0.288468777089
DS005620,alpha,131,1067,sed2,1,residual_gcc_after_spectral_all,0.21905057134974
DS005620,alpha,132,1068,awake,0,residual_gcc_after_spectral_all,0.48989472069862783
DS005620,alpha,133,1068,sed,1,residual_gcc_after_spectral_all,0.8593329475326876
DS005620,alpha,134,1068,sed2,1,residual_gcc_after_spectral_all,0.6762046203824839
DS005620,alpha,135,1071,awake,0,residual_gcc_after_spectral_all,0.48530956163115
DS005620,alpha,136,1071,sed,1,residual_gcc_after_spectral_all,0.5065796770201999
DS005620,alpha,137,1071,sed2,1,residual_gcc_after_spectral_all,0.6439566851099772
DS005620,alpha,138,1074,awake,0,residual_gcc_after_spectral_all,0.48533450804909456
DS005620,alpha,139,1074,sed,1,residual_gcc_after_spectral_all,0.5131813767340264
DS005620,alpha,140,1074,sed2,1,residual_gcc_after_spectral_all,0.5674199977049924
Chennu,gamma,40,10,baseline,0,spectral_bandpower,0.22190115664223858
Chennu,gamma,41,10,moderate,1,spectral_bandpower,0.23120624384529465
Chennu,gamma,42,13,baseline,0,spectral_bandpower,0.23495096843881896
Chennu,gamma,43,13,moderate,1,spectral_bandpower,0.548446820009846
Chennu,gamma,44,14,baseline,0,spectral_bandpower,0.22118211038111515
Chennu,gamma,45,14,moderate,1,spectral_bandpower,0.2803543754206794
Chennu,gamma,46,18,baseline,0,spectral_bandpower,0.24011028945040871
Chennu,gamma,47,18,moderate,1,spectral_bandpower,0.9967378959333445
Chennu,gamma,48,2,baseline,0,spectral_bandpower,0.24227533059833414
Chennu,gamma,49,2,moderate,1,spectral_bandpower,0.9800935597876204
Chennu,gamma,50,20,baseline,0,spectral_bandpower,0.22979004492859065
Chennu,gamma,51,20,moderate,1,spectral_bandpower,0.9998488347501895
Chennu,gamma,52,22,baseline,0,spectral_bandpower,0.23644166081973786
Chennu,gamma,53,22,moderate,1,spectral_bandpower,0.5740607395207712
Chennu,gamma,54,23,baseline,0,spectral_bandpower,0.2411396114430217
Chennu,gamma,55,23,moderate,1,spectral_bandpower,0.9873922082628493
Chennu,gamma,56,24,baseline,0,spectral_bandpower,0.2393084345919819
Chennu,gamma,57,24,moderate,1,spectral_bandpower,0.669113200924961
Chennu,gamma,58,25,baseline,0,spectral_bandpower,0.23793730786343406
Chennu,gamma,59,25,moderate,1,spectral_bandpower,0.9951128436048274
Chennu,gamma,60,26,baseline,0,spectral_bandpower,0.2340377541212408
Chennu,gamma,61,26,moderate,1,spectral_bandpower,0.5330020665142033
Chennu,gamma,62,27,baseline,0,spectral_bandpower,0.2046138794699449
Chennu,gamma,63,27,moderate,1,spectral_bandpower,0.013456606569143558
Chennu,gamma,64,28,baseline,0,spectral_bandpower,0.230691678833905
Chennu,gamma,65,28,moderate,1,spectral_bandpower,0.43960492806654583
Chennu,gamma,66,29,baseline,0,spectral_bandpower,0.24435191537164566
Chennu,gamma,67,29,moderate,1,spectral_bandpower,0.8862864174385502
Chennu,gamma,68,3,baseline,0,spectral_bandpower,0.24101081967105217
Chennu,gamma,69,3,moderate,1,spectral_bandpower,0.7889515872344176
Chennu,gamma,70,5,baseline,0,spectral_bandpower,0.24360777236607187
Chennu,gamma,71,5,moderate,1,spectral_bandpower,0.9885122457484167
Chennu,gamma,72,6,baseline,0,spectral_bandpower,0.24008219878408893
Chennu,gamma,73,6,moderate,1,spectral_bandpower,0.686126206832886
Chennu,gamma,74,7,baseline,0,spectral_bandpower,0.24281052462721317
Chennu,gamma,75,7,moderate,1,spectral_bandpower,0.9896690367599276
Chennu,gamma,76,8,baseline,0,spectral_bandpower,0.23552033190178956
Chennu,gamma,77,8,moderate,1,spectral_bandpower,0.5544771393327353
Chennu,gamma,78,9,baseline,0,spectral_bandpower,0.2309400641544505
Chennu,gamma,79,9,moderate,1,spectral_bandpower,0.9999260672138219
Chennu,gamma,40,10,baseline,0,spectral_all,0.20037585282301684
Chennu,gamma,41,10,moderate,1,spectral_all,0.2919326191455358
Chennu,gamma,42,13,baseline,0,spectral_all,0.2121619165223644
Chennu,gamma,43,13,moderate,1,spectral_all,0.6552550412372871
Chennu,gamma,44,14,baseline,0,spectral_all,0.19643694430306533
Chennu,gamma,45,14,moderate,1,spectral_all,0.2935116715164595
Chennu,gamma,46,18,baseline,0,spectral_all,0.21322477350341662
Chennu,gamma,47,18,moderate,1,spectral_all,0.9991247229428931
Chennu,gamma,48,2,baseline,0,spectral_all,0.2153280814424616
Chennu,gamma,49,2,moderate,1,spectral_all,0.9884535466665249
Chennu,gamma,50,20,baseline,0,spectral_all,0.20395991732375676
Chennu,gamma,51,20,moderate,1,spectral_all,0.9999880275546189
Chennu,gamma,52,22,baseline,0,spectral_all,0.212143623781686
Chennu,gamma,53,22,moderate,1,spectral_all,0.6452101509238682
Chennu,gamma,54,23,baseline,0,spectral_all,0.21198859694650402
Chennu,gamma,55,23,moderate,1,spectral_all,0.9985338520049435
Chennu,gamma,56,24,baseline,0,spectral_all,0.20234284946251332
Chennu,gamma,57,24,moderate,1,spectral_all,0.23118768713471827
Chennu,gamma,58,25,baseline,0,spectral_all,0.20565303778271898
Chennu,gamma,59,25,moderate,1,spectral_all,0.9984995206660263
Chennu,gamma,60,26,baseline,0,spectral_all,0.21142250651168026
Chennu,gamma,61,26,moderate,1,spectral_all,0.6419936972784283
Chennu,gamma,62,27,baseline,0,spectral_all,0.17811086238338256
Chennu,gamma,63,27,moderate,1,spectral_all,0.010777966892608144
Chennu,gamma,64,28,baseline,0,spectral_all,0.2096044707618053
Chennu,gamma,65,28,moderate,1,spectral_all,0.5747541641018237
Chennu,gamma,66,29,baseline,0,spectral_all,0.2178242495723783
Chennu,gamma,67,29,moderate,1,spectral_all,0.9360486954942906
Chennu,gamma,68,3,baseline,0,spectral_all,0.20509946481381838
Chennu,gamma,69,3,moderate,1,spectral_all,0.4292115434337942
Chennu,gamma,70,5,baseline,0,spectral_all,0.21673264528410516
Chennu,gamma,71,5,moderate,1,spectral_all,0.9914071230553542
Chennu,gamma,72,6,baseline,0,spectral_all,0.21645827701811546
Chennu,gamma,73,6,moderate,1,spectral_all,0.8371457227195679
Chennu,gamma,74,7,baseline,0,spectral_all,0.2151832226370481
Chennu,gamma,75,7,moderate,1,spectral_all,0.9974179426681692
Chennu,gamma,76,8,baseline,0,spectral_all,0.20677751293629912
Chennu,gamma,77,8,moderate,1,spectral_all,0.506298557263854
Chennu,gamma,78,9,baseline,0,spectral_all,0.2012226088319687
Chennu,gamma,79,9,moderate,1,spectral_all,0.9999978864957506
Chennu,gamma,40,10,baseline,0,gcc_pi,0.12671945443903118
Chennu,gamma,41,10,moderate,1,gcc_pi,0.12069924719899949
Chennu,gamma,42,13,baseline,0,gcc_pi,0.16216737368296077
Chennu,gamma,43,13,moderate,1,gcc_pi,0.9460922147080013
Chennu,gamma,44,14,baseline,0,gcc_pi,0.15276992163338088
Chennu,gamma,45,14,moderate,1,gcc_pi,0.5545846180654853
Chennu,gamma,46,18,baseline,0,gcc_pi,0.16172511773652953
Chennu,gamma,47,18,moderate,1,gcc_pi,0.968291456248145
Chennu,gamma,48,2,baseline,0,gcc_pi,0.1547272705473425
Chennu,gamma,49,2,moderate,1,gcc_pi,0.6064900203735499
Chennu,gamma,50,20,baseline,0,gcc_pi,0.16019525685590838
Chennu,gamma,51,20,moderate,1,gcc_pi,0.9889097813980569
Chennu,gamma,52,22,baseline,0,gcc_pi,0.16009651475423045
Chennu,gamma,53,22,moderate,1,gcc_pi,0.9895208322230533
Chennu,gamma,54,23,baseline,0,gcc_pi,0.16100839867128475
Chennu,gamma,55,23,moderate,1,gcc_pi,0.9816437028798103
Chennu,gamma,56,24,baseline,0,gcc_pi,0.16092515255577852
Chennu,gamma,57,24,moderate,1,gcc_pi,0.9826337284127389
Chennu,gamma,58,25,baseline,0,gcc_pi,0.16139476689047746
Chennu,gamma,59,25,moderate,1,gcc_pi,0.9758304531153735
Chennu,gamma,60,26,baseline,0,gcc_pi,0.16172954613400678
Chennu,gamma,61,26,moderate,1,gcc_pi,0.8677164715582101
Chennu,gamma,62,27,baseline,0,gcc_pi,0.16189226662325437
Chennu,gamma,63,27,moderate,1,gcc_pi,0.8796902230232854
Chennu,gamma,64,28,baseline,0,gcc_pi,0.1622421100831454
Chennu,gamma,65,28,moderate,1,gcc_pi,0.9265787728255276
Chennu,gamma,66,29,baseline,0,gcc_pi,0.15910835246691732
Chennu,gamma,67,29,moderate,1,gcc_pi,0.7451348850610625
Chennu,gamma,68,3,baseline,0,gcc_pi,0.16160034442823645
Chennu,gamma,69,3,moderate,1,gcc_pi,0.9715416766754928
Chennu,gamma,70,5,baseline,0,gcc_pi,0.1621914726917405
Chennu,gamma,71,5,moderate,1,gcc_pi,0.9432126057914046
Chennu,gamma,72,6,baseline,0,gcc_pi,0.14693079468060144
Chennu,gamma,73,6,moderate,1,gcc_pi,0.42107049782137373
Chennu,gamma,74,7,baseline,0,gcc_pi,0.160664387338162
Chennu,gamma,75,7,moderate,1,gcc_pi,0.9853068868620698
Chennu,gamma,76,8,baseline,0,gcc_pi,0.1590240665041209
Chennu,gamma,77,8,moderate,1,gcc_pi,0.9941004424091605
Chennu,gamma,78,9,baseline,0,gcc_pi,0.16189226662325437
Chennu,gamma,79,9,moderate,1,gcc_pi,0.8796902230232856
Chennu,gamma,40,10,baseline,0,gcc_triad_plus_pi,0.08291008626019337
Chennu,gamma,41,10,moderate,1,gcc_triad_plus_pi,0.020774274298171917
Chennu,gamma,42,13,baseline,0,gcc_triad_plus_pi,0.13478304018581513
Chennu,gamma,43,13,moderate,1,gcc_triad_plus_pi,0.942669216223453
Chennu,gamma,44,14,baseline,0,gcc_triad_plus_pi,0.13170909245951037
Chennu,gamma,45,14,moderate,1,gcc_triad_plus_pi,0.7426183092216316
Chennu,gamma,46,18,baseline,0,gcc_triad_plus_pi,0.13469849202742434
Chennu,gamma,47,18,moderate,1,gcc_triad_plus_pi,0.9854567197547673
Chennu,gamma,48,2,baseline,0,gcc_triad_plus_pi,0.1304312248176668
Chennu,gamma,49,2,moderate,1,gcc_triad_plus_pi,0.63459928683742
Chennu,gamma,50,20,baseline,0,gcc_triad_plus_pi,0.13379173760148805
Chennu,gamma,51,20,moderate,1,gcc_triad_plus_pi,0.9944919656722497
Chennu,gamma,52,22,baseline,0,gcc_triad_plus_pi,0.1333276966253875
Chennu,gamma,53,22,moderate,1,gcc_triad_plus_pi,0.9973419960632423
Chennu,gamma,54,23,baseline,0,gcc_triad_plus_pi,0.13314298138811112
Chennu,gamma,55,23,moderate,1,gcc_triad_plus_pi,0.9963868021414006
Chennu,gamma,56,24,baseline,0,gcc_triad_plus_pi,0.13291473798710005
Chennu,gamma,57,24,moderate,1,gcc_triad_plus_pi,0.9978925761985228
Chennu,gamma,58,25,baseline,0,gcc_triad_plus_pi,0.1335372379056528
Chennu,gamma,59,25,moderate,1,gcc_triad_plus_pi,0.9853056492490216
Chennu,gamma,60,26,baseline,0,gcc_triad_plus_pi,0.13161607437097186
Chennu,gamma,61,26,moderate,1,gcc_triad_plus_pi,0.7852692147641427
Chennu,gamma,62,27,baseline,0,gcc_triad_plus_pi,0.13500564096295362
Chennu,gamma,63,27,moderate,1,gcc_triad_plus_pi,0.9233018941664166
Chennu,gamma,64,28,baseline,0,gcc_triad_plus_pi,0.13475274591493908
Chennu,gamma,65,28,moderate,1,gcc_triad_plus_pi,0.9270254879489096
Chennu,gamma,66,29,baseline,0,gcc_triad_plus_pi,0.13492118382601723
Chennu,gamma,67,29,moderate,1,gcc_triad_plus_pi,0.8977036397181867
Chennu,gamma,68,3,baseline,0,gcc_triad_plus_pi,0.13271168503073216
Chennu,gamma,69,3,moderate,1,gcc_triad_plus_pi,0.9737710773558287
Chennu,gamma,70,5,baseline,0,gcc_triad_plus_pi,0.13493191249631872
Chennu,gamma,71,5,moderate,1,gcc_triad_plus_pi,0.9613681478467577
Chennu,gamma,72,6,baseline,0,gcc_triad_plus_pi,0.12096211478436897
Chennu,gamma,73,6,moderate,1,gcc_triad_plus_pi,0.42293280069477585
Chennu,gamma,74,7,baseline,0,gcc_triad_plus_pi,0.13334153390217035
Chennu,gamma,75,7,moderate,1,gcc_triad_plus_pi,0.9973471640962879
Chennu,gamma,76,8,baseline,0,gcc_triad_plus_pi,0.13083633492254246
Chennu,gamma,77,8,moderate,1,gcc_triad_plus_pi,0.9999162012796087
Chennu,gamma,78,9,baseline,0,gcc_triad_plus_pi,0.13349096470579433
Chennu,gamma,79,9,moderate,1,gcc_triad_plus_pi,0.8443315991308964
Chennu,gamma,40,10,baseline,0,spectral_all_plus_gcc,0.061437098945275104
Chennu,gamma,41,10,moderate,1,spectral_all_plus_gcc,0.009707315989314697
Chennu,gamma,42,13,baseline,0,spectral_all_plus_gcc,0.10619184604181606
Chennu,gamma,43,13,moderate,1,spectral_all_plus_gcc,0.9404636003124672
Chennu,gamma,44,14,baseline,0,spectral_all_plus_gcc,0.09689407375001378
Chennu,gamma,45,14,moderate,1,spectral_all_plus_gcc,0.4224311372763571
Chennu,gamma,46,18,baseline,0,spectral_all_plus_gcc,0.10504851443546429
Chennu,gamma,47,18,moderate,1,spectral_all_plus_gcc,0.999352957879358
Chennu,gamma,48,2,baseline,0,spectral_all_plus_gcc,0.10605801183212381
Chennu,gamma,49,2,moderate,1,spectral_all_plus_gcc,0.9651787867202739
Chennu,gamma,50,20,baseline,0,spectral_all_plus_gcc,0.10212929009714945
Chennu,gamma,51,20,moderate,1,spectral_all_plus_gcc,0.9999931836844441
Chennu,gamma,52,22,baseline,0,spectral_all_plus_gcc,0.10533352564558143
Chennu,gamma,53,22,moderate,1,spectral_all_plus_gcc,0.9968000968012614
Chennu,gamma,54,23,baseline,0,spectral_all_plus_gcc,0.10349149282708638
Chennu,gamma,55,23,moderate,1,spectral_all_plus_gcc,0.9997977608416039
Chennu,gamma,56,24,baseline,0,spectral_all_plus_gcc,0.10500168324268774
Chennu,gamma,57,24,moderate,1,spectral_all_plus_gcc,0.9969731482285292
Chennu,gamma,58,25,baseline,0,spectral_all_plus_gcc,0.10422723515008851
Chennu,gamma,59,25,moderate,1,spectral_all_plus_gcc,0.9971928887215519
Chennu,gamma,60,26,baseline,0,spectral_all_plus_gcc,0.10465474580594296
Chennu,gamma,61,26,moderate,1,spectral_all_plus_gcc,0.8434776692439537
Chennu,gamma,62,27,baseline,0,spectral_all_plus_gcc,0.08980560515319884
Chennu,gamma,63,27,moderate,1,spectral_all_plus_gcc,0.07152120356826124
Chennu,gamma,64,28,baseline,0,spectral_all_plus_gcc,0.10610755100116954
Chennu,gamma,65,28,moderate,1,spectral_all_plus_gcc,0.930683056541542
Chennu,gamma,66,29,baseline,0,spectral_all_plus_gcc,0.10673148131036023
Chennu,gamma,67,29,moderate,1,spectral_all_plus_gcc,0.9635136014860646
Chennu,gamma,68,3,baseline,0,spectral_all_plus_gcc,0.10380745753657417
Chennu,gamma,69,3,moderate,1,spectral_all_plus_gcc,0.9483370839841725
Chennu,gamma,70,5,baseline,0,spectral_all_plus_gcc,0.10618429116654282
Chennu,gamma,71,5,moderate,1,spectral_all_plus_gcc,0.992851477946787
Chennu,gamma,72,6,baseline,0,spectral_all_plus_gcc,0.09701030438504554
Chennu,gamma,73,6,moderate,1,spectral_all_plus_gcc,0.44902991785524066
Chennu,gamma,74,7,baseline,0,spectral_all_plus_gcc,0.1043539951045991
Chennu,gamma,75,7,moderate,1,spectral_all_plus_gcc,0.9999359510383451
Chennu,gamma,76,8,baseline,0,spectral_all_plus_gcc,0.10241301163333268
Chennu,gamma,77,8,moderate,1,spectral_all_plus_gcc,0.9997494125385028
Chennu,gamma,78,9,baseline,0,spectral_all_plus_gcc,0.10173625974502733
Chennu,gamma,79,9,moderate,1,spectral_all_plus_gcc,0.9998105040901979
Chennu,gamma,40,10,baseline,0,residual_pi_after_spectral_all,0.33206316338698005
Chennu,gamma,41,10,moderate,1,residual_pi_after_spectral_all,0.168113864662382
Chennu,gamma,42,13,baseline,0,residual_pi_after_spectral_all,0.3740480379369855
Chennu,gamma,43,13,moderate,1,residual_pi_after_spectral_all,0.9428697576558195
Chennu,gamma,44,14,baseline,0,residual_pi_after_spectral_all,0.370788840571257
Chennu,gamma,45,14,moderate,1,residual_pi_after_spectral_all,0.7107935523843366
Chennu,gamma,46,18,baseline,0,residual_pi_after_spectral_all,0.36046440384708617
Chennu,gamma,47,18,moderate,1,residual_pi_after_spectral_all,0.609833663944333
Chennu,gamma,48,2,baseline,0,residual_pi_after_spectral_all,0.3502579954760711
Chennu,gamma,49,2,moderate,1,residual_pi_after_spectral_all,0.16285377483039284
Chennu,gamma,50,20,baseline,0,residual_pi_after_spectral_all,0.37065955586860483
Chennu,gamma,51,20,moderate,1,residual_pi_after_spectral_all,0.18393834006317225
Chennu,gamma,52,22,baseline,0,residual_pi_after_spectral_all,0.37277203295217404
Chennu,gamma,53,22,moderate,1,residual_pi_after_spectral_all,0.9683218806662942
Chennu,gamma,54,23,baseline,0,residual_pi_after_spectral_all,0.360301852052917
Chennu,gamma,55,23,moderate,1,residual_pi_after_spectral_all,0.9615028149840299
Chennu,gamma,56,24,baseline,0,residual_pi_after_spectral_all,0.38926891594372337
Chennu,gamma,57,24,moderate,1,residual_pi_after_spectral_all,0.9905869616895735
Chennu,gamma,58,25,baseline,0,residual_pi_after_spectral_all,0.3550557922721044
Chennu,gamma,59,25,moderate,1,residual_pi_after_spectral_all,2.436476738332048e-05
Chennu,gamma,60,26,baseline,0,residual_pi_after_spectral_all,0.3792603684795043
Chennu,gamma,61,26,moderate,1,residual_pi_after_spectral_all,0.9339140337197923
Chennu,gamma,62,27,baseline,0,residual_pi_after_spectral_all,0.38199141336094555
Chennu,gamma,63,27,moderate,1,residual_pi_after_spectral_all,0.9218826360007201
Chennu,gamma,64,28,baseline,0,residual_pi_after_spectral_all,0.3783899783178268
Chennu,gamma,65,28,moderate,1,residual_pi_after_spectral_all,0.9240506227646939
Chennu,gamma,66,29,baseline,0,residual_pi_after_spectral_all,0.36411242190884413
Chennu,gamma,67,29,moderate,1,residual_pi_after_spectral_all,0.6398300666006339
Chennu,gamma,68,3,baseline,0,residual_pi_after_spectral_all,0.36346140840618657
Chennu,gamma,69,3,moderate,1,residual_pi_after_spectral_all,0.9819737293789517
Chennu,gamma,70,5,baseline,0,residual_pi_after_spectral_all,0.35982360236011
Chennu,gamma,71,5,moderate,1,residual_pi_after_spectral_all,0.19746033206823124
Chennu,gamma,72,6,baseline,0,residual_pi_after_spectral_all,0.3695901389175411
Chennu,gamma,73,6,moderate,1,residual_pi_after_spectral_all,0.719610283379734
Chennu,gamma,74,7,baseline,0,residual_pi_after_spectral_all,0.3607958429798215
Chennu,gamma,75,7,moderate,1,residual_pi_after_spectral_all,0.5942429421900975
Chennu,gamma,76,8,baseline,0,residual_pi_after_spectral_all,0.3620336722109983
Chennu,gamma,77,8,moderate,1,residual_pi_after_spectral_all,0.9744352600767214
Chennu,gamma,78,9,baseline,0,residual_pi_after_spectral_all,0.37903054481964527
Chennu,gamma,79,9,moderate,1,residual_pi_after_spectral_all,0.07059691400556242
Chennu,gamma,40,10,baseline,0,residual_gcc_after_spectral_all,0.312729537308727
Chennu,gamma,41,10,moderate,1,residual_gcc_after_spectral_all,0.07071698741302465
Chennu,gamma,42,13,baseline,0,residual_gcc_after_spectral_all,0.36202207210071663
Chennu,gamma,43,13,moderate,1,residual_gcc_after_spectral_all,0.9375284361476846
Chennu,gamma,44,14,baseline,0,residual_gcc_after_spectral_all,0.3647997037824544
Chennu,gamma,45,14,moderate,1,residual_gcc_after_spectral_all,0.7948642384181053
Chennu,gamma,46,18,baseline,0,residual_gcc_after_spectral_all,0.3468527372321686
Chennu,gamma,47,18,moderate,1,residual_gcc_after_spectral_all,0.6201554495616669
Chennu,gamma,48,2,baseline,0,residual_gcc_after_spectral_all,0.3428984870464168
Chennu,gamma,49,2,moderate,1,residual_gcc_after_spectral_all,0.20095941615563043
Chennu,gamma,50,20,baseline,0,residual_gcc_after_spectral_all,0.36024857696862367
Chennu,gamma,51,20,moderate,1,residual_gcc_after_spectral_all,0.07951552568048746
Chennu,gamma,52,22,baseline,0,residual_gcc_after_spectral_all,0.36005212402473813
Chennu,gamma,53,22,moderate,1,residual_gcc_after_spectral_all,0.9705253138175606
Chennu,gamma,54,23,baseline,0,residual_gcc_after_spectral_all,0.33772638284024964
Chennu,gamma,55,23,moderate,1,residual_gcc_after_spectral_all,0.9933193801969189
Chennu,gamma,56,24,baseline,0,residual_gcc_after_spectral_all,0.36633671066341444
Chennu,gamma,57,24,moderate,1,residual_gcc_after_spectral_all,0.9634062968339074
Chennu,gamma,58,25,baseline,0,residual_gcc_after_spectral_all,0.3347158900955889
Chennu,gamma,59,25,moderate,1,residual_gcc_after_spectral_all,2.947877068062504e-06
Chennu,gamma,60,26,baseline,0,residual_gcc_after_spectral_all,0.361100628215619
Chennu,gamma,61,26,moderate,1,residual_gcc_after_spectral_all,0.8548563285023351
Chennu,gamma,62,27,baseline,0,residual_gcc_after_spectral_all,0.37519570271034197
Chennu,gamma,63,27,moderate,1,residual_gcc_after_spectral_all,0.9654351171374941
Chennu,gamma,64,28,baseline,0,residual_gcc_after_spectral_all,0.3616671358065658
Chennu,gamma,65,28,moderate,1,residual_gcc_after_spectral_all,0.8520509983135258
Chennu,gamma,66,29,baseline,0,residual_gcc_after_spectral_all,0.35148011970853804
Chennu,gamma,67,29,moderate,1,residual_gcc_after_spectral_all,0.6432952782368996
Chennu,gamma,68,3,baseline,0,residual_gcc_after_spectral_all,0.34547804596034465
Chennu,gamma,69,3,moderate,1,residual_gcc_after_spectral_all,0.9948811688248654
Chennu,gamma,70,5,baseline,0,residual_gcc_after_spectral_all,0.3440457915797575
Chennu,gamma,71,5,moderate,1,residual_gcc_after_spectral_all,0.15077266518689617
Chennu,gamma,72,6,baseline,0,residual_gcc_after_spectral_all,0.3559860821159016
Chennu,gamma,73,6,moderate,1,residual_gcc_after_spectral_all,0.6324754434431041
Chennu,gamma,74,7,baseline,0,residual_gcc_after_spectral_all,0.33951398018005424
Chennu,gamma,75,7,moderate,1,residual_gcc_after_spectral_all,0.8943500967160127
Chennu,gamma,76,8,baseline,0,residual_gcc_after_spectral_all,0.3493410467172781
Chennu,gamma,77,8,moderate,1,residual_gcc_after_spectral_all,0.9618201462510819
Chennu,gamma,78,9,baseline,0,residual_gcc_after_spectral_all,0.36761031303934827
Chennu,gamma,79,9,moderate,1,residual_gcc_after_spectral_all,0.04189074380607798
DS005620,gamma,141,1010,awake,0,spectral_bandpower,0.15106167509703278
DS005620,gamma,142,1010,sed,1,spectral_bandpower,0.4724702160414966
DS005620,gamma,143,1010,sed2,1,spectral_bandpower,0.7831368539598135
DS005620,gamma,144,1016,awake,0,spectral_bandpower,0.15926416152053294
DS005620,gamma,145,1016,sed,1,spectral_bandpower,0.7548326000808716
DS005620,gamma,146,1016,sed2,1,spectral_bandpower,0.9913596816444397
DS005620,gamma,147,1017,awake,0,spectral_bandpower,0.15831806601384527
DS005620,gamma,148,1017,sed,1,spectral_bandpower,0.894873398333147
DS005620,gamma,149,1017,sed2,1,spectral_bandpower,0.9146738361395533
DS005620,gamma,150,1022,awake,0,spectral_bandpower,0.14549322305158646
DS005620,gamma,151,1022,sed,1,spectral_bandpower,0.3066203511014392
DS005620,gamma,152,1022,sed2,1,spectral_bandpower,0.19458945242489745
DS005620,gamma,153,1024,awake,0,spectral_bandpower,0.1590837800240732
DS005620,gamma,154,1024,sed,1,spectral_bandpower,0.9396246405014437
DS005620,gamma,155,1024,sed2,1,spectral_bandpower,0.9527313726630884
DS005620,gamma,156,1033,awake,0,spectral_bandpower,0.14683421823282175
DS005620,gamma,157,1033,sed,1,spectral_bandpower,0.3156846348748249
DS005620,gamma,158,1033,sed2,1,spectral_bandpower,0.29281461336133463
DS005620,gamma,159,1036,awake,0,spectral_bandpower,0.15824776996026202
DS005620,gamma,160,1036,sed,1,spectral_bandpower,0.9731520311543383
DS005620,gamma,161,1036,sed2,1,spectral_bandpower,0.9954168657520924
DS005620,gamma,162,1037,awake,0,spectral_bandpower,0.15418939545411736
DS005620,gamma,163,1045,awake,0,spectral_bandpower,0.15993884054702473
DS005620,gamma,164,1045,sed,1,spectral_bandpower,0.9571524322274988
DS005620,gamma,165,1045,sed2,1,spectral_bandpower,0.9208050949692206
DS005620,gamma,166,1046,awake,0,spectral_bandpower,0.1466325704844103
DS005620,gamma,167,1046,sed,1,spectral_bandpower,0.4077639765244145
DS005620,gamma,168,1046,sed2,1,spectral_bandpower,0.37182905672683925
DS005620,gamma,169,1054,awake,0,spectral_bandpower,0.15974059023106973
DS005620,gamma,170,1054,sed,1,spectral_bandpower,0.9909894445745763
DS005620,gamma,171,1054,sed2,1,spectral_bandpower,0.9960714247780399
DS005620,gamma,172,1055,awake,0,spectral_bandpower,0.1598291015456008
DS005620,gamma,173,1055,sed,1,spectral_bandpower,0.810037729444518
DS005620,gamma,174,1055,sed2,1,spectral_bandpower,0.8906640701013834
DS005620,gamma,175,1057,awake,0,spectral_bandpower,0.15928926631666807
DS005620,gamma,176,1057,sed,1,spectral_bandpower,0.7957896550915751
DS005620,gamma,177,1057,sed2,1,spectral_bandpower,0.9414945046862535
DS005620,gamma,178,1060,awake,0,spectral_bandpower,0.13562216989326317
DS005620,gamma,179,1060,sed,1,spectral_bandpower,0.9999993612334747
DS005620,gamma,180,1060,sed2,1,spectral_bandpower,0.9999995756221389
DS005620,gamma,181,1061,awake,0,spectral_bandpower,0.16099283143453988
DS005620,gamma,182,1061,sed,1,spectral_bandpower,0.9704255202554234
DS005620,gamma,183,1061,sed2,1,spectral_bandpower,0.9856978556846991
DS005620,gamma,184,1062,awake,0,spectral_bandpower,0.1610694615217222
DS005620,gamma,185,1062,sed,1,spectral_bandpower,0.9246609147942887
DS005620,gamma,186,1062,sed2,1,spectral_bandpower,0.9505588643862599
DS005620,gamma,187,1064,awake,0,spectral_bandpower,0.15696870433846347
DS005620,gamma,188,1064,sed,1,spectral_bandpower,0.9962054223350918
DS005620,gamma,189,1064,sed2,1,spectral_bandpower,0.9972205471775674
DS005620,gamma,190,1067,awake,0,spectral_bandpower,0.11876469242474853
DS005620,gamma,191,1067,sed,1,spectral_bandpower,0.013299241265668536
DS005620,gamma,192,1067,sed2,1,spectral_bandpower,0.22815541343835502
DS005620,gamma,193,1068,awake,0,spectral_bandpower,0.15863122806669086
DS005620,gamma,194,1068,sed,1,spectral_bandpower,0.9977914118697442
DS005620,gamma,195,1068,sed2,1,spectral_bandpower,0.998669585982144
DS005620,gamma,196,1071,awake,0,spectral_bandpower,0.16013263185132767
DS005620,gamma,197,1071,sed,1,spectral_bandpower,0.982893903100313
DS005620,gamma,198,1071,sed2,1,spectral_bandpower,0.9873541549095322
DS005620,gamma,199,1074,awake,0,spectral_bandpower,0.15997372274714985
DS005620,gamma,200,1074,sed,1,spectral_bandpower,0.9943791630703908
DS005620,gamma,201,1074,sed2,1,spectral_bandpower,0.9872238247840487
DS005620,gamma,141,1010,awake,0,spectral_all,0.07816564713595574
DS005620,gamma,142,1010,sed,1,spectral_all,0.8176345164917609
DS005620,gamma,143,1010,sed2,1,spectral_all,0.9381319502636305
DS005620,gamma,144,1016,awake,0,spectral_all,0.07543248503131998
DS005620,gamma,145,1016,sed,1,spectral_all,0.6150810085509593
DS005620,gamma,146,1016,sed2,1,spectral_all,0.971168955801887
DS005620,gamma,147,1017,awake,0,spectral_all,0.07789240742956782
DS005620,gamma,148,1017,sed,1,spectral_all,0.8319402281449245
DS005620,gamma,149,1017,sed2,1,spectral_all,0.9757656512290509
DS005620,gamma,150,1022,awake,0,spectral_all,0.07710173299732491
DS005620,gamma,151,1022,sed,1,spectral_all,0.9516378312062254
DS005620,gamma,152,1022,sed2,1,spectral_all,0.9893524362057132
DS005620,gamma,153,1024,awake,0,spectral_all,0.07883775069275385
DS005620,gamma,154,1024,sed,1,spectral_all,0.9758079650324132
DS005620,gamma,155,1024,sed2,1,spectral_all,0.9583662466769005
DS005620,gamma,156,1033,awake,0,spectral_all,0.07226759580468373
DS005620,gamma,157,1033,sed,1,spectral_all,0.36493273678223165
DS005620,gamma,158,1033,sed2,1,spectral_all,0.8090916773013854
DS005620,gamma,159,1036,awake,0,spectral_all,0.0767027040545003
DS005620,gamma,160,1036,sed,1,spectral_all,0.9993589885952552
DS005620,gamma,161,1036,sed2,1,spectral_all,0.9782001063636343
DS005620,gamma,162,1037,awake,0,spectral_all,0.07592895055709713
DS005620,gamma,163,1045,awake,0,spectral_all,0.07927592008662507
DS005620,gamma,164,1045,sed,1,spectral_all,0.9827789765772459
DS005620,gamma,165,1045,sed2,1,spectral_all,0.9430874189221338
DS005620,gamma,166,1046,awake,0,spectral_all,0.07648008633998744
DS005620,gamma,167,1046,sed,1,spectral_all,0.6899862173861052
DS005620,gamma,168,1046,sed2,1,spectral_all,0.9569415557549218
DS005620,gamma,169,1054,awake,0,spectral_all,0.0773362854972264
DS005620,gamma,170,1054,sed,1,spectral_all,0.9992591687357332
DS005620,gamma,171,1054,sed2,1,spectral_all,0.9994673563080214
DS005620,gamma,172,1055,awake,0,spectral_all,0.07878152872517755
DS005620,gamma,173,1055,sed,1,spectral_all,0.88051394460888
DS005620,gamma,174,1055,sed2,1,spectral_all,0.9080924001267578
DS005620,gamma,175,1057,awake,0,spectral_all,0.07839439721954264
DS005620,gamma,176,1057,sed,1,spectral_all,0.9506893738351292
DS005620,gamma,177,1057,sed2,1,spectral_all,0.8947258879080724
DS005620,gamma,178,1060,awake,0,spectral_all,0.06356389149393982
DS005620,gamma,179,1060,sed,1,spectral_all,0.999999948633671
DS005620,gamma,180,1060,sed2,1,spectral_all,0.9999997263523086
DS005620,gamma,181,1061,awake,0,spectral_all,0.07943616510048261
DS005620,gamma,182,1061,sed,1,spectral_all,0.988898303524605
DS005620,gamma,183,1061,sed2,1,spectral_all,0.996023799617275
DS005620,gamma,184,1062,awake,0,spectral_all,0.07966096711994035
DS005620,gamma,185,1062,sed,1,spectral_all,0.9541759133378999
DS005620,gamma,186,1062,sed2,1,spectral_all,0.9624603962525522
DS005620,gamma,187,1064,awake,0,spectral_all,0.07793662119443465
DS005620,gamma,188,1064,sed,1,spectral_all,0.9971934541883218
DS005620,gamma,189,1064,sed2,1,spectral_all,0.9934317497438193
DS005620,gamma,190,1067,awake,0,spectral_all,0.0656825870294432
DS005620,gamma,191,1067,sed,1,spectral_all,0.07107507206180391
DS005620,gamma,192,1067,sed2,1,spectral_all,0.6695726997660355
DS005620,gamma,193,1068,awake,0,spectral_all,0.07827524584153822
DS005620,gamma,194,1068,sed,1,spectral_all,0.9899000453695204
DS005620,gamma,195,1068,sed2,1,spectral_all,0.9353798374758401
DS005620,gamma,196,1071,awake,0,spectral_all,0.07886129147344692
DS005620,gamma,197,1071,sed,1,spectral_all,0.9618948867258064
DS005620,gamma,198,1071,sed2,1,spectral_all,0.933717013329663
DS005620,gamma,199,1074,awake,0,spectral_all,0.07932952386308696
DS005620,gamma,200,1074,sed,1,spectral_all,0.9874485141067944
DS005620,gamma,201,1074,sed2,1,spectral_all,0.9509815030640697
DS005620,gamma,141,1010,awake,0,gcc_pi,0.16081295659837055
DS005620,gamma,142,1010,sed,1,gcc_pi,0.9840693457482134
DS005620,gamma,143,1010,sed2,1,gcc_pi,0.9870906696489872
DS005620,gamma,144,1016,awake,0,gcc_pi,0.1610566184714691
DS005620,gamma,145,1016,sed,1,gcc_pi,0.9763064224295477
DS005620,gamma,146,1016,sed2,1,gcc_pi,0.9860230373417113
DS005620,gamma,147,1017,awake,0,gcc_pi,0.15978196139500359
DS005620,gamma,148,1017,sed,1,gcc_pi,0.837221600878237
DS005620,gamma,149,1017,sed2,1,gcc_pi,0.790117411914427
DS005620,gamma,150,1022,awake,0,gcc_pi,0.16004379538741015
DS005620,gamma,151,1022,sed,1,gcc_pi,0.840596620746955
DS005620,gamma,152,1022,sed2,1,gcc_pi,0.8088054538537954
DS005620,gamma,153,1024,awake,0,gcc_pi,0.15243333581184257
DS005620,gamma,154,1024,sed,1,gcc_pi,0.7183989405577396
DS005620,gamma,155,1024,sed2,1,gcc_pi,0.46812160551203724
DS005620,gamma,156,1033,awake,0,gcc_pi,0.16071608836396326
DS005620,gamma,157,1033,sed,1,gcc_pi,0.9830764132370817
DS005620,gamma,158,1033,sed2,1,gcc_pi,0.9894466929504486
DS005620,gamma,159,1036,awake,0,gcc_pi,0.15987018778624953
DS005620,gamma,160,1036,sed,1,gcc_pi,0.9958937157583511
DS005620,gamma,161,1036,sed2,1,gcc_pi,0.8638379874251036
DS005620,gamma,162,1037,awake,0,gcc_pi,0.15492546128896137
DS005620,gamma,163,1045,awake,0,gcc_pi,0.15908876401101232
DS005620,gamma,164,1045,sed,1,gcc_pi,0.9985306615823181
DS005620,gamma,165,1045,sed2,1,gcc_pi,0.9793588771376005
DS005620,gamma,166,1046,awake,0,gcc_pi,0.15693715053632482
DS005620,gamma,167,1046,sed,1,gcc_pi,0.5948667970557244
DS005620,gamma,168,1046,sed2,1,gcc_pi,0.8690466970799634
DS005620,gamma,169,1054,awake,0,gcc_pi,0.16002613112524222
DS005620,gamma,170,1054,sed,1,gcc_pi,0.9581584078115329
DS005620,gamma,171,1054,sed2,1,gcc_pi,0.9969403586794116
DS005620,gamma,172,1055,awake,0,gcc_pi,0.12530778576461687
DS005620,gamma,173,1055,sed,1,gcc_pi,0.11078179734968653
DS005620,gamma,174,1055,sed2,1,gcc_pi,0.1553628978040471
DS005620,gamma,175,1057,awake,0,gcc_pi,0.15937731150980233
DS005620,gamma,176,1057,sed,1,gcc_pi,0.9934325751969528
DS005620,gamma,177,1057,sed2,1,gcc_pi,0.9958231930725965
DS005620,gamma,178,1060,awake,0,gcc_pi,0.1550102270423162
DS005620,gamma,179,1060,sed,1,gcc_pi,0.999636156383766
DS005620,gamma,180,1060,sed2,1,gcc_pi,0.9993775551214321
DS005620,gamma,181,1061,awake,0,gcc_pi,0.15885759155883403
DS005620,gamma,182,1061,sed,1,gcc_pi,0.84170140878619
DS005620,gamma,183,1061,sed2,1,gcc_pi,0.7203167102578174
DS005620,gamma,184,1062,awake,0,gcc_pi,0.15777952394402645
DS005620,gamma,185,1062,sed,1,gcc_pi,0.9993233197678604
DS005620,gamma,186,1062,sed2,1,gcc_pi,0.9931002636812408
DS005620,gamma,187,1064,awake,0,gcc_pi,0.14911895094090305
DS005620,gamma,188,1064,sed,1,gcc_pi,0.7569097628877287
DS005620,gamma,189,1064,sed2,1,gcc_pi,0.32642459050670136
DS005620,gamma,190,1067,awake,0,gcc_pi,0.1571353880237873
DS005620,gamma,191,1067,sed,1,gcc_pi,0.9991688520418224
DS005620,gamma,192,1067,sed2,1,gcc_pi,0.9977490798470581
DS005620,gamma,193,1068,awake,0,gcc_pi,0.15553292429270943
DS005620,gamma,194,1068,sed,1,gcc_pi,0.7838980940756081
DS005620,gamma,195,1068,sed2,1,gcc_pi,0.5688767825252153
DS005620,gamma,196,1071,awake,0,gcc_pi,0.16153775077016444
DS005620,gamma,197,1071,sed,1,gcc_pi,0.9744707471129193
DS005620,gamma,198,1071,sed2,1,gcc_pi,0.9564442854921074
DS005620,gamma,199,1074,awake,0,gcc_pi,0.16043800032696837
DS005620,gamma,200,1074,sed,1,gcc_pi,0.852505123844626
DS005620,gamma,201,1074,sed2,1,gcc_pi,0.8334961897624688
DS005620,gamma,141,1010,awake,0,gcc_triad_plus_pi,0.12188135246127761
DS005620,gamma,142,1010,sed,1,gcc_triad_plus_pi,0.9674573222008176
DS005620,gamma,143,1010,sed2,1,gcc_triad_plus_pi,0.9080434048360997
DS005620,gamma,144,1016,awake,0,gcc_triad_plus_pi,0.12228712557228123
DS005620,gamma,145,1016,sed,1,gcc_triad_plus_pi,0.9563961865713785
DS005620,gamma,146,1016,sed2,1,gcc_triad_plus_pi,0.9177643603903822
DS005620,gamma,147,1017,awake,0,gcc_triad_plus_pi,0.12293743522718759
DS005620,gamma,148,1017,sed,1,gcc_triad_plus_pi,0.9162876387528789
DS005620,gamma,149,1017,sed2,1,gcc_triad_plus_pi,0.8829305068674456
DS005620,gamma,150,1022,awake,0,gcc_triad_plus_pi,0.12211815730329709
DS005620,gamma,151,1022,sed,1,gcc_triad_plus_pi,0.8509231294959162
DS005620,gamma,152,1022,sed2,1,gcc_triad_plus_pi,0.8536407582229683
DS005620,gamma,153,1024,awake,0,gcc_triad_plus_pi,0.11616575115099514
DS005620,gamma,154,1024,sed,1,gcc_triad_plus_pi,0.7736217790482594
DS005620,gamma,155,1024,sed2,1,gcc_triad_plus_pi,0.5204092865362795
DS005620,gamma,156,1033,awake,0,gcc_triad_plus_pi,0.10871181099112466
DS005620,gamma,157,1033,sed,1,gcc_triad_plus_pi,0.12905230987172323
DS005620,gamma,158,1033,sed2,1,gcc_triad_plus_pi,0.05689884962297692
DS005620,gamma,159,1036,awake,0,gcc_triad_plus_pi,0.1221657185053762
DS005620,gamma,160,1036,sed,1,gcc_triad_plus_pi,0.9969150244474516
DS005620,gamma,161,1036,sed2,1,gcc_triad_plus_pi,0.9734062635910121
DS005620,gamma,162,1037,awake,0,gcc_triad_plus_pi,0.11795697479552784
DS005620,gamma,163,1045,awake,0,gcc_triad_plus_pi,0.12101186299005812
DS005620,gamma,164,1045,sed,1,gcc_triad_plus_pi,0.9959901324454526
DS005620,gamma,165,1045,sed2,1,gcc_triad_plus_pi,0.9434245962963941
DS005620,gamma,166,1046,awake,0,gcc_triad_plus_pi,0.119722684158631
DS005620,gamma,167,1046,sed,1,gcc_triad_plus_pi,0.8497882182340905
DS005620,gamma,168,1046,sed2,1,gcc_triad_plus_pi,0.6379193700589932
DS005620,gamma,169,1054,awake,0,gcc_triad_plus_pi,0.12177632516734592
DS005620,gamma,170,1054,sed,1,gcc_triad_plus_pi,0.9848240416102315
DS005620,gamma,171,1054,sed2,1,gcc_triad_plus_pi,0.9992624483754694
DS005620,gamma,172,1055,awake,0,gcc_triad_plus_pi,0.09838139793525841
DS005620,gamma,173,1055,sed,1,gcc_triad_plus_pi,0.21881336796883716
DS005620,gamma,174,1055,sed2,1,gcc_triad_plus_pi,0.25639347370472493
DS005620,gamma,175,1057,awake,0,gcc_triad_plus_pi,0.12145882440302647
DS005620,gamma,176,1057,sed,1,gcc_triad_plus_pi,0.9942814511131652
DS005620,gamma,177,1057,sed2,1,gcc_triad_plus_pi,0.9934513963247543
DS005620,gamma,178,1060,awake,0,gcc_triad_plus_pi,0.11765793320954958
DS005620,gamma,179,1060,sed,1,gcc_triad_plus_pi,0.9994004325056501
DS005620,gamma,180,1060,sed2,1,gcc_triad_plus_pi,0.9995207809129999
DS005620,gamma,181,1061,awake,0,gcc_triad_plus_pi,0.12284184146179673
DS005620,gamma,182,1061,sed,1,gcc_triad_plus_pi,0.9654139662689872
DS005620,gamma,183,1061,sed2,1,gcc_triad_plus_pi,0.8860212587217325
DS005620,gamma,184,1062,awake,0,gcc_triad_plus_pi,0.1195581061488978
DS005620,gamma,185,1062,sed,1,gcc_triad_plus_pi,0.9997400772214879
DS005620,gamma,186,1062,sed2,1,gcc_triad_plus_pi,0.999382117630053
DS005620,gamma,187,1064,awake,0,gcc_triad_plus_pi,0.11330753278756343
DS005620,gamma,188,1064,sed,1,gcc_triad_plus_pi,0.6393183085090174
DS005620,gamma,189,1064,sed2,1,gcc_triad_plus_pi,0.44645356728493174
DS005620,gamma,190,1067,awake,0,gcc_triad_plus_pi,0.1192409210308841
DS005620,gamma,191,1067,sed,1,gcc_triad_plus_pi,0.999293482853004
DS005620,gamma,192,1067,sed2,1,gcc_triad_plus_pi,0.9963679289050038
DS005620,gamma,193,1068,awake,0,gcc_triad_plus_pi,0.12216730880348453
DS005620,gamma,194,1068,sed,1,gcc_triad_plus_pi,0.9709126399589585
DS005620,gamma,195,1068,sed2,1,gcc_triad_plus_pi,0.9226448318957834
DS005620,gamma,196,1071,awake,0,gcc_triad_plus_pi,0.12111707630531525
DS005620,gamma,197,1071,sed,1,gcc_triad_plus_pi,0.9997069352857164
DS005620,gamma,198,1071,sed2,1,gcc_triad_plus_pi,0.9996529318138984
DS005620,gamma,199,1074,awake,0,gcc_triad_plus_pi,0.12325888386300772
DS005620,gamma,200,1074,sed,1,gcc_triad_plus_pi,0.9129063810959757
DS005620,gamma,201,1074,sed2,1,gcc_triad_plus_pi,0.9704083197069386
DS005620,gamma,141,1010,awake,0,spectral_all_plus_gcc,0.04615834271626999
DS005620,gamma,142,1010,sed,1,spectral_all_plus_gcc,0.874698043987093
DS005620,gamma,143,1010,sed2,1,spectral_all_plus_gcc,0.9344148749026392
DS005620,gamma,144,1016,awake,0,spectral_all_plus_gcc,0.046347917419743735
DS005620,gamma,145,1016,sed,1,spectral_all_plus_gcc,0.9132413796281432
DS005620,gamma,146,1016,sed2,1,spectral_all_plus_gcc,0.9978434590256228
DS005620,gamma,147,1017,awake,0,spectral_all_plus_gcc,0.04630872037358981
DS005620,gamma,148,1017,sed,1,spectral_all_plus_gcc,0.873793995244158
DS005620,gamma,149,1017,sed2,1,spectral_all_plus_gcc,0.9606565185423805
DS005620,gamma,150,1022,awake,0,spectral_all_plus_gcc,0.04617365444439013
DS005620,gamma,151,1022,sed,1,spectral_all_plus_gcc,0.9308488064481512
DS005620,gamma,152,1022,sed2,1,spectral_all_plus_gcc,0.9786398488572086
DS005620,gamma,153,1024,awake,0,spectral_all_plus_gcc,0.04613438908172
DS005620,gamma,154,1024,sed,1,spectral_all_plus_gcc,0.9422110090442121
DS005620,gamma,155,1024,sed2,1,spectral_all_plus_gcc,0.8830764116198528
DS005620,gamma,156,1033,awake,0,spectral_all_plus_gcc,0.04240217046168001
DS005620,gamma,157,1033,sed,1,spectral_all_plus_gcc,0.22648077267787012
DS005620,gamma,158,1033,sed2,1,spectral_all_plus_gcc,0.35082576268438687
DS005620,gamma,159,1036,awake,0,spectral_all_plus_gcc,0.04541965132694238
DS005620,gamma,160,1036,sed,1,spectral_all_plus_gcc,0.9997419737118329
DS005620,gamma,161,1036,sed2,1,spectral_all_plus_gcc,0.9966118182656581
DS005620,gamma,162,1037,awake,0,spectral_all_plus_gcc,0.044981831028751244
DS005620,gamma,163,1045,awake,0,spectral_all_plus_gcc,0.04662589434441272
DS005620,gamma,164,1045,sed,1,spectral_all_plus_gcc,0.9972794824814096
DS005620,gamma,165,1045,sed2,1,spectral_all_plus_gcc,0.9805483129779415
DS005620,gamma,166,1046,awake,0,spectral_all_plus_gcc,0.04379156492133336
DS005620,gamma,167,1046,sed,1,spectral_all_plus_gcc,0.44760426632376965
DS005620,gamma,168,1046,sed2,1,spectral_all_plus_gcc,0.743589236912281
DS005620,gamma,169,1054,awake,0,spectral_all_plus_gcc,0.04602445733161559
DS005620,gamma,170,1054,sed,1,spectral_all_plus_gcc,0.9991071664734714
DS005620,gamma,171,1054,sed2,1,spectral_all_plus_gcc,0.9998871630956209
DS005620,gamma,172,1055,awake,0,spectral_all_plus_gcc,0.04201198044278902
DS005620,gamma,173,1055,sed,1,spectral_all_plus_gcc,0.5683685120482805
DS005620,gamma,174,1055,sed2,1,spectral_all_plus_gcc,0.7370739316531487
DS005620,gamma,175,1057,awake,0,spectral_all_plus_gcc,0.04639393486797202
DS005620,gamma,176,1057,sed,1,spectral_all_plus_gcc,0.9916721918952699
DS005620,gamma,177,1057,sed2,1,spectral_all_plus_gcc,0.9937832417681769
DS005620,gamma,178,1060,awake,0,spectral_all_plus_gcc,0.040379619135062716
DS005620,gamma,179,1060,sed,1,spectral_all_plus_gcc,0.999999651858068
DS005620,gamma,180,1060,sed2,1,spectral_all_plus_gcc,0.9999992315535827
DS005620,gamma,181,1061,awake,0,spectral_all_plus_gcc,0.04716219366341709
DS005620,gamma,182,1061,sed,1,spectral_all_plus_gcc,0.9919047684786089
DS005620,gamma,183,1061,sed2,1,spectral_all_plus_gcc,0.9939291723112728
DS005620,gamma,184,1062,awake,0,spectral_all_plus_gcc,0.04655379077330275
DS005620,gamma,185,1062,sed,1,spectral_all_plus_gcc,0.998658622678956
DS005620,gamma,186,1062,sed2,1,spectral_all_plus_gcc,0.9977173593471329
DS005620,gamma,187,1064,awake,0,spectral_all_plus_gcc,0.04620486476686838
DS005620,gamma,188,1064,sed,1,spectral_all_plus_gcc,0.9778147411670876
DS005620,gamma,189,1064,sed2,1,spectral_all_plus_gcc,0.9410817941604888
DS005620,gamma,190,1067,awake,0,spectral_all_plus_gcc,0.04473491969330347
DS005620,gamma,191,1067,sed,1,spectral_all_plus_gcc,0.7310936109902665
DS005620,gamma,192,1067,sed2,1,spectral_all_plus_gcc,0.9625198857202851
DS005620,gamma,193,1068,awake,0,spectral_all_plus_gcc,0.04653420096430532
DS005620,gamma,194,1068,sed,1,spectral_all_plus_gcc,0.9952393051271289
DS005620,gamma,195,1068,sed2,1,spectral_all_plus_gcc,0.9885895307268793
DS005620,gamma,196,1071,awake,0,spectral_all_plus_gcc,0.0464854831760957
DS005620,gamma,197,1071,sed,1,spectral_all_plus_gcc,0.9982073023639472
DS005620,gamma,198,1071,sed2,1,spectral_all_plus_gcc,0.9976348881375622
DS005620,gamma,199,1074,awake,0,spectral_all_plus_gcc,0.047207303415825456
DS005620,gamma,200,1074,sed,1,spectral_all_plus_gcc,0.9904981913827868
DS005620,gamma,201,1074,sed2,1,spectral_all_plus_gcc,0.9823273974114719
DS005620,gamma,141,1010,awake,0,residual_pi_after_spectral_all,0.48216124931600973
DS005620,gamma,142,1010,sed,1,residual_pi_after_spectral_all,0.6377660768849378
DS005620,gamma,143,1010,sed2,1,residual_pi_after_spectral_all,0.6428603399964415
DS005620,gamma,144,1016,awake,0,residual_pi_after_spectral_all,0.4833746893703361
DS005620,gamma,145,1016,sed,1,residual_pi_after_spectral_all,0.728403733519139
DS005620,gamma,146,1016,sed2,1,residual_pi_after_spectral_all,0.7393744072168308
DS005620,gamma,147,1017,awake,0,residual_pi_after_spectral_all,0.4753336922120351
DS005620,gamma,148,1017,sed,1,residual_pi_after_spectral_all,0.4475096046185779
DS005620,gamma,149,1017,sed2,1,residual_pi_after_spectral_all,0.3439578131364663
DS005620,gamma,150,1022,awake,0,residual_pi_after_spectral_all,0.4707663301639528
DS005620,gamma,151,1022,sed,1,residual_pi_after_spectral_all,0.4127179501680342
DS005620,gamma,152,1022,sed2,1,residual_pi_after_spectral_all,0.28860734731088483
DS005620,gamma,153,1024,awake,0,residual_pi_after_spectral_all,0.47364554960203464
DS005620,gamma,154,1024,sed,1,residual_pi_after_spectral_all,0.3353485300186741
DS005620,gamma,155,1024,sed2,1,residual_pi_after_spectral_all,0.2826958824595908
DS005620,gamma,156,1033,awake,0,residual_pi_after_spectral_all,0.48204662465641046
DS005620,gamma,157,1033,sed,1,residual_pi_after_spectral_all,0.6591021573207323
DS005620,gamma,158,1033,sed2,1,residual_pi_after_spectral_all,0.5864375178906256
DS005620,gamma,159,1036,awake,0,residual_pi_after_spectral_all,0.47329680935912016
DS005620,gamma,160,1036,sed,1,residual_pi_after_spectral_all,0.6066709277847308
DS005620,gamma,161,1036,sed2,1,residual_pi_after_spectral_all,0.6221164853975285
DS005620,gamma,162,1037,awake,0,residual_pi_after_spectral_all,0.47612953763227867
DS005620,gamma,163,1045,awake,0,residual_pi_after_spectral_all,0.46971425913987463
DS005620,gamma,164,1045,sed,1,residual_pi_after_spectral_all,0.8008105507946816
DS005620,gamma,165,1045,sed2,1,residual_pi_after_spectral_all,0.6908926175854955
DS005620,gamma,166,1046,awake,0,residual_pi_after_spectral_all,0.47196521539838165
DS005620,gamma,167,1046,sed,1,residual_pi_after_spectral_all,0.32251252741770386
DS005620,gamma,168,1046,sed2,1,residual_pi_after_spectral_all,0.2948823666228004
DS005620,gamma,169,1054,awake,0,residual_pi_after_spectral_all,0.47669370099607283
DS005620,gamma,170,1054,sed,1,residual_pi_after_spectral_all,0.40621293150254956
DS005620,gamma,171,1054,sed2,1,residual_pi_after_spectral_all,0.5663657869185682
DS005620,gamma,172,1055,awake,0,residual_pi_after_spectral_all,0.46594820590955044
DS005620,gamma,173,1055,sed,1,residual_pi_after_spectral_all,0.1900206580500346
DS005620,gamma,174,1055,sed2,1,residual_pi_after_spectral_all,0.21675519846076371
DS005620,gamma,175,1057,awake,0,residual_pi_after_spectral_all,0.47588710370858256
DS005620,gamma,176,1057,sed,1,residual_pi_after_spectral_all,0.6076417952079448
DS005620,gamma,177,1057,sed2,1,residual_pi_after_spectral_all,0.7152957101416921
DS005620,gamma,178,1060,awake,0,residual_pi_after_spectral_all,0.47722797787168125
DS005620,gamma,179,1060,sed,1,residual_pi_after_spectral_all,0.47407207753482655
DS005620,gamma,180,1060,sed2,1,residual_pi_after_spectral_all,0.5250508344532671
DS005620,gamma,181,1061,awake,0,residual_pi_after_spectral_all,0.4818846238836424
DS005620,gamma,182,1061,sed,1,residual_pi_after_spectral_all,0.3407452365761204
DS005620,gamma,183,1061,sed2,1,residual_pi_after_spectral_all,0.2599232750527384
DS005620,gamma,184,1062,awake,0,residual_pi_after_spectral_all,0.4759173440876257
DS005620,gamma,185,1062,sed,1,residual_pi_after_spectral_all,0.7820544742106256
DS005620,gamma,186,1062,sed2,1,residual_pi_after_spectral_all,0.6475776835104661
DS005620,gamma,187,1064,awake,0,residual_pi_after_spectral_all,0.46996630195707173
DS005620,gamma,188,1064,sed,1,residual_pi_after_spectral_all,0.3616229929704138
DS005620,gamma,189,1064,sed2,1,residual_pi_after_spectral_all,0.2876859372113007
DS005620,gamma,190,1067,awake,0,residual_pi_after_spectral_all,0.4968464514355862
DS005620,gamma,191,1067,sed,1,residual_pi_after_spectral_all,0.6827045902786382
DS005620,gamma,192,1067,sed2,1,residual_pi_after_spectral_all,0.6255083328085527
DS005620,gamma,193,1068,awake,0,residual_pi_after_spectral_all,0.47865594313571586
DS005620,gamma,194,1068,sed,1,residual_pi_after_spectral_all,0.5358902367452383
DS005620,gamma,195,1068,sed2,1,residual_pi_after_spectral_all,0.5781432225410476
DS005620,gamma,196,1071,awake,0,residual_pi_after_spectral_all,0.47774834698024155
DS005620,gamma,197,1071,sed,1,residual_pi_after_spectral_all,0.5840472794268345
DS005620,gamma,198,1071,sed2,1,residual_pi_after_spectral_all,0.5786884563290122
DS005620,gamma,199,1074,awake,0,residual_pi_after_spectral_all,0.477111798473086
DS005620,gamma,200,1074,sed,1,residual_pi_after_spectral_all,0.49601749036649423
DS005620,gamma,201,1074,sed2,1,residual_pi_after_spectral_all,0.5440186780204229
DS005620,gamma,141,1010,awake,0,residual_gcc_after_spectral_all,0.4728550168041165
DS005620,gamma,142,1010,sed,1,residual_gcc_after_spectral_all,0.8114584803107122
DS005620,gamma,143,1010,sed2,1,residual_gcc_after_spectral_all,0.6170368651626643
DS005620,gamma,144,1016,awake,0,residual_gcc_after_spectral_all,0.469176502600759
DS005620,gamma,145,1016,sed,1,residual_gcc_after_spectral_all,0.6327620186783055
DS005620,gamma,146,1016,sed2,1,residual_gcc_after_spectral_all,0.5208374162515594
DS005620,gamma,147,1017,awake,0,residual_gcc_after_spectral_all,0.46416474089799614
DS005620,gamma,148,1017,sed,1,residual_gcc_after_spectral_all,0.49652863729701163
DS005620,gamma,149,1017,sed2,1,residual_gcc_after_spectral_all,0.36535591678957463
DS005620,gamma,150,1022,awake,0,residual_gcc_after_spectral_all,0.45882224594707544
DS005620,gamma,151,1022,sed,1,residual_gcc_after_spectral_all,0.3988968598547869
DS005620,gamma,152,1022,sed2,1,residual_gcc_after_spectral_all,0.2722514315105896
DS005620,gamma,153,1024,awake,0,residual_gcc_after_spectral_all,0.46124169546982535
DS005620,gamma,154,1024,sed,1,residual_gcc_after_spectral_all,0.31518373745837813
DS005620,gamma,155,1024,sed2,1,residual_gcc_after_spectral_all,0.2618574509854618
DS005620,gamma,156,1033,awake,0,residual_gcc_after_spectral_all,0.4542612351768195
DS005620,gamma,157,1033,sed,1,residual_gcc_after_spectral_all,0.09052405658259693
DS005620,gamma,158,1033,sed2,1,residual_gcc_after_spectral_all,0.049355168856714066
DS005620,gamma,159,1036,awake,0,residual_gcc_after_spectral_all,0.46059572220336764
DS005620,gamma,160,1036,sed,1,residual_gcc_after_spectral_all,0.6064688096086635
DS005620,gamma,161,1036,sed2,1,residual_gcc_after_spectral_all,0.7882926718874049
DS005620,gamma,162,1037,awake,0,residual_gcc_after_spectral_all,0.4641254421817053
DS005620,gamma,163,1045,awake,0,residual_gcc_after_spectral_all,0.46061923906625557
DS005620,gamma,164,1045,sed,1,residual_gcc_after_spectral_all,0.7432347107482671
DS005620,gamma,165,1045,sed2,1,residual_gcc_after_spectral_all,0.6541589715803211
DS005620,gamma,166,1046,awake,0,residual_gcc_after_spectral_all,0.46487875025700826
DS005620,gamma,167,1046,sed,1,residual_gcc_after_spectral_all,0.5816525002063749
DS005620,gamma,168,1046,sed2,1,residual_gcc_after_spectral_all,0.4553028999632054
DS005620,gamma,169,1054,awake,0,residual_gcc_after_spectral_all,0.46728246960783404
DS005620,gamma,170,1054,sed,1,residual_gcc_after_spectral_all,0.36174140312845915
DS005620,gamma,171,1054,sed2,1,residual_gcc_after_spectral_all,0.5390125705343002
DS005620,gamma,172,1055,awake,0,residual_gcc_after_spectral_all,0.4540092229204531
DS005620,gamma,173,1055,sed,1,residual_gcc_after_spectral_all,0.2067856732458736
DS005620,gamma,174,1055,sed2,1,residual_gcc_after_spectral_all,0.21014257182066626
DS005620,gamma,175,1057,awake,0,residual_gcc_after_spectral_all,0.46457371307318085
DS005620,gamma,176,1057,sed,1,residual_gcc_after_spectral_all,0.563343654328647
DS005620,gamma,177,1057,sed2,1,residual_gcc_after_spectral_all,0.6492486348576652
DS005620,gamma,178,1060,awake,0,residual_gcc_after_spectral_all,0.4633471091808852
DS005620,gamma,179,1060,sed,1,residual_gcc_after_spectral_all,0.4613654557686081
DS005620,gamma,180,1060,sed2,1,residual_gcc_after_spectral_all,0.6705084674779483
DS005620,gamma,181,1061,awake,0,residual_gcc_after_spectral_all,0.4704312537534798
DS005620,gamma,182,1061,sed,1,residual_gcc_after_spectral_all,0.17684704387115308
DS005620,gamma,183,1061,sed2,1,residual_gcc_after_spectral_all,0.23536326999671334
DS005620,gamma,184,1062,awake,0,residual_gcc_after_spectral_all,0.4612212433604025
DS005620,gamma,185,1062,sed,1,residual_gcc_after_spectral_all,0.7867839522583213
DS005620,gamma,186,1062,sed2,1,residual_gcc_after_spectral_all,0.8726724108570089
DS005620,gamma,187,1064,awake,0,residual_gcc_after_spectral_all,0.4565168631716151
DS005620,gamma,188,1064,sed,1,residual_gcc_after_spectral_all,0.2849662530095526
DS005620,gamma,189,1064,sed2,1,residual_gcc_after_spectral_all,0.24686093100063747
DS005620,gamma,190,1067,awake,0,residual_gcc_after_spectral_all,0.48516914985382403
DS005620,gamma,191,1067,sed,1,residual_gcc_after_spectral_all,0.6551910750279996
DS005620,gamma,192,1067,sed2,1,residual_gcc_after_spectral_all,0.5919108216146082
DS005620,gamma,193,1068,awake,0,residual_gcc_after_spectral_all,0.4702093508208776
DS005620,gamma,194,1068,sed,1,residual_gcc_after_spectral_all,0.570651284111648
DS005620,gamma,195,1068,sed2,1,residual_gcc_after_spectral_all,0.7091654258900222
DS005620,gamma,196,1071,awake,0,residual_gcc_after_spectral_all,0.46320619589919754
DS005620,gamma,197,1071,sed,1,residual_gcc_after_spectral_all,0.3479093882953896
DS005620,gamma,198,1071,sed2,1,residual_gcc_after_spectral_all,0.4244740052515413
DS005620,gamma,199,1074,awake,0,residual_gcc_after_spectral_all,0.46685242722976206
DS005620,gamma,200,1074,sed,1,residual_gcc_after_spectral_all,0.4538594764842979
DS005620,gamma,201,1074,sed2,1,residual_gcc_after_spectral_all,0.6895324263817916
