subject,condition,acq,run,filename,band,n_channels,duration_s,R_mean,D_mean,M_mean,Pi,Access_all,n_windows,theta_power,alpha_power,beta_power,gamma_power,alpha_gamma_ratio,spectral_entropy
1010,awake,EC,,sub-1010_task-awake_acq-EC_eeg.vhdr,alpha,62,120.0,0.1190477145520864,3.555520026393216,0.0033910281554377,0.8312236286919831,0.5864978902953587,237,0.1389906327377315,0.140137204711999,0.0811139869996638,0.0284073115240494,4.9331385896348,0.6564014034030043
1010,sed2,rest,1.0,sub-1010_task-sed2_acq-rest_run-1_eeg.vhdr,alpha,62,60.0,0.1069952108396961,2.943883305232236,0.0028973199790136,0.6780626780626781,0.2564102564102564,117,0.0721919439295017,0.1728830564205397,0.0336727155669597,0.0054779361310914,31.55988902604005,0.540227163134532
1010,sed2,rest,2.0,sub-1010_task-sed2_acq-rest_run-2_eeg.vhdr,alpha,62,60.0,0.0937195146265989,3.389044668664757,0.0023545567227039,0.6182336182336183,0.2905982905982906,117,0.0506846022182232,0.2888636283665404,0.1753085793279181,0.0121056044064918,23.861974887248905,0.7265580088217897
1010,sed2,rest,3.0,sub-1010_task-sed2_acq-rest_run-3_eeg.vhdr,alpha,62,60.0,0.1239348962948453,3.114715211774358,0.0038645291609733,0.8091168091168092,0.5128205128205128,117,0.0588468133876227,0.433241071021846,0.1293259673182412,0.0073806388068172,58.69967116707824,0.7456156990927846
1010,sed,rest,1.0,sub-1010_task-sed_acq-rest_run-1_eeg.vhdr,alpha,62,120.0,0.1401943329224902,2.9355871887702407,0.0088453146046338,0.6441631504922645,0.2109704641350211,237,0.0806225902307177,0.1333161995037022,0.0285086041017063,0.0044949840344488,29.65888164503547,0.507835164161007
1010,sed,rest,2.0,sub-1010_task-sed_acq-rest_run-2_eeg.vhdr,alpha,62,120.0,0.0920119551476374,3.718896645139342,0.002317105624707,0.5639943741209562,0.2236286919831223,237,0.0572910163756341,0.2193133876688459,0.2700600619106478,0.0543029719892345,4.038699533946058,0.8094693941720583
1010,sed,rest,3.0,sub-1010_task-sed_acq-rest_run-3_eeg.vhdr,alpha,62,120.0,0.1163358112489412,3.2283990541454064,0.0035848531327646,0.7946554149085794,0.4683544303797468,237,0.0588681250381223,0.4341007504503503,0.1276679754338711,0.0075222131795922,57.70917946999344,0.7517878525045297
1016,awake,EC,,sub-1016_task-awake_acq-EC_eeg.vhdr,alpha,62,120.0,0.100999565897364,3.460970146835693,0.0027807982372968,0.8312236286919831,0.6033755274261603,237,0.1580004018753958,0.3008165102847974,0.1374932044923048,0.0251616392281445,11.955362190248866,0.806705572355973
1016,sed2,rest,1.0,sub-1016_task-sed2_acq-rest_run-1_eeg.vhdr,alpha,62,60.0,0.1094896195723046,2.955954417864399,0.002867356026551,0.8888888888888888,0.7094017094017094,117,0.0489621870009129,0.0557097805573981,0.0090152340435582,0.0020465771126002,27.22095355566415,0.3784979314351464
1016,sed2,rest,2.0,sub-1016_task-sed2_acq-rest_run-2_eeg.vhdr,alpha,62,60.0,0.1050994310586211,3.047036736146832,0.0027701176494825,0.8632478632478633,0.6581196581196581,117,0.0574998918761495,0.0721205218374786,0.0123699482237595,0.0027501361156538,26.22434627898678,0.3960624240210297
1016,sed,rest,1.0,sub-1016_task-sed_acq-rest_run-1_eeg.vhdr,alpha,62,120.0,0.1010978229236726,3.0237286221871864,0.0027869137770031,0.8396624472573839,0.6329113924050633,237,0.0942764841294993,0.3377527900468345,0.0851846459011898,0.0121815570107841,27.726569741462438,0.7283654600828146
1016,sed,rest,2.0,sub-1016_task-sed_acq-rest_run-2_eeg.vhdr,alpha,62,120.0,0.0996330492228394,2.929299419986294,0.0026692881652175,0.8199718706047819,0.5949367088607594,237,0.0933948212431744,0.3379283097505491,0.0917053545931265,0.0119518627193131,28.274112383855663,0.7181811782160337
1016,sed,rest,3.0,sub-1016_task-sed_acq-rest_run-3_eeg.vhdr,alpha,62,120.0,0.0967364464562795,3.1517734911807582,0.002600464963716,0.880450070323488,0.7088607594936709,237,0.0963730027153781,0.3099931092399561,0.0904476951744041,0.0118344737916701,26.194076278402463,0.7114404033705559
1017,awake,EC,,sub-1017_task-awake_acq-EC_eeg.vhdr,alpha,62,120.0,0.1303236879154004,3.517073122045883,0.0037030393616965,0.8312236286919831,0.5991561181434599,237,0.1888651964327918,0.3421427557261063,0.1264458467300233,0.0212735068642732,16.083044412607777,0.823135983441787
1017,sed2,rest,1.0,sub-1017_task-sed2_acq-rest_run-1_eeg.vhdr,alpha,62,60.0,0.102733491005048,3.538549975385178,0.002696851211673,0.8347578347578348,0.5982905982905983,117,0.0604643000372542,0.4987027472798255,0.1202138493525251,0.007278434651086,68.51785735781763,0.7465708574522993
1017,sed2,rest,2.0,sub-1017_task-sed2_acq-rest_run-2_eeg.vhdr,alpha,62,60.0,0.0946462901297803,3.8443924068190025,0.0023094089179313,0.7065527065527066,0.452991452991453,117,0.0415860986400227,0.3831628608423255,0.2669059367622599,0.0176618775401835,21.694344780099097,0.8055806131031309
1017,sed,rest,1.0,sub-1017_task-sed_acq-rest_run-1_eeg.vhdr,alpha,62,120.0,0.0982330020672907,3.60477465081299,0.002545085345543,0.7848101265822784,0.5443037974683544,237,0.0510648465351932,0.4284510442997427,0.1738332304801584,0.0167302145241368,25.609417240645843,0.7725715526279191
1017,sed,rest,2.0,sub-1017_task-sed_acq-rest_run-2_eeg.vhdr,alpha,62,120.0,0.09305542685224,3.823917153759924,0.0023128242924871,0.7088607594936709,0.4388185654008439,237,0.0419143931881882,0.3791086183619948,0.2812171402542229,0.0189960891399755,19.95719305950392,0.8128521709230826
1022,awake,EC,,sub-1022_task-awake_acq-EC_eeg.vhdr,alpha,62,120.0,0.1616295429998587,3.260566398274525,0.0043004533514441,0.8312236286919831,0.5822784810126582,237,0.1203722757228148,0.3565636421765245,0.1780822370422974,0.0242890970316584,14.67998755561391,0.8335264617865384
1022,sed2,rest,1.0,sub-1022_task-sed2_acq-rest_run-1_eeg.vhdr,alpha,62,60.0,0.1211416484413312,2.6985402539103704,0.0034580728984649,0.5555555555555555,0.2222222222222222,117,0.1028601034990995,0.4336866026465381,0.0859072608630059,0.0058935220697871,73.58699898592435,0.740187316746165
1022,sed2,rest,2.0,sub-1022_task-sed2_acq-rest_run-2_eeg.vhdr,alpha,62,60.0,0.1208850470412868,2.6391093119579985,0.0033977769220063,0.5413105413105411,0.1196581196581196,117,0.104519773937639,0.3789701087599904,0.0606173241354832,0.0046904127046876,80.79675127530801,0.6893872872958801
1022,sed2,rest,3.0,sub-1022_task-sed2_acq-rest_run-3_eeg.vhdr,alpha,62,60.0,0.1243850947490901,2.7700079932324493,0.0033637206409046,0.50997150997151,0.0427350427350427,117,0.114282631578721,0.3978821898592133,0.0633885730146495,0.0049563126489293,80.27786339606347,0.7061687142650799
1022,sed,rest,1.0,sub-1022_task-sed_acq-rest_run-1_eeg.vhdr,alpha,62,120.0,0.1071130424564841,3.260482832708976,0.0030260239840837,0.5133614627285513,0.0886075949367088,237,0.0780035555024666,0.4450413171155875,0.1551212021424489,0.0094093257660307,47.29789659052564,0.7862748676406448
1022,sed,rest,2.0,sub-1022_task-sed_acq-rest_run-2_eeg.vhdr,alpha,62,120.0,0.1099267320234731,3.052344966324984,0.0030676701859693,0.5358649789029536,0.1308016877637131,237,0.0954240884153699,0.4558793101455764,0.1068919385896235,0.0065768546767315,69.31570370394986,0.7568872452375547
1022,sed,rest,3.0,sub-1022_task-sed_acq-rest_run-3_eeg.vhdr,alpha,62,120.0,0.1089507083137641,3.104353939662785,0.0028958232510157,0.4838255977496483,0.0843881856540084,237,0.0982892612303685,0.4557640722626,0.1143411088641113,0.00686677165727,66.37239374542116,0.7650368326567717
1024,awake,EC,,sub-1024_task-awake_acq-EC_eeg.vhdr,alpha,62,120.0,0.1313717939502497,3.1089218985371163,0.0038759478194694,0.8312236286919831,0.6286919831223629,237,0.1976900353762876,0.3009677293107203,0.1573652396748011,0.0214704123556589,14.017789892022122,0.8315414325986015
1024,sed2,rest,1.0,sub-1024_task-sed2_acq-rest_run-1_eeg.vhdr,alpha,62,60.0,0.1053913507601528,3.372831885783529,0.0028764941928125,0.6096866096866098,0.2649572649572649,117,0.039795206097953,0.3730753475857907,0.3709075019617081,0.0210094445374675,17.75750648251089,0.8504467025305601
1024,sed2,rest,2.0,sub-1024_task-sed2_acq-rest_run-2_eeg.vhdr,alpha,62,60.0,0.1022039975341507,3.2236255130720224,0.0026696254015822,0.5726495726495726,0.1794871794871795,117,0.0482400223522573,0.3796337597632159,0.2152967014935017,0.0114635214073493,33.11667909362594,0.7818925349102142
1024,sed2,rest,3.0,sub-1024_task-sed2_acq-rest_run-3_eeg.vhdr,alpha,62,60.0,0.1000675458169776,2.822432224088145,0.0027395728548958,0.5213675213675213,0.1965811965811965,117,0.0633325668225437,0.2974407756599492,0.0804020081261086,0.0075074755936247,39.61927973138054,0.6321752885150715
1024,sed,rest,1.0,sub-1024_task-sed_acq-rest_run-1_eeg.vhdr,alpha,62,120.0,0.1011042338314056,3.282200949729011,0.002819983348609,0.5625879043600563,0.2151898734177215,237,0.0497585064545972,0.4596865710273712,0.2331658940134817,0.0119312941322235,38.52780477076174,0.8005810952309714
1024,sed,rest,2.0,sub-1024_task-sed_acq-rest_run-2_eeg.vhdr,alpha,62,120.0,0.0976158331312205,3.3008222668078684,0.0025323359460395,0.5161744022503516,0.1729957805907173,237,0.0425651551787216,0.4289422550274329,0.2359225782894239,0.0118843631128246,36.09299471239318,0.7956520095927374
1024,sed,rest,3.0,sub-1024_task-sed_acq-rest_run-3_eeg.vhdr,alpha,62,120.0,0.0985621223589688,3.330832732751708,0.0024494043631512,0.5049226441631505,0.1434599156118143,237,0.0520085153637109,0.4276823503795217,0.1896145336160672,0.0091000944458585,46.99757270400231,0.7636186255515316
1033,awake,EC,,sub-1033_task-awake_acq-EC_eeg.vhdr,alpha,62,120.0,0.1654686740767424,2.165075206731659,0.0029732123685027,0.8312236286919833,0.5864978902953587,237,0.0946150937523568,0.6017234540838474,0.0793752637794167,0.0278115648921055,21.635728028846483,0.7084722643573733
1033,sed2,rest,1.0,sub-1033_task-sed2_acq-rest_run-1_eeg.vhdr,alpha,62,60.0,0.0880669205470193,2.940669692624555,0.0019375500040815,0.3960113960113962,0.0,117,0.2061995553495362,0.339772060349315,0.0660075212626077,0.0063374816114232,53.61310393126299,0.756464138200268
1033,sed2,rest,2.0,sub-1033_task-sed2_acq-rest_run-2_eeg.vhdr,alpha,62,60.0,0.0881638343064123,2.941327044218188,0.001919076808041,0.4045584045584046,0.0,117,0.1555466909043988,0.4167544887023379,0.0916299406256925,0.007880729552165,52.88272943397268,0.7761588015079726
1033,sed2,rest,3.0,sub-1033_task-sed2_acq-rest_run-3_eeg.vhdr,alpha,62,60.0,0.097035135945987,2.882025797986951,0.0026021840936072,0.4757834757834758,0.0,117,0.122105308893121,0.3596781085331565,0.0618646337033773,0.0052321708128892,68.743571516886,0.7135653876935202
1033,sed,rest,1.0,sub-1033_task-sed_acq-rest_run-1_eeg.vhdr,alpha,62,120.0,0.1022547304923295,3.005542181609869,0.0033413444875991,0.4275668073136427,0.0126582278481012,237,0.1763164144908081,0.1249125729546639,0.0463976370087221,0.0318738276222869,3.918969959648113,0.6367643861329381
1033,sed,rest,2.0,sub-1033_task-sed_acq-rest_run-2_eeg.vhdr,alpha,62,120.0,0.1011443424605624,3.036486779187608,0.0024825962369142,0.4655414908579465,0.0042194092827004,237,0.131350978493717,0.2845930607046829,0.0723982245314833,0.0073712831316616,38.6083474997276,0.7101109344147634
1033,sed,rest,3.0,sub-1033_task-sed_acq-rest_run-3_eeg.vhdr,alpha,62,120.0,0.0964851883222737,3.041059365069135,0.0022956534982248,0.419127988748242,0.0042194092827004,237,0.1409064537897961,0.3914497974596175,0.0774799854689368,0.0068473061263225,57.16843824137346,0.7558572705750376
1036,awake,EC,,sub-1036_task-awake_acq-EC_eeg.vhdr,alpha,62,120.0,0.1410845374813365,3.839259828820929,0.0044223266132459,0.8312236286919831,0.6075949367088608,237,0.2789463975222825,0.1605484971176977,0.0895211382930357,0.0150627145646887,10.658669552393276,0.7547558954020435
1036,sed2,rest,1.0,sub-1036_task-sed2_acq-rest_run-1_eeg.vhdr,alpha,62,60.0,0.1045476211901424,3.800676300051896,0.0046258422506556,0.4643874643874644,0.0256410256410256,117,0.0842807642533809,0.0940477947501132,0.0331115079211257,0.0047979332264948,19.6017306391776,0.5166398229354346
1036,sed,rest,1.0,sub-1036_task-sed_acq-rest_run-1_eeg.vhdr,alpha,62,120.0,0.1024901724974992,3.3167820562646417,0.0028257599709696,0.5218002812939522,0.1350210970464135,237,0.090859333492408,0.2553451067822893,0.0714494305803293,0.0043739660946936,58.37839187498159,0.6367931348459077
1036,sed,rest,2.0,sub-1036_task-sed_acq-rest_run-2_eeg.vhdr,alpha,62,26.98,0.1062100191631514,3.39336428120373,0.0030120688507861,0.64,0.26,50,0.1098123118772068,0.3664449337702735,0.0843388955102968,0.004460917624604,82.14564009588864,0.7159415327636184
1037,awake,EC,,sub-1037_task-awake_acq-EC_eeg.vhdr,alpha,62,120.0,0.1359427278785255,3.2572233700296533,0.004467705699176,0.8312236286919831,0.6286919831223629,237,0.2155283347222851,0.2659318417997784,0.1027732330783957,0.0219243018901057,12.129546615468822,0.7947620289925847
1045,awake,EC,,sub-1045_task-awake_acq-EC_eeg.vhdr,alpha,62,120.0,0.1730448471977142,2.188230560053813,0.0027710828888957,0.8312236286919831,0.5991561181434599,237,0.1975008827524825,0.509268005314899,0.0644287054528963,0.0171484533371548,29.697605683294537,0.7327065280632299
1045,sed2,rest,1.0,sub-1045_task-sed2_acq-rest_run-1_eeg.vhdr,alpha,62,60.0,0.0974507645402287,2.748862123901194,0.0024556233711562,0.4928774928774929,0.0,117,0.1057071148800871,0.3605837963925544,0.1035360848841319,0.0417781556502339,8.630917061124602,0.798309475943438
1045,sed2,rest,2.0,sub-1045_task-sed2_acq-rest_run-2_eeg.vhdr,alpha,62,60.0,0.0950022175496238,2.8564289100124203,0.0023902316074057,0.4387464387464388,0.0,117,0.0795736596320815,0.4066934432006611,0.1144683380540345,0.0096107238275103,42.316629887355575,0.745192273306238
1045,sed2,rest,3.0,sub-1045_task-sed2_acq-rest_run-3_eeg.vhdr,alpha,62,60.0,0.1185574122943803,2.12497176980843,0.002656154199579,0.6125356125356126,0.1452991452991453,117,0.0551045105822762,0.240789043130707,0.0235360783717228,0.0028398582206231,84.78910718052775,0.5111417580703282
1045,sed,rest,1.0,sub-1045_task-sed_acq-rest_run-1_eeg.vhdr,alpha,62,120.0,0.1088875024165493,2.373844346274035,0.0027808050395302,0.5625879043600563,0.0379746835443038,237,0.063180808047137,0.3753751858340957,0.0656987108535519,0.0050540605514146,74.27200009599326,0.6600032320112776
1045,sed,rest,2.0,sub-1045_task-sed_acq-rest_run-2_eeg.vhdr,alpha,62,120.0,0.0929555054978073,2.949485605067487,0.002300234530084,0.4092827004219409,0.0042194092827004,237,0.086810215299042,0.4135428973071398,0.124677952548597,0.012935264829328,31.970191776634262,0.7708004683708637
1045,sed,rest,3.0,sub-1045_task-sed_acq-rest_run-3_eeg.vhdr,alpha,62,120.0,0.0983047077530487,2.8134522217802878,0.0024212930962573,0.4374120956399437,0.0,237,0.0929916991066737,0.4422444742267474,0.0883285391387072,0.0070006507165931,63.17190959339744,0.7424333406897984
1046,awake,EC,,sub-1046_task-awake_acq-EC_eeg.vhdr,alpha,62,120.0,0.1558254912082044,2.486141893270657,0.0034567145969432,0.8312236286919831,0.5527426160337553,237,0.106109576711975,0.6568896673868153,0.0845324404686682,0.0116020867579457,56.61823437756344,0.7141934429305427
1046,sed2,rest,1.0,sub-1046_task-sed2_acq-rest_run-1_eeg.vhdr,alpha,62,60.0,0.1233261444390008,2.5927808711276894,0.0038831273004758,0.7635327635327636,0.4700854700854701,117,0.1288778695424233,0.517792707639181,0.071832298628693,0.0041272075738189,125.45836337342227,0.7576258964571563
1046,sed2,rest,2.0,sub-1046_task-sed2_acq-rest_run-2_eeg.vhdr,alpha,62,60.0,0.1155034234220859,2.546823241610485,0.0027320637026369,0.7435897435897437,0.358974358974359,117,0.1132930274427353,0.4292048080748674,0.0591959453451385,0.0052680367510006,81.47338909734516,0.7198263221211635
1046,sed,rest,1.0,sub-1046_task-sed_acq-rest_run-1_eeg.vhdr,alpha,62,120.0,0.1218441299366684,2.9374489048270944,0.0041995910699193,0.6765119549929676,0.3248945147679324,237,0.1189398615529614,0.5090130483979994,0.0881213741008399,0.003744455623784,135.9377969467457,0.7709833780670451
1046,sed,rest,2.0,sub-1046_task-sed_acq-rest_run-2_eeg.vhdr,alpha,62,120.0,0.1413041862044233,2.735359098090116,0.0117688380396871,0.6455696202531646,0.2236286919831223,237,0.1098841406232091,0.1865251375604067,0.0593207020726086,0.0168411758804924,11.075541213567416,0.6371734951814798
1054,awake,EC,,sub-1054_task-awake_acq-EC_eeg.vhdr,alpha,62,120.0,0.1175900966000758,3.4815269435853686,0.0033039013034592,0.8312236286919831,0.5907172995780591,237,0.2163622285031294,0.3474884412490421,0.1319516586734896,0.036927289002453,9.41007180940221,0.8207855245152457
1054,sed2,rest,1.0,sub-1054_task-sed2_acq-rest_run-1_eeg.vhdr,alpha,62,60.0,0.1273525554884063,2.821088150860393,0.003146699318137,0.8205128205128205,0.5128205128205128,117,0.0798817100106862,0.2742695268064649,0.0759595204072154,0.0052764175126353,51.980254803130656,0.6333583550672748
1054,sed2,rest,2.0,sub-1054_task-sed2_acq-rest_run-2_eeg.vhdr,alpha,62,60.0,0.1003479689936137,3.2706540700948854,0.0025455305961495,0.8005698005698006,0.5641025641025641,117,0.0958049077401195,0.377263771846166,0.1385189645622207,0.0056768354869148,66.4567033251722,0.7454536182906505
1054,sed,rest,1.0,sub-1054_task-sed_acq-rest_run-1_eeg.vhdr,alpha,62,120.0,0.1032676549141636,3.0596129371093865,0.0027605196130214,0.728551336146273,0.4135021097046413,237,0.1109485331688079,0.4305044374980117,0.1122313682635167,0.005428980453349,79.29747419759909,0.7629659596517516
1054,sed,rest,2.0,sub-1054_task-sed_acq-rest_run-2_eeg.vhdr,alpha,62,120.0,0.0977262518842836,3.1149896223026934,0.0024169551368741,0.6976090014064696,0.3755274261603376,237,0.0962204263976669,0.3253674012540118,0.1017711629338747,0.0067112633545934,48.480797729809765,0.7093161480224193
1055,awake,EC,,sub-1055_task-awake_acq-EC_eeg.vhdr,alpha,62,120.0,0.1142804753737643,2.9259163464358813,0.0030962422255566,0.8312236286919831,0.5864978902953587,237,0.1353912891393796,0.459000956492011,0.1104585078890327,0.0152149835287096,30.16769328706391,0.7570081066320138
1055,sed2,rest,1.0,sub-1055_task-sed2_acq-rest_run-1_eeg.vhdr,alpha,62,60.0,0.1155294090255012,3.1323580161867945,0.0034387502810246,0.905982905982906,0.7350427350427351,117,0.0915134239896871,0.3642957452122463,0.0913363015070006,0.0060122626589722,60.59212077303494,0.6966073182063697
1055,sed2,rest,2.0,sub-1055_task-sed2_acq-rest_run-2_eeg.vhdr,alpha,62,60.0,0.1178798376997403,3.0147305002175746,0.0071411217771103,0.8717948717948719,0.7008547008547008,117,0.0585630102399526,0.1686024393846509,0.0618183404623461,0.0049670835952786,33.943950432194846,0.5380585283774583
1055,sed,rest,1.0,sub-1055_task-sed_acq-rest_run-1_eeg.vhdr,alpha,62,120.0,0.1089475630069629,3.358647190707995,0.0048805232826894,0.8382559774964836,0.6244725738396625,237,0.0833985399614801,0.2717744980339859,0.1127724174043336,0.0064448942396713,42.16896164391887,0.707847470158222
1055,sed,rest,2.0,sub-1055_task-sed_acq-rest_run-2_eeg.vhdr,alpha,62,120.0,0.1145103820563863,3.179806259371728,0.0033282452119795,0.9142053445850916,0.7510548523206751,237,0.1007644351602827,0.3288085211624217,0.0911392359927947,0.0056606392262979,58.08681810647268,0.7055641485176958
1057,awake,EC,,sub-1057_task-awake_acq-EC_eeg.vhdr,alpha,62,120.0,0.229733274628408,2.2160157098269333,0.0033184675735166,0.8312236286919831,0.6371308016877637,237,0.0986127775232235,0.556994511231648,0.0715250068402509,0.0146088679864892,38.12715069426646,0.7093184848800753
1057,sed2,rest,1.0,sub-1057_task-sed2_acq-rest_run-1_eeg.vhdr,alpha,62,60.0,0.1312712992818907,2.9322353083757813,0.0038813715983385,0.4273504273504274,0.0,117,0.0590632318166194,0.1448056102887632,0.0248668936725994,0.0030588078399597,47.34053847701869,0.463324135611418
1057,sed2,rest,2.0,sub-1057_task-sed2_acq-rest_run-2_eeg.vhdr,alpha,62,60.0,0.0937128060659472,3.5722331503999945,0.0023011943653913,0.3190883190883192,0.0,117,0.0801986898273689,0.2132344285881824,0.1698133701283772,0.0072387186052041,29.45748276572385,0.6633523397728278
1057,sed2,rest,3.0,sub-1057_task-sed2_acq-rest_run-3_eeg.vhdr,alpha,62,60.0,0.1489643737160922,2.669065664793125,0.00361946888375,0.5470085470085471,0.0256410256410256,117,0.0543958478058772,0.1439182337692932,0.0264165172674019,0.0028440624902148,50.60304905881879,0.4547549986003359
1057,sed,rest,1.0,sub-1057_task-sed_acq-rest_run-1_eeg.vhdr,alpha,62,120.0,0.1257902442339216,3.2137531403246777,0.0035854249604335,0.3839662447257382,0.0,237,0.089460669800247,0.345940600245888,0.0678273096700478,0.0037825347774161,91.45734818352216,0.6795305658626071
1057,sed,rest,2.0,sub-1057_task-sed_acq-rest_run-2_eeg.vhdr,alpha,62,120.0,0.1001595762056735,3.482703356630373,0.0028852288922649,0.3572433192686357,0.0,237,0.095562041546925,0.2579387297362815,0.1300618347692632,0.0058798146659202,43.86851360935623,0.6808631543027286
1057,sed,rest,3.0,sub-1057_task-sed_acq-rest_run-3_eeg.vhdr,alpha,62,120.0,0.1186638359671031,3.16433994139425,0.0035089793748556,0.3938115330520393,0.0,237,0.0875311870487286,0.2445093663901621,0.0568618467017338,0.0041288214829298,59.220135174610334,0.6074586959031298
1060,awake,EC,,sub-1060_task-awake_acq-EC_eeg.vhdr,alpha,62,120.0,0.1196641129278213,2.8525776864399104,0.0027196582235111,0.8312236286919831,0.569620253164557,237,0.1154133092715069,0.3769729760107889,0.1333494710063353,0.099430980950711,3.791302996335388,0.8605967948207502
1060,sed2,rest,1.0,sub-1060_task-sed2_acq-rest_run-1_eeg.vhdr,alpha,62,60.0,0.1417375613133805,2.260991858864212,0.0040020854091645,0.6638176638176639,0.2051282051282051,117,0.0695855867075128,0.3522883603218719,0.0273445011718007,0.0028860423502118,122.06624763283304,0.6076373287230813
1060,sed2,rest,2.0,sub-1060_task-sed2_acq-rest_run-2_eeg.vhdr,alpha,62,60.0,0.1014274671829664,2.782179288766591,0.0029809303712914,0.7606837606837606,0.4273504273504273,117,0.102401673729356,0.4843783009379896,0.0716066889343127,0.0073568207620488,65.84070980373441,0.7549703771803078
1060,sed2,rest,3.0,sub-1060_task-sed2_acq-rest_run-3_eeg.vhdr,alpha,62,60.0,0.1109686891526916,2.898973964391025,0.0043458684830132,0.8148148148148149,0.5384615384615384,117,0.0972733096680003,0.3522527067332039,0.051300281636837,0.005344879481676,65.90470521831806,0.6902382695919882
1060,sed,rest,1.0,sub-1060_task-sed_acq-rest_run-1_eeg.vhdr,alpha,62,120.0,0.1252002358248408,2.591563220236248,0.0033664728600268,0.8284106891701828,0.5232067510548524,237,0.0854405336116857,0.4878924766747194,0.0472851591598142,0.0036384528357251,134.09339039663183,0.7156665055633402
1060,sed,rest,2.0,sub-1060_task-sed_acq-rest_run-2_eeg.vhdr,alpha,62,120.0,0.1061408396105196,2.7232083058059118,0.0028249678172111,0.8016877637130801,0.5063291139240507,237,0.0833836011693534,0.517692150955559,0.0704083354084796,0.0054876097370275,94.33836873786842,0.7484511638161112
1060,sed,rest,3.0,sub-1060_task-sed_acq-rest_run-3_eeg.vhdr,alpha,62,120.0,0.098082664227523,2.8357237102390696,0.0025667020836935,0.7144866385372715,0.3417721518987341,237,0.0858824447124163,0.51808001760256,0.0826479696761186,0.0063131334533672,82.06384695450525,0.7544145426463952
1061,awake,EC,,sub-1061_task-awake_acq-EC_eeg.vhdr,alpha,62,120.0,0.1536016464451197,2.4021429202277944,0.0033746327947983,0.8312236286919831,0.5780590717299579,237,0.1386229807769488,0.5301627163290098,0.0663159797369972,0.0267246874067855,19.837938915407523,0.7339006899354861
1061,sed2,rest,1.0,sub-1061_task-sed2_acq-rest_run-1_eeg.vhdr,alpha,62,60.0,0.1302368092443304,3.1213658596941727,0.0037593572205104,0.6182336182336183,0.2564102564102564,117,0.0681346840291993,0.2720641157128883,0.0998744276366949,0.0074219539659581,36.65666978319874,0.6493742691607693
1061,sed2,rest,2.0,sub-1061_task-sed2_acq-rest_run-2_eeg.vhdr,alpha,62,60.0,0.1766144798151756,2.1407570463806795,0.0041179192935593,0.7977207977207978,0.452991452991453,117,0.0642014801496724,0.2349099978210692,0.0317393945665352,0.003743563495338,62.75037088347979,0.5514758974892258
1061,sed2,rest,3.0,sub-1061_task-sed2_acq-rest_run-3_eeg.vhdr,alpha,62,60.0,0.1538749765108547,2.7836950558445435,0.0054488813405595,0.7663817663817662,0.4273504273504273,117,0.0784281356790898,0.3154374110060473,0.072775978726705,0.0053860295764306,58.56585198266327,0.6543656525621084
1061,sed,rest,1.0,sub-1061_task-sed_acq-rest_run-1_eeg.vhdr,alpha,62,120.0,0.1591307402303035,2.1802668085793417,0.0035652341372956,0.7890295358649789,0.4430379746835443,237,0.0664138737316489,0.3362964110353698,0.0488548984633334,0.004976406451741,67.5781639279352,0.6338987146177923
1061,sed,rest,2.0,sub-1061_task-sed_acq-rest_run-2_eeg.vhdr,alpha,62,120.0,0.2787684003770785,51.61520712940335,0.0011381545187993,0.3881856540084387,0.0337552742616033,237,0.1034726030887022,0.1770929580511389,0.0333084903810705,0.0072076403296572,24.57017136355768,0.582411572890278
1061,sed,rest,3.0,sub-1061_task-sed_acq-rest_run-3_eeg.vhdr,alpha,62,120.0,0.1405722698324127,2.830981486531689,0.0040091219045433,0.7060478199718705,0.3248945147679324,237,0.0751606671205385,0.4524888355948133,0.1504369588361915,0.0082162219786406,55.07261570050732,0.7877460406280844
1062,awake,EC,,sub-1062_task-awake_acq-EC_eeg.vhdr,alpha,62,120.0,0.129381760050862,2.5291648418175714,0.0035078147460777,0.8312236286919833,0.6160337552742616,237,0.1484465684205493,0.4779720907141885,0.0783159743278049,0.0237031708517574,20.1649008769046,0.7809764796481109
1062,sed2,rest,1.0,sub-1062_task-sed2_acq-rest_run-1_eeg.vhdr,alpha,62,60.0,0.1107346784629866,3.4683209843900547,0.0048708711209146,0.6467236467236468,0.1965811965811965,117,0.0906159493640867,0.2368445732848678,0.0958339423063323,0.0083330587040716,28.42228546172593,0.6455057811978145
1062,sed2,rest,2.0,sub-1062_task-sed2_acq-rest_run-2_eeg.vhdr,alpha,62,60.0,0.1128286665001354,3.498754512325231,0.003508409430135,0.6438746438746437,0.2564102564102564,117,0.0986584528821311,0.3672275424771654,0.0867905567741034,0.0071531679616849,51.33774914734816,0.7224010336127409
1062,sed2,rest,3.0,sub-1062_task-sed2_acq-rest_run-3_eeg.vhdr,alpha,62,60.0,0.1414225794870139,3.203112506855691,0.0078804856508478,0.774928774928775,0.4871794871794871,117,0.0934598992079195,0.2197458712871349,0.0637480223457782,0.0055867117482704,39.33366909718095,0.6093422799141572
1062,sed,rest,1.0,sub-1062_task-sed_acq-rest_run-1_eeg.vhdr,alpha,62,120.0,0.1350126184016105,2.7406093893309675,0.0039324241419699,0.8832630098452883,0.6624472573839663,237,0.0839341422293641,0.2158354029391723,0.0407541130346457,0.0069233393103155,31.175043318533973,0.5764442579342538
1062,sed,rest,2.0,sub-1062_task-sed_acq-rest_run-2_eeg.vhdr,alpha,62,120.0,0.1055751648350948,3.2646023594256297,0.0028401606950476,0.6779184247538678,0.3670886075949367,237,0.1102439215450862,0.3248261684387413,0.1179320099391411,0.0103072120931199,31.51445468208111,0.7412285115660038
1062,sed,rest,3.0,sub-1062_task-sed_acq-rest_run-3_eeg.vhdr,alpha,62,120.0,0.1247654442979688,3.1095095205683387,0.0042686555370495,0.80028129395218,0.4978902953586498,237,0.0998965980165015,0.4019092965676238,0.0775986750964732,0.0062987509356835,63.80777722562873,0.722830529444655
1064,awake,EC,,sub-1064_task-awake_acq-EC_eeg.vhdr,alpha,62,120.0,0.097102685447505,3.512676079415883,0.0024602498131317,0.8312236286919831,0.6075949367088608,237,0.2159002670629121,0.1597946723272331,0.1399038883161616,0.0591691368674516,2.7006422737329774,0.8152702085497883
1064,sed2,rest,1.0,sub-1064_task-sed2_acq-rest_run-1_eeg.vhdr,alpha,62,60.0,0.1262434345590037,2.6293192619453585,0.0039960950880929,0.6039886039886041,0.1196581196581196,117,0.1024095859798239,0.3856778170175188,0.1733327933671093,0.0102839493110675,37.50288972787453,0.7908644691430966
1064,sed2,rest,2.0,sub-1064_task-sed2_acq-rest_run-2_eeg.vhdr,alpha,62,60.0,0.1400505123505341,2.823135835846157,0.0091464089311796,0.6182336182336182,0.1794871794871795,117,0.1893383516055979,0.1883221407669564,0.1029320753893388,0.0182803878250948,10.301867912130977,0.7121513408523445
1064,sed2,rest,3.0,sub-1064_task-sed2_acq-rest_run-3_eeg.vhdr,alpha,62,60.0,0.1684670477355309,2.3194471985983025,0.0040940805606051,0.5185185185185186,0.0598290598290598,117,0.0866505996912046,0.1834405206047769,0.027555580088833,0.0032694236551415,56.10790766139625,0.5359614861878084
1064,sed,rest,1.0,sub-1064_task-sed_acq-rest_run-1_eeg.vhdr,alpha,62,120.0,0.1363337248654708,2.8588421375056896,0.0044627207739592,0.5907172995780591,0.1012658227848101,237,0.1159491821613932,0.4228323863765546,0.1321758338446836,0.0103779800625802,40.74322592509221,0.7828383394414612
1064,sed,rest,2.0,sub-1064_task-sed_acq-rest_run-2_eeg.vhdr,alpha,62,120.0,0.1285133464139872,2.900900864500432,0.0040148173903753,0.6357243319268636,0.2194092827004219,237,0.1140063495465384,0.4148324804673912,0.1843730807522413,0.009372587476499,44.260187644371015,0.8066168163676818
1064,sed,rest,3.0,sub-1064_task-sed_acq-rest_run-3_eeg.vhdr,alpha,62,120.0,0.1644950748359436,2.296555701944196,0.0045183774131711,0.4486638537271449,0.0168776371308016,237,0.1128209612230169,0.3560738911427291,0.0675856542712023,0.0060060505636513,59.28586303258971,0.6775487692512179
1067,awake,EC,,sub-1067_task-awake_acq-EC_eeg.vhdr,alpha,62,120.0,0.1375733407977876,3.0303619188378685,0.0094593167409512,0.8312236286919831,0.6033755274261603,237,0.0925982824955,0.06242800588849,0.0377163349311964,0.0112478485079913,5.550217522807666,0.4988533414245911
1067,sed2,rest,1.0,sub-1067_task-sed2_acq-rest_run-1_eeg.vhdr,alpha,62,60.0,0.1519041754547027,2.8483944164324715,0.0046205292938851,0.9430199430199432,0.8290598290598291,117,0.0806792038636983,0.195295969589389,0.0323128189801131,0.0036280576901645,53.82934512452695,0.5216374703618472
1067,sed2,rest,2.0,sub-1067_task-sed2_acq-rest_run-2_eeg.vhdr,alpha,62,60.0,0.1606206822977768,2.8461448395551647,0.0051507691292142,0.9002849002849003,0.7008547008547008,117,0.0718541761727099,0.1165298384972325,0.0210491071698416,0.0030417251543628,38.31044310225646,0.4750681453476647
1067,sed2,rest,3.0,sub-1067_task-sed2_acq-rest_run-3_eeg.vhdr,alpha,62,60.0,0.1746509707872339,2.64448371730936,0.0072147124708784,0.9259259259259262,0.7777777777777778,117,0.0802259769163315,0.0730448775371335,0.0141147667410907,0.0021898129504942,33.35667436220505,0.450827544861802
1067,sed,rest,1.0,sub-1067_task-sed_acq-rest_run-1_eeg.vhdr,alpha,62,120.0,0.1480317223179971,3.008385984962759,0.0062900847593477,0.8959212376933896,0.7046413502109705,237,0.0727114044565748,0.2690447681333938,0.1055920428174246,0.0084580100353111,31.80946428041058,0.6607014493723063
1067,sed,rest,2.0,sub-1067_task-sed_acq-rest_run-2_eeg.vhdr,alpha,62,120.0,0.1471037199184414,2.934503700112932,0.0053988071063067,0.942334739803094,0.8523206751054853,237,0.0636949687212812,0.3421428978530709,0.1358073336975387,0.0090901308304535,37.63894097862634,0.7031145731662417
1067,sed,rest,3.0,sub-1067_task-sed_acq-rest_run-3_eeg.vhdr,alpha,62,120.0,0.1576408886364202,2.7306617171291294,0.0040488628618828,0.969057665260197,0.9113924050632912,237,0.108831634498334,0.3551247688524221,0.0945054067285619,0.0077289837625226,45.94714903250984,0.7225689054143953
1068,awake,EC,,sub-1068_task-awake_acq-EC_eeg.vhdr,alpha,62,120.0,0.1039084903147479,2.973800457517672,0.0035585823655596,0.8312236286919831,0.5738396624472574,237,0.168596504921407,0.200729547540874,0.1519484628672897,0.049186165289301,4.081016406872761,0.7798024710668244
1068,sed2,rest,1.0,sub-1068_task-sed2_acq-rest_run-1_eeg.vhdr,alpha,62,60.0,0.2188895097829382,2.852304582435732,0.021476690020705,0.6324786324786322,0.1623931623931624,117,0.0810100417074523,0.0316227993206787,0.0241255908526095,0.0054995334938066,5.750087593891521,0.4339057604894297
1068,sed,rest,1.0,sub-1068_task-sed_acq-rest_run-1_eeg.vhdr,alpha,62,120.0,0.1662195138866365,2.159554233129546,0.0036592356445214,0.639943741209564,0.2025316455696202,237,0.0837965311692749,0.2317594912626098,0.0352124678760828,0.0041566445759025,55.75638883113562,0.5750228144685736
1068,sed,rest,2.0,sub-1068_task-sed_acq-rest_run-2_eeg.vhdr,alpha,62,120.0,0.4062738990857607,3.5642452591509564,0.0436864748238368,0.4275668073136427,0.0084388185654008,237,0.085898121075959,0.0281307742351677,0.012712116730039,0.0030885059270046,9.10821442176799,0.4501437293039546
1071,awake,EC,,sub-1071_task-awake_acq-EC_eeg.vhdr,alpha,62,120.0,0.1822378494671925,2.4757417891460234,0.003439236193208,0.8312236286919831,0.5907172995780591,237,0.140997043933324,0.5532415004659841,0.0866899667331437,0.0406315323151292,13.616062917872458,0.787454722303618
1071,sed2,rest,1.0,sub-1071_task-sed2_acq-rest_run-1_eeg.vhdr,alpha,62,60.0,0.1540594044816993,3.2978329672187687,0.0098225981297458,0.564102564102564,0.1367521367521367,117,0.118958117561987,0.2804013065419078,0.0655241414511332,0.0114443356753392,24.50131789839294,0.6890580814613907
1071,sed2,rest,2.0,sub-1071_task-sed2_acq-rest_run-2_eeg.vhdr,alpha,62,60.0,0.1692279879909373,2.919505988563325,0.0141884031193219,0.6096866096866098,0.0598290598290598,117,0.1777082415244733,0.2257674671339596,0.0675651836430562,0.0089500094885928,25.225388576010253,0.7164981967199763
1071,sed2,rest,3.0,sub-1071_task-sed2_acq-rest_run-3_eeg.vhdr,alpha,62,57.68,0.2512757748039317,2.931111416860884,0.0217424256393441,0.5714285714285714,0.0625,112,0.1010876377461418,0.1066069705776975,0.0266612683926624,0.0071231390639799,14.966290789101354,0.4700556914128829
1071,sed,rest,1.0,sub-1071_task-sed_acq-rest_run-1_eeg.vhdr,alpha,62,120.0,0.1517839506818973,2.6928806800382667,0.0045214951068271,0.7974683544303798,0.4725738396624472,237,0.0905510308174679,0.3524423941937377,0.0499144977169325,0.0072190138377636,48.82140442801804,0.6776501243960152
1071,sed,rest,2.0,sub-1071_task-sed_acq-rest_run-2_eeg.vhdr,alpha,62,120.0,0.1144767025754806,2.8282662207637697,0.0043643343012601,0.6526019690576653,0.1476793248945147,237,0.0972526613148446,0.4700059999762407,0.1421393658080597,0.014380473171739,32.68362551986311,0.7976462972521027
1071,sed,rest,3.0,sub-1071_task-sed_acq-rest_run-3_eeg.vhdr,alpha,62,120.0,0.2152029714991165,2.8650052637208123,0.0178791312498171,0.5780590717299579,0.1308016877637131,237,0.133248110038652,0.126128076660273,0.0459528545176854,0.0143755866330944,8.773769020398516,0.6105743336511545
1074,awake,EC,,sub-1074_task-awake_acq-EC_eeg.vhdr,alpha,62,120.0,0.0927497435177286,3.5871550450132808,0.0024867872316621,0.8312236286919831,0.5654008438818565,237,0.2235180045972597,0.2364471717800089,0.106880176155443,0.0440010549875344,5.373670514073381,0.8099347325210735
1074,sed2,rest,1.0,sub-1074_task-sed2_acq-rest_run-1_eeg.vhdr,alpha,62,60.0,0.1175863496211182,3.030950866149004,0.0034073778737164,0.7977207977207976,0.4957264957264957,117,0.0875735264425976,0.1136218222152096,0.0265694976981805,0.005240540350274,21.6813180701081,0.4774178563737624
1074,sed2,rest,2.0,sub-1074_task-sed2_acq-rest_run-2_eeg.vhdr,alpha,62,60.0,0.1240264361714434,3.2870707364710565,0.0075164123975458,0.794871794871795,0.5213675213675214,117,0.1537146556889169,0.2922104159514178,0.1506913685809879,0.0286830468681456,10.187565403511886,0.8168288249668452
1074,sed2,rest,3.0,sub-1074_task-sed2_acq-rest_run-3_eeg.vhdr,alpha,62,60.0,0.153004030601115,2.815538951358478,0.0052462281735698,0.6068376068376071,0.1025641025641025,117,0.1258182522225009,0.3115926632620323,0.0903659222752225,0.0111276014615555,28.001781364164028,0.7046659036522599
1074,sed,rest,1.0,sub-1074_task-sed_acq-rest_run-1_eeg.vhdr,alpha,62,120.0,0.1244149658130118,2.87185074937689,0.003384972058831,0.7426160337552743,0.4008438818565401,237,0.1016599357118102,0.1449977382500087,0.0218463224108265,0.0047318826255666,30.64271658724916,0.5076742938087463
1074,sed,rest,2.0,sub-1074_task-sed_acq-rest_run-2_eeg.vhdr,alpha,62,120.0,0.104762148091332,3.319184760877952,0.0028831129045593,0.89873417721519,0.7426160337552743,237,0.1264019992712724,0.2428439840327788,0.1350593729526672,0.0164897787116658,14.726940140576312,0.7444164283789619
1074,sed,rest,3.0,sub-1074_task-sed_acq-rest_run-3_eeg.vhdr,alpha,62,120.0,0.1533903924083247,2.749018319246259,0.0040527410725347,0.6343178621659636,0.1814345991561181,237,0.1082852160993904,0.3458469320298157,0.09184596036924,0.0081545963468723,42.411287729778586,0.7107004353683313
1010,awake,EC,,sub-1010_task-awake_acq-EC_eeg.vhdr,gamma,62,120.0,0.1318331577970301,4.689294658727498,0.0039979671778174,0.8312236286919831,0.6497890295358649,237,0.1389906327377315,0.140137204711999,0.0811139869996638,0.0284073115240494,4.9331385896348,0.6564014034030043
1010,sed2,rest,1.0,sub-1010_task-sed2_acq-rest_run-1_eeg.vhdr,gamma,62,60.0,0.0744572414465793,4.82001642263864,0.001511966762551,0.3019943019943021,0.0,117,0.0721919439295017,0.1728830564205397,0.0336727155669597,0.0054779361310914,31.55988902604005,0.540227163134532
1010,sed2,rest,2.0,sub-1010_task-sed2_acq-rest_run-2_eeg.vhdr,gamma,62,60.0,0.0854650757044521,4.616692795231052,0.001992071446936,0.3276353276353277,0.0,117,0.0506846022182232,0.2888636283665404,0.1753085793279181,0.0121056044064918,23.861974887248905,0.7265580088217897
1010,sed2,rest,3.0,sub-1010_task-sed2_acq-rest_run-3_eeg.vhdr,gamma,62,60.0,0.088945773504283,4.656830659618644,0.0021388847204754,0.3475783475783476,0.0,117,0.0588468133876227,0.433241071021846,0.1293259673182412,0.0073806388068172,58.69967116707824,0.7456156990927846
1010,sed,rest,1.0,sub-1010_task-sed_acq-rest_run-1_eeg.vhdr,gamma,62,120.0,0.0950812040344277,4.685632969731426,0.0077903050261468,0.3389592123769339,0.0,237,0.0806225902307177,0.1333161995037022,0.0285086041017063,0.0044949840344488,29.65888164503547,0.507835164161007
1010,sed,rest,2.0,sub-1010_task-sed_acq-rest_run-2_eeg.vhdr,gamma,62,120.0,0.1519447449643801,6.069846851295039,0.0059540014605573,0.4486638537271448,0.0210970464135021,237,0.0572910163756341,0.2193133876688459,0.2700600619106478,0.0543029719892345,4.038699533946058,0.8094693941720583
1010,sed,rest,3.0,sub-1010_task-sed_acq-rest_run-3_eeg.vhdr,gamma,62,120.0,0.089137714514113,4.651659401867046,0.0021340452682019,0.3459915611814346,0.0042194092827004,237,0.0588681250381223,0.4341007504503503,0.1276679754338711,0.0075222131795922,57.70917946999344,0.7517878525045297
1016,awake,EC,,sub-1016_task-awake_acq-EC_eeg.vhdr,gamma,62,120.0,0.0909870242632388,5.950996934058751,0.0021844540557596,0.8312236286919831,0.6160337552742616,237,0.1580004018753958,0.3008165102847974,0.1374932044923048,0.0251616392281445,11.955362190248866,0.806705572355973
1016,sed2,rest,1.0,sub-1016_task-sed2_acq-rest_run-1_eeg.vhdr,gamma,62,60.0,0.0689962750008009,5.979798551054712,0.0014234007248601,0.4615384615384614,0.1282051282051282,117,0.0489621870009129,0.0557097805573981,0.0090152340435582,0.0020465771126002,27.22095355566415,0.3784979314351464
1016,sed2,rest,2.0,sub-1016_task-sed2_acq-rest_run-2_eeg.vhdr,gamma,62,60.0,0.0713541888145346,6.222827750304576,0.0015118206219908,0.4957264957264956,0.1538461538461538,117,0.0574998918761495,0.0721205218374786,0.0123699482237595,0.0027501361156538,26.22434627898678,0.3960624240210297
1016,sed,rest,1.0,sub-1016_task-sed_acq-rest_run-1_eeg.vhdr,gamma,62,120.0,0.076827656039387,4.893770536246679,0.0017237803915437,0.5175808720112517,0.1308016877637131,237,0.0942764841294993,0.3377527900468345,0.0851846459011898,0.0121815570107841,27.726569741462438,0.7283654600828146
1016,sed,rest,2.0,sub-1016_task-sed_acq-rest_run-2_eeg.vhdr,gamma,62,120.0,0.0748843412463937,5.140197185519089,0.0016392891398898,0.5232067510548524,0.1940928270042194,237,0.0933948212431744,0.3379283097505491,0.0917053545931265,0.0119518627193131,28.274112383855663,0.7181811782160337
1016,sed,rest,3.0,sub-1016_task-sed_acq-rest_run-3_eeg.vhdr,gamma,62,120.0,0.0726268410300271,5.243178337075411,0.0015821438551347,0.5063291139240507,0.1645569620253164,237,0.0963730027153781,0.3099931092399561,0.0904476951744041,0.0118344737916701,26.194076278402463,0.7114404033705559
1017,awake,EC,,sub-1017_task-awake_acq-EC_eeg.vhdr,gamma,62,120.0,0.0825167674745352,5.187294768782879,0.0019485405833133,0.831223628691983,0.5780590717299579,237,0.1888651964327918,0.3421427557261063,0.1264458467300233,0.0212735068642732,16.083044412607777,0.823135983441787
1017,sed2,rest,1.0,sub-1017_task-sed2_acq-rest_run-1_eeg.vhdr,gamma,62,60.0,0.0923051204493692,4.287141219693765,0.0025467484713536,0.7065527065527065,0.3504273504273504,117,0.0604643000372542,0.4987027472798255,0.1202138493525251,0.007278434651086,68.51785735781763,0.7465708574522993
1017,sed2,rest,2.0,sub-1017_task-sed2_acq-rest_run-2_eeg.vhdr,gamma,62,60.0,0.0939666095489166,4.042599631571917,0.0022816479120682,0.6723646723646721,0.1965811965811965,117,0.0415860986400227,0.3831628608423255,0.2669059367622599,0.0176618775401835,21.694344780099097,0.8055806131031309
1017,sed,rest,1.0,sub-1017_task-sed_acq-rest_run-1_eeg.vhdr,gamma,62,120.0,0.0950371714107106,5.035205042894393,0.0027611356914913,0.6638537271448665,0.2616033755274262,237,0.0510648465351932,0.4284510442997427,0.1738332304801584,0.0167302145241368,25.609417240645843,0.7725715526279191
1017,sed,rest,2.0,sub-1017_task-sed_acq-rest_run-2_eeg.vhdr,gamma,62,120.0,0.092197698295152,4.2067941407892775,0.0023560276979761,0.6849507735583685,0.2278481012658227,237,0.0419143931881882,0.3791086183619948,0.2812171402542229,0.0189960891399755,19.95719305950392,0.8128521709230826
1022,awake,EC,,sub-1022_task-awake_acq-EC_eeg.vhdr,gamma,62,120.0,0.0921758864991415,5.35344639449844,0.0022064669003943,0.8312236286919831,0.6160337552742616,237,0.1203722757228148,0.3565636421765245,0.1780822370422974,0.0242890970316584,14.67998755561391,0.8335264617865384
1022,sed2,rest,1.0,sub-1022_task-sed2_acq-rest_run-1_eeg.vhdr,gamma,62,60.0,0.0941272154808631,4.6149534988619,0.0026693708262865,0.6666666666666666,0.3076923076923077,117,0.1028601034990995,0.4336866026465381,0.0859072608630059,0.0058935220697871,73.58699898592435,0.740187316746165
1022,sed2,rest,2.0,sub-1022_task-sed2_acq-rest_run-2_eeg.vhdr,gamma,62,60.0,0.0933439622816738,4.633590913422278,0.0026187432553446,0.6638176638176638,0.3076923076923077,117,0.104519773937639,0.3789701087599904,0.0606173241354832,0.0046904127046876,80.79675127530801,0.6893872872958801
1022,sed2,rest,3.0,sub-1022_task-sed2_acq-rest_run-3_eeg.vhdr,gamma,62,60.0,0.0916509027616112,4.60118883053716,0.0024412312782386,0.6638176638176637,0.2564102564102564,117,0.114282631578721,0.3978821898592133,0.0633885730146495,0.0049563126489293,80.27786339606347,0.7061687142650799
1022,sed,rest,1.0,sub-1022_task-sed_acq-rest_run-1_eeg.vhdr,gamma,62,120.0,0.0879714894381183,4.689141428870973,0.0022226358386582,0.7398030942334739,0.3628691983122363,237,0.0780035555024666,0.4450413171155875,0.1551212021424489,0.0094093257660307,47.29789659052564,0.7862748676406448
1022,sed,rest,2.0,sub-1022_task-sed_acq-rest_run-2_eeg.vhdr,gamma,62,120.0,0.0894894042113753,4.7508959428598265,0.0023667112110598,0.6666666666666666,0.2953586497890295,237,0.0954240884153699,0.4558793101455764,0.1068919385896235,0.0065768546767315,69.31570370394986,0.7568872452375547
1022,sed,rest,3.0,sub-1022_task-sed_acq-rest_run-3_eeg.vhdr,gamma,62,120.0,0.0889126089571703,4.710427432878137,0.0022471616321542,0.6835443037974684,0.3586497890295358,237,0.0982892612303685,0.4557640722626,0.1143411088641113,0.00686677165727,66.37239374542116,0.7650368326567717
1024,awake,EC,,sub-1024_task-awake_acq-EC_eeg.vhdr,gamma,62,120.0,0.0857958934635664,5.01876336459325,0.001956506310076,0.8312236286919831,0.5738396624472574,237,0.1976900353762876,0.3009677293107203,0.1573652396748011,0.0214704123556589,14.017789892022122,0.8315414325986015
1024,sed2,rest,1.0,sub-1024_task-sed2_acq-rest_run-1_eeg.vhdr,gamma,62,60.0,0.0940470036751233,4.797954048427362,0.0024273807481776,0.7435897435897436,0.3418803418803419,117,0.039795206097953,0.3730753475857907,0.3709075019617081,0.0210094445374675,17.75750648251089,0.8504467025305601
1024,sed2,rest,2.0,sub-1024_task-sed2_acq-rest_run-2_eeg.vhdr,gamma,62,60.0,0.0903854608086627,4.506460408434403,0.0022149306436785,0.7207977207977209,0.3076923076923077,117,0.0482400223522573,0.3796337597632159,0.2152967014935017,0.0114635214073493,33.11667909362594,0.7818925349102142
1024,sed2,rest,3.0,sub-1024_task-sed2_acq-rest_run-3_eeg.vhdr,gamma,62,60.0,0.0843308718119227,4.368957734124868,0.0021508167378377,0.6666666666666667,0.2222222222222222,117,0.0633325668225437,0.2974407756599492,0.0804020081261086,0.0075074755936247,39.61927973138054,0.6321752885150715
1024,sed,rest,1.0,sub-1024_task-sed_acq-rest_run-1_eeg.vhdr,gamma,62,120.0,0.089292043166079,4.188916071429079,0.0021803436791856,0.6272855133614628,0.1308016877637131,237,0.0497585064545972,0.4596865710273712,0.2331658940134817,0.0119312941322235,38.52780477076174,0.8005810952309714
1024,sed,rest,2.0,sub-1024_task-sed_acq-rest_run-2_eeg.vhdr,gamma,62,120.0,0.0833385681279507,4.105276610222275,0.0019308297788926,0.6033755274261603,0.160337552742616,237,0.0425651551787216,0.4289422550274329,0.2359225782894239,0.0118843631128246,36.09299471239318,0.7956520095927374
1024,sed,rest,3.0,sub-1024_task-sed_acq-rest_run-3_eeg.vhdr,gamma,62,120.0,0.0878895276004192,4.171754694392746,0.002106291090985,0.6174402250351617,0.1645569620253164,237,0.0520085153637109,0.4276823503795217,0.1896145336160672,0.0091000944458585,46.99757270400231,0.7636186255515316
1033,awake,EC,,sub-1033_task-awake_acq-EC_eeg.vhdr,gamma,62,120.0,0.2174848791271088,3.56080057368794,0.0107311753395378,0.8312236286919831,0.6540084388185654,237,0.0946150937523568,0.6017234540838474,0.0793752637794167,0.0278115648921055,21.635728028846483,0.7084722643573733
1033,sed2,rest,1.0,sub-1033_task-sed2_acq-rest_run-1_eeg.vhdr,gamma,62,60.0,0.0726496807240856,5.912040841229701,0.0014786103822561,0.3333333333333333,0.0,117,0.2061995553495362,0.339772060349315,0.0660075212626077,0.0063374816114232,53.61310393126299,0.756464138200268
1033,sed2,rest,2.0,sub-1033_task-sed2_acq-rest_run-2_eeg.vhdr,gamma,62,60.0,0.0736046517836311,5.779763862779156,0.0013873744154182,0.3418803418803419,0.0,117,0.1555466909043988,0.4167544887023379,0.0916299406256925,0.007880729552165,52.88272943397268,0.7761588015079726
1033,sed2,rest,3.0,sub-1033_task-sed2_acq-rest_run-3_eeg.vhdr,gamma,62,60.0,0.0756063849684489,6.26225971498588,0.0019428904521741,0.4017094017094018,0.1025641025641025,117,0.122105308893121,0.3596781085331565,0.0618646337033773,0.0052321708128892,68.743571516886,0.7135653876935202
1033,sed,rest,1.0,sub-1033_task-sed_acq-rest_run-1_eeg.vhdr,gamma,62,120.0,0.114796661661353,5.4485661710804365,0.0046110342206148,0.5850914205344585,0.3291139240506329,237,0.1763164144908081,0.1249125729546639,0.0463976370087221,0.0318738276222869,3.918969959648113,0.6367643861329381
1033,sed,rest,2.0,sub-1033_task-sed_acq-rest_run-2_eeg.vhdr,gamma,62,120.0,0.0995722832680429,6.238245878200531,0.003801052574825,0.6075949367088608,0.2784810126582278,237,0.131350978493717,0.2845930607046829,0.0723982245314833,0.0073712831316616,38.6083474997276,0.7101109344147634
1033,sed,rest,3.0,sub-1033_task-sed_acq-rest_run-3_eeg.vhdr,gamma,62,120.0,0.0721931419066352,6.0712313578950505,0.0015262460652571,0.3333333333333333,0.0337552742616033,237,0.1409064537897961,0.3914497974596175,0.0774799854689368,0.0068473061263225,57.16843824137346,0.7558572705750376
1036,awake,EC,,sub-1036_task-awake_acq-EC_eeg.vhdr,gamma,62,120.0,0.1027566143729601,7.202348017394497,0.0026033943526229,0.8312236286919831,0.6033755274261603,237,0.2789463975222825,0.1605484971176977,0.0895211382930357,0.0150627145646887,10.658669552393276,0.7547558954020435
1036,sed2,rest,1.0,sub-1036_task-sed2_acq-rest_run-1_eeg.vhdr,gamma,62,60.0,0.1103789702210696,6.014824421032455,0.0073187716920773,0.49002849002849,0.1111111111111111,117,0.0842807642533809,0.0940477947501132,0.0331115079211257,0.0047979332264948,19.6017306391776,0.5166398229354346
1036,sed,rest,1.0,sub-1036_task-sed_acq-rest_run-1_eeg.vhdr,gamma,62,120.0,0.0864091463917568,5.0906537619064105,0.0022756416561406,0.3122362869198312,0.0,237,0.090859333492408,0.2553451067822893,0.0714494305803293,0.0043739660946936,58.37839187498159,0.6367931348459077
1036,sed,rest,2.0,sub-1036_task-sed_acq-rest_run-2_eeg.vhdr,gamma,62,26.98,0.0847724730635118,5.3445628070967,0.0019989660735149,0.2599999999999999,0.02,50,0.1098123118772068,0.3664449337702735,0.0843388955102968,0.004460917624604,82.14564009588864,0.7159415327636184
1037,awake,EC,,sub-1037_task-awake_acq-EC_eeg.vhdr,gamma,62,120.0,0.0935206335565478,5.278921795894331,0.0027299946802179,0.8312236286919831,0.5907172995780591,237,0.2155283347222851,0.2659318417997784,0.1027732330783957,0.0219243018901057,12.129546615468822,0.7947620289925847
1045,awake,EC,,sub-1045_task-awake_acq-EC_eeg.vhdr,gamma,62,120.0,0.1323786722638753,5.983809878664449,0.0044068109303937,0.8312236286919829,0.6118143459915611,237,0.1975008827524825,0.509268005314899,0.0644287054528963,0.0171484533371548,29.697605683294537,0.7327065280632299
1045,sed2,rest,1.0,sub-1045_task-sed2_acq-rest_run-1_eeg.vhdr,gamma,62,60.0,0.1433020861341454,6.369486631939963,0.0059312292582049,0.5384615384615385,0.1025641025641025,117,0.1057071148800871,0.3605837963925544,0.1035360848841319,0.0417781556502339,8.630917061124602,0.798309475943438
1045,sed2,rest,2.0,sub-1045_task-sed2_acq-rest_run-2_eeg.vhdr,gamma,62,60.0,0.0967241826485461,7.302834782201251,0.0025293674353771,0.1168091168091168,0.0085470085470085,117,0.0795736596320815,0.4066934432006611,0.1144683380540345,0.0096107238275103,42.316629887355575,0.745192273306238
1045,sed2,rest,3.0,sub-1045_task-sed2_acq-rest_run-3_eeg.vhdr,gamma,62,60.0,0.0773079380888148,5.71683910793903,0.0016841010027388,0.1652421652421651,0.0,117,0.0551045105822762,0.240789043130707,0.0235360783717228,0.0028398582206231,84.78910718052775,0.5111417580703282
1045,sed,rest,1.0,sub-1045_task-sed_acq-rest_run-1_eeg.vhdr,gamma,62,120.0,0.0821053216236241,4.82047143998707,0.001864494663758,0.0337552742616033,0.0,237,0.063180808047137,0.3753751858340957,0.0656987108535519,0.0050540605514146,74.27200009599326,0.6600032320112776
1045,sed,rest,2.0,sub-1045_task-sed_acq-rest_run-2_eeg.vhdr,gamma,62,120.0,0.0975538363936466,4.509927181748416,0.0030491265917158,0.0886075949367088,0.0084388185654008,237,0.086810215299042,0.4135428973071398,0.124677952548597,0.012935264829328,31.970191776634262,0.7708004683708637
1045,sed,rest,3.0,sub-1045_task-sed_acq-rest_run-3_eeg.vhdr,gamma,62,120.0,0.078468317265356,5.093206380625574,0.0017235094784857,0.0829817158931083,0.0,237,0.0929916991066737,0.4422444742267474,0.0883285391387072,0.0070006507165931,63.17190959339744,0.7424333406897984
1046,awake,EC,,sub-1046_task-awake_acq-EC_eeg.vhdr,gamma,62,120.0,0.085369907114311,4.888861855588627,0.0020426760061165,0.8312236286919831,0.6033755274261603,237,0.106109576711975,0.6568896673868153,0.0845324404686682,0.0116020867579457,56.61823437756344,0.7141934429305427
1046,sed2,rest,1.0,sub-1046_task-sed2_acq-rest_run-1_eeg.vhdr,gamma,62,60.0,0.0838411483072134,5.964741340500515,0.0022547183273598,0.5954415954415955,0.188034188034188,117,0.1288778695424233,0.517792707639181,0.071832298628693,0.0041272075738189,125.45836337342227,0.7576258964571563
1046,sed2,rest,2.0,sub-1046_task-sed2_acq-rest_run-2_eeg.vhdr,gamma,62,60.0,0.1240254991954072,8.089505687281767,0.0053336070861624,0.3760683760683761,0.0,117,0.1132930274427353,0.4292048080748674,0.0591959453451385,0.0052680367510006,81.47338909734516,0.7198263221211635
1046,sed,rest,1.0,sub-1046_task-sed_acq-rest_run-1_eeg.vhdr,gamma,62,120.0,0.100443160789878,5.099211579046637,0.005638595838792,0.7974683544303798,0.4978902953586498,237,0.1189398615529614,0.5090130483979994,0.0881213741008399,0.003744455623784,135.9377969467457,0.7709833780670451
1046,sed,rest,2.0,sub-1046_task-sed_acq-rest_run-2_eeg.vhdr,gamma,62,120.0,0.1700838578880144,5.202620747596601,0.0119419263529273,0.4528832630098452,0.0084388185654008,237,0.1098841406232091,0.1865251375604067,0.0593207020726086,0.0168411758804924,11.075541213567416,0.6371734951814798
1054,awake,EC,,sub-1054_task-awake_acq-EC_eeg.vhdr,gamma,62,120.0,0.1100867897660862,8.385839577354137,0.00336027462982,0.8312236286919831,0.5991561181434599,237,0.2163622285031294,0.3474884412490421,0.1319516586734896,0.036927289002453,9.41007180940221,0.8207855245152457
1054,sed2,rest,1.0,sub-1054_task-sed2_acq-rest_run-1_eeg.vhdr,gamma,62,60.0,0.0977170764956993,4.566907341372724,0.0041332643214012,0.2393162393162393,0.0,117,0.0798817100106862,0.2742695268064649,0.0759595204072154,0.0052764175126353,51.980254803130656,0.6333583550672748
1054,sed2,rest,2.0,sub-1054_task-sed2_acq-rest_run-2_eeg.vhdr,gamma,62,60.0,0.0931910318178955,4.795289533368261,0.0025133108715699,0.2222222222222222,0.0,117,0.0958049077401195,0.377263771846166,0.1385189645622207,0.0056768354869148,66.4567033251722,0.7454536182906505
1054,sed,rest,1.0,sub-1054_task-sed_acq-rest_run-1_eeg.vhdr,gamma,62,120.0,0.0996102431414908,4.57392773941474,0.003302835045336,0.3291139240506329,0.0,237,0.1109485331688079,0.4305044374980117,0.1122313682635167,0.005428980453349,79.29747419759909,0.7629659596517516
1054,sed,rest,2.0,sub-1054_task-sed_acq-rest_run-2_eeg.vhdr,gamma,62,120.0,0.1074972658272097,6.569998568086927,0.0031912039641704,0.5639943741209564,0.1139240506329113,237,0.0962204263976669,0.3253674012540118,0.1017711629338747,0.0067112633545934,48.480797729809765,0.7093161480224193
1055,awake,EC,,sub-1055_task-awake_acq-EC_eeg.vhdr,gamma,62,120.0,0.1042414180959611,5.620494393326868,0.0033222852556705,0.8312236286919831,0.5949367088607594,237,0.1353912891393796,0.459000956492011,0.1104585078890327,0.0152149835287096,30.16769328706391,0.7570081066320138
1055,sed2,rest,1.0,sub-1055_task-sed2_acq-rest_run-1_eeg.vhdr,gamma,62,60.0,0.3419363541591844,5.3122567931354325,0.0121483785193068,0.5925925925925923,0.0,117,0.0915134239896871,0.3642957452122463,0.0913363015070006,0.0060122626589722,60.59212077303494,0.6966073182063697
1055,sed2,rest,2.0,sub-1055_task-sed2_acq-rest_run-2_eeg.vhdr,gamma,62,60.0,0.329190474952388,5.689322977914893,0.0110805247711029,0.6039886039886041,0.0,117,0.0585630102399526,0.1686024393846509,0.0618183404623461,0.0049670835952786,33.943950432194846,0.5380585283774583
1055,sed,rest,1.0,sub-1055_task-sed_acq-rest_run-1_eeg.vhdr,gamma,62,120.0,0.3370870473752665,5.438649684943729,0.0120154278349081,0.5949367088607594,0.0,237,0.0833985399614801,0.2717744980339859,0.1127724174043336,0.0064448942396713,42.16896164391887,0.707847470158222
1055,sed,rest,2.0,sub-1055_task-sed_acq-rest_run-2_eeg.vhdr,gamma,62,120.0,0.3698692628805041,5.389318106735268,0.0120769142575666,0.6385372714486639,0.0,237,0.1007644351602827,0.3288085211624217,0.0911392359927947,0.0056606392262979,58.08681810647268,0.7055641485176958
1057,awake,EC,,sub-1057_task-awake_acq-EC_eeg.vhdr,gamma,62,120.0,0.101351181339249,6.030244861331823,0.0026613560944866,0.8312236286919831,0.5907172995780591,237,0.0986127775232235,0.556994511231648,0.0715250068402509,0.0146088679864892,38.12715069426646,0.7093184848800753
1057,sed2,rest,1.0,sub-1057_task-sed2_acq-rest_run-1_eeg.vhdr,gamma,62,60.0,0.0780640549575757,6.320526255411371,0.0017862546999463,0.3475783475783476,0.0512820512820512,117,0.0590632318166194,0.1448056102887632,0.0248668936725994,0.0030588078399597,47.34053847701869,0.463324135611418
1057,sed2,rest,2.0,sub-1057_task-sed2_acq-rest_run-2_eeg.vhdr,gamma,62,60.0,0.0871061793327762,5.538357208970259,0.0021026679362999,0.5099715099715099,0.1111111111111111,117,0.0801986898273689,0.2132344285881824,0.1698133701283772,0.0072387186052041,29.45748276572385,0.6633523397728278
1057,sed2,rest,3.0,sub-1057_task-sed2_acq-rest_run-3_eeg.vhdr,gamma,62,60.0,0.0799175082604144,5.847046826417332,0.0018671284166523,0.358974358974359,0.0512820512820512,117,0.0543958478058772,0.1439182337692932,0.0264165172674019,0.0028440624902148,50.60304905881879,0.4547549986003359
1057,sed,rest,1.0,sub-1057_task-sed_acq-rest_run-1_eeg.vhdr,gamma,62,120.0,0.0933736599877392,5.047700216252081,0.0024223809171746,0.5766526019690577,0.1687763713080168,237,0.089460669800247,0.345940600245888,0.0678273096700478,0.0037825347774161,91.45734818352216,0.6795305658626071
1057,sed,rest,2.0,sub-1057_task-sed_acq-rest_run-2_eeg.vhdr,gamma,62,120.0,0.0837513042968018,5.136470593579578,0.0019733749353573,0.3164556962025316,0.0295358649789029,237,0.095562041546925,0.2579387297362815,0.1300618347692632,0.0058798146659202,43.86851360935623,0.6808631543027286
1057,sed,rest,3.0,sub-1057_task-sed_acq-rest_run-3_eeg.vhdr,gamma,62,120.0,0.0850557474958147,5.312230985943469,0.002015678085764,0.3699015471167369,0.0379746835443038,237,0.0875311870487286,0.2445093663901621,0.0568618467017338,0.0041288214829298,59.220135174610334,0.6074586959031298
1060,awake,EC,,sub-1060_task-awake_acq-EC_eeg.vhdr,gamma,62,120.0,0.1520085796584794,7.08576626383842,0.0054478152683266,0.8312236286919831,0.5864978902953587,237,0.1154133092715069,0.3769729760107889,0.1333494710063353,0.099430980950711,3.791302996335388,0.8605967948207502
1060,sed2,rest,1.0,sub-1060_task-sed2_acq-rest_run-1_eeg.vhdr,gamma,62,60.0,0.1028602646534745,5.076586348022188,0.0035592293531573,0.0911680911680911,0.0,117,0.0695855867075128,0.3522883603218719,0.0273445011718007,0.0028860423502118,122.06624763283304,0.6076373287230813
1060,sed2,rest,2.0,sub-1060_task-sed2_acq-rest_run-2_eeg.vhdr,gamma,62,60.0,0.110548671358504,5.401184281152351,0.0065879708055813,0.1196581196581196,0.0,117,0.102401673729356,0.4843783009379896,0.0716066889343127,0.0073568207620488,65.84070980373441,0.7549703771803078
1060,sed2,rest,3.0,sub-1060_task-sed2_acq-rest_run-3_eeg.vhdr,gamma,62,60.0,0.1604931632454384,5.378283222676251,0.0087564896170505,0.4786324786324787,0.1452991452991453,117,0.0972733096680003,0.3522527067332039,0.051300281636837,0.005344879481676,65.90470521831806,0.6902382695919882
1060,sed,rest,1.0,sub-1060_task-sed_acq-rest_run-1_eeg.vhdr,gamma,62,120.0,0.1000990623277286,4.686495415196914,0.0028718533333405,0.0323488045007032,0.0,237,0.0854405336116857,0.4878924766747194,0.0472851591598142,0.0036384528357251,134.09339039663183,0.7156665055633402
1060,sed,rest,2.0,sub-1060_task-sed_acq-rest_run-2_eeg.vhdr,gamma,62,120.0,0.0906732225662902,4.784825246584951,0.002382004340616,0.0042194092827004,0.0,237,0.0833836011693534,0.517692150955559,0.0704083354084796,0.0054876097370275,94.33836873786842,0.7484511638161112
1060,sed,rest,3.0,sub-1060_task-sed_acq-rest_run-3_eeg.vhdr,gamma,62,120.0,0.1174434167907018,5.194661785372502,0.0032860308686602,0.080168776371308,0.0126582278481012,237,0.0858824447124163,0.51808001760256,0.0826479696761186,0.0063131334533672,82.06384695450525,0.7544145426463952
1061,awake,EC,,sub-1061_task-awake_acq-EC_eeg.vhdr,gamma,62,120.0,0.1092227206421171,6.738926066577785,0.0032012901624719,0.8312236286919831,0.5949367088607594,237,0.1386229807769488,0.5301627163290098,0.0663159797369972,0.0267246874067855,19.837938915407523,0.7339006899354861
1061,sed2,rest,1.0,sub-1061_task-sed2_acq-rest_run-1_eeg.vhdr,gamma,62,60.0,0.1074571613604059,5.396176438437073,0.0045123697372204,0.8119658119658119,0.5384615384615384,117,0.0681346840291993,0.2720641157128883,0.0998744276366949,0.0074219539659581,36.65666978319874,0.6493742691607693
1061,sed2,rest,2.0,sub-1061_task-sed2_acq-rest_run-2_eeg.vhdr,gamma,62,60.0,0.0970497024358863,4.783318573504054,0.0026860874145109,0.7777777777777778,0.4871794871794871,117,0.0642014801496724,0.2349099978210692,0.0317393945665352,0.003743563495338,62.75037088347979,0.5514758974892258
1061,sed2,rest,3.0,sub-1061_task-sed2_acq-rest_run-3_eeg.vhdr,gamma,62,60.0,0.1098888425001207,4.543100688869944,0.0061270573047111,0.7578347578347576,0.452991452991453,117,0.0784281356790898,0.3154374110060473,0.072775978726705,0.0053860295764306,58.56585198266327,0.6543656525621084
1061,sed,rest,1.0,sub-1061_task-sed_acq-rest_run-1_eeg.vhdr,gamma,62,120.0,0.0999033431166262,4.457897424271442,0.0026780309766413,0.7566807313642756,0.4050632911392405,237,0.0664138737316489,0.3362964110353698,0.0488548984633334,0.004976406451741,67.5781639279352,0.6338987146177923
1061,sed,rest,2.0,sub-1061_task-sed_acq-rest_run-2_eeg.vhdr,gamma,62,120.0,0.0745789783262465,52.53896032008194,0.0017653579656373,0.0872011251758087,0.0168776371308016,237,0.1034726030887022,0.1770929580511389,0.0333084903810705,0.0072076403296572,24.57017136355768,0.582411572890278
1061,sed,rest,3.0,sub-1061_task-sed_acq-rest_run-3_eeg.vhdr,gamma,62,120.0,0.1084532209653842,4.322081798400417,0.0030905322869584,0.7454289732770745,0.2742616033755274,237,0.0751606671205385,0.4524888355948133,0.1504369588361915,0.0082162219786406,55.07261570050732,0.7877460406280844
1062,awake,EC,,sub-1062_task-awake_acq-EC_eeg.vhdr,gamma,62,120.0,0.2883831934431324,6.762015599919704,0.0081209515465559,0.8312236286919831,0.5822784810126582,237,0.1484465684205493,0.4779720907141885,0.0783159743278049,0.0237031708517574,20.1649008769046,0.7809764796481109
1062,sed2,rest,1.0,sub-1062_task-sed2_acq-rest_run-1_eeg.vhdr,gamma,62,60.0,0.2028063006597533,5.649984586763929,0.0161836712803918,0.2022792022792022,0.0,117,0.0906159493640867,0.2368445732848678,0.0958339423063323,0.0083330587040716,28.42228546172593,0.6455057811978145
1062,sed2,rest,2.0,sub-1062_task-sed2_acq-rest_run-2_eeg.vhdr,gamma,62,60.0,0.2343085576233924,4.94015624341361,0.0075396232519175,0.1282051282051281,0.0,117,0.0986584528821311,0.3672275424771654,0.0867905567741034,0.0071531679616849,51.33774914734816,0.7224010336127409
1062,sed2,rest,3.0,sub-1062_task-sed2_acq-rest_run-3_eeg.vhdr,gamma,62,60.0,0.2738419247077623,5.941823048815646,0.0163408907238022,0.4387464387464387,0.1367521367521367,117,0.0934598992079195,0.2197458712871349,0.0637480223457782,0.0055867117482704,39.33366909718095,0.6093422799141572
1062,sed,rest,1.0,sub-1062_task-sed_acq-rest_run-1_eeg.vhdr,gamma,62,120.0,0.0875491061903789,4.687285749134067,0.0022361011971085,0.0042194092827004,0.0,237,0.0839341422293641,0.2158354029391723,0.0407541130346457,0.0069233393103155,31.175043318533973,0.5764442579342538
1062,sed,rest,2.0,sub-1062_task-sed_acq-rest_run-2_eeg.vhdr,gamma,62,120.0,0.185621849766411,5.049056646671053,0.0056240086182243,0.0661040787623066,0.0042194092827004,237,0.1102439215450862,0.3248261684387413,0.1179320099391411,0.0103072120931199,31.51445468208111,0.7412285115660038
1062,sed,rest,3.0,sub-1062_task-sed_acq-rest_run-3_eeg.vhdr,gamma,62,120.0,0.2032138161026434,4.421250816335782,0.0064129033344109,0.1040787623066104,0.0,237,0.0998965980165015,0.4019092965676238,0.0775986750964732,0.0062987509356835,63.80777722562873,0.722830529444655
1064,awake,EC,,sub-1064_task-awake_acq-EC_eeg.vhdr,gamma,62,120.0,0.1044814846688573,4.546244272736132,0.0029109733970849,0.8312236286919831,0.6118143459915611,237,0.2159002670629121,0.1597946723272331,0.1399038883161616,0.0591691368674516,2.7006422737329774,0.8152702085497883
1064,sed2,rest,1.0,sub-1064_task-sed2_acq-rest_run-1_eeg.vhdr,gamma,62,60.0,0.3579390936200003,4.7352824531471205,0.0085223648436578,0.6381766381766382,0.0,117,0.1024095859798239,0.3856778170175188,0.1733327933671093,0.0102839493110675,37.50288972787453,0.7908644691430966
1064,sed2,rest,2.0,sub-1064_task-sed2_acq-rest_run-2_eeg.vhdr,gamma,62,60.0,0.7891102981755889,1.7203912193964337,0.0024509643285261,0.4273504273504273,0.0,117,0.1893383516055979,0.1883221407669564,0.1029320753893388,0.0182803878250948,10.301867912130977,0.7121513408523445
1064,sed2,rest,3.0,sub-1064_task-sed2_acq-rest_run-3_eeg.vhdr,gamma,62,60.0,0.2837287430038517,5.447918360522074,0.0106309923240167,0.4501424501424502,0.0,117,0.0866505996912046,0.1834405206047769,0.027555580088833,0.0032694236551415,56.10790766139625,0.5359614861878084
1064,sed,rest,1.0,sub-1064_task-sed_acq-rest_run-1_eeg.vhdr,gamma,62,120.0,0.084903060261725,4.381042647272318,0.0019231615578318,0.4697609001406469,0.1350210970464135,237,0.1159491821613932,0.4228323863765546,0.1321758338446836,0.0103779800625802,40.74322592509221,0.7828383394414612
1064,sed,rest,2.0,sub-1064_task-sed_acq-rest_run-2_eeg.vhdr,gamma,62,120.0,0.0874424768316888,4.832758237557588,0.0020109345247117,0.4992967651195499,0.1518987341772152,237,0.1140063495465384,0.4148324804673912,0.1843730807522413,0.009372587476499,44.260187644371015,0.8066168163676818
1064,sed,rest,3.0,sub-1064_task-sed_acq-rest_run-3_eeg.vhdr,gamma,62,120.0,0.1512020929887094,4.431687765996798,0.0047341739103422,0.7355836849507735,0.4008438818565401,237,0.1128209612230169,0.3560738911427291,0.0675856542712023,0.0060060505636513,59.28586303258971,0.6775487692512179
1067,awake,EC,,sub-1067_task-awake_acq-EC_eeg.vhdr,gamma,62,120.0,0.1922122813451809,6.51692354121911,0.0111318805393704,0.8312236286919831,0.6666666666666666,237,0.0925982824955,0.06242800588849,0.0377163349311964,0.0112478485079913,5.550217522807666,0.4988533414245911
1067,sed2,rest,1.0,sub-1067_task-sed2_acq-rest_run-1_eeg.vhdr,gamma,62,60.0,0.0967826916677041,5.283944116811431,0.0027859545471304,0.168091168091168,0.0085470085470085,117,0.0806792038636983,0.195295969589389,0.0323128189801131,0.0036280576901645,53.82934512452695,0.5216374703618472
1067,sed2,rest,2.0,sub-1067_task-sed2_acq-rest_run-2_eeg.vhdr,gamma,62,60.0,0.1861044784391289,5.504693570053918,0.00893330731751,0.7777777777777778,0.4871794871794871,117,0.0718541761727099,0.1165298384972325,0.0210491071698416,0.0030417251543628,38.31044310225646,0.4750681453476647
1067,sed2,rest,3.0,sub-1067_task-sed2_acq-rest_run-3_eeg.vhdr,gamma,62,60.0,0.1691903221406721,5.653832304221767,0.0106669100216704,0.7122507122507123,0.4102564102564102,117,0.0802259769163315,0.0730448775371335,0.0141147667410907,0.0021898129504942,33.35667436220505,0.450827544861802
1067,sed,rest,1.0,sub-1067_task-sed_acq-rest_run-1_eeg.vhdr,gamma,62,120.0,0.152736724320175,4.52034590993152,0.0080533226846551,0.3052039381153306,0.0379746835443038,237,0.0727114044565748,0.2690447681333938,0.1055920428174246,0.0084580100353111,31.80946428041058,0.6607014493723063
1067,sed,rest,2.0,sub-1067_task-sed_acq-rest_run-2_eeg.vhdr,gamma,62,120.0,0.1625144231115702,4.783304043425256,0.0070901323858539,0.559774964838256,0.1054852320675105,237,0.0636949687212812,0.3421428978530709,0.1358073336975387,0.0090901308304535,37.63894097862634,0.7031145731662417
1067,sed,rest,3.0,sub-1067_task-sed_acq-rest_run-3_eeg.vhdr,gamma,62,120.0,0.1043125272044953,4.714019354023982,0.0029192078421707,0.0253164556962025,0.0,237,0.108831634498334,0.3551247688524221,0.0945054067285619,0.0077289837625226,45.94714903250984,0.7225689054143953
1068,awake,EC,,sub-1068_task-awake_acq-EC_eeg.vhdr,gamma,62,120.0,0.1332711732860058,5.375697500341447,0.0043050247771346,0.8312236286919831,0.5822784810126582,237,0.168596504921407,0.200729547540874,0.1519484628672897,0.049186165289301,4.081016406872761,0.7798024710668244
1068,sed2,rest,1.0,sub-1068_task-sed2_acq-rest_run-1_eeg.vhdr,gamma,62,60.0,0.2146187239489053,4.57261257137038,0.0192879419942451,0.6980056980056978,0.2478632478632478,117,0.0810100417074523,0.0316227993206787,0.0241255908526095,0.0054995334938066,5.750087593891521,0.4339057604894297
1068,sed,rest,1.0,sub-1068_task-sed_acq-rest_run-1_eeg.vhdr,gamma,62,120.0,0.1793402470204519,4.309993900929792,0.0067958171377555,0.6118143459915611,0.0970464135021097,237,0.0837965311692749,0.2317594912626098,0.0352124678760828,0.0041566445759025,55.75638883113562,0.5750228144685736
1068,sed,rest,2.0,sub-1068_task-sed_acq-rest_run-2_eeg.vhdr,gamma,62,120.0,0.3876462613144713,4.435783740631202,0.0447943782358895,0.4641350210970464,0.0084388185654008,237,0.085898121075959,0.0281307742351677,0.012712116730039,0.0030885059270046,9.10821442176799,0.4501437293039546
1071,awake,EC,,sub-1071_task-awake_acq-EC_eeg.vhdr,gamma,62,120.0,0.1211920357619218,7.103662651256721,0.0042873972919715,0.8312236286919831,0.620253164556962,237,0.140997043933324,0.5532415004659841,0.0866899667331437,0.0406315323151292,13.616062917872458,0.787454722303618
1071,sed2,rest,1.0,sub-1071_task-sed2_acq-rest_run-1_eeg.vhdr,gamma,62,60.0,0.1236267929238275,4.444210882315925,0.007967042114393,0.4301994301994302,0.017094017094017,117,0.118958117561987,0.2804013065419078,0.0655241414511332,0.0114443356753392,24.50131789839294,0.6890580814613907
1071,sed2,rest,2.0,sub-1071_task-sed2_acq-rest_run-2_eeg.vhdr,gamma,62,60.0,0.2012944059615101,4.378874872212622,0.0183233190771866,0.4871794871794872,0.0,117,0.1777082415244733,0.2257674671339596,0.0675651836430562,0.0089500094885928,25.225388576010253,0.7164981967199763
1071,sed2,rest,3.0,sub-1071_task-sed2_acq-rest_run-3_eeg.vhdr,gamma,62,57.68,0.2096481946543446,3.708526501075717,0.0148929003015766,0.4553571428571427,0.0,112,0.1010876377461418,0.1066069705776975,0.0266612683926624,0.0071231390639799,14.966290789101354,0.4700556914128829
1071,sed,rest,1.0,sub-1071_task-sed_acq-rest_run-1_eeg.vhdr,gamma,62,120.0,0.0943829849776079,4.3895087145200975,0.0025112328269949,0.1125175808720112,0.0,237,0.0905510308174679,0.3524423941937377,0.0499144977169325,0.0072190138377636,48.82140442801804,0.6776501243960152
1071,sed,rest,2.0,sub-1071_task-sed_acq-rest_run-2_eeg.vhdr,gamma,62,120.0,0.1264921590093611,3.820045396241571,0.0047230159933476,0.6047819971870605,0.0,237,0.0972526613148446,0.4700059999762407,0.1421393658080597,0.014380473171739,32.68362551986311,0.7976462972521027
1071,sed,rest,3.0,sub-1071_task-sed_acq-rest_run-3_eeg.vhdr,gamma,62,120.0,0.199428096841438,3.893138191129757,0.0129487035943257,0.4894514767932489,0.0042194092827004,237,0.133248110038652,0.126128076660273,0.0459528545176854,0.0143755866330944,8.773769020398516,0.6105743336511545
1074,awake,EC,,sub-1074_task-awake_acq-EC_eeg.vhdr,gamma,62,120.0,0.1061209622808467,6.059674241015319,0.0029156574826327,0.8312236286919831,0.6075949367088608,237,0.2235180045972597,0.2364471717800089,0.106880176155443,0.0440010549875344,5.373670514073381,0.8099347325210735
1074,sed2,rest,1.0,sub-1074_task-sed2_acq-rest_run-1_eeg.vhdr,gamma,62,60.0,0.0766908853584181,5.914061439935735,0.0018170258723303,0.4814814814814815,0.0854700854700854,117,0.0875735264425976,0.1136218222152096,0.0265694976981805,0.005240540350274,21.6813180701081,0.4774178563737624
1074,sed2,rest,2.0,sub-1074_task-sed2_acq-rest_run-2_eeg.vhdr,gamma,62,60.0,0.1210640331467807,4.834526785659181,0.0060493518536764,0.700854700854701,0.2051282051282051,117,0.1537146556889169,0.2922104159514178,0.1506913685809879,0.0286830468681456,10.187565403511886,0.8168288249668452
1074,sed2,rest,3.0,sub-1074_task-sed2_acq-rest_run-3_eeg.vhdr,gamma,62,60.0,0.1453049708895927,4.826290879693446,0.0146720900712406,0.6666666666666665,0.2222222222222222,117,0.1258182522225009,0.3115926632620323,0.0903659222752225,0.0111276014615555,28.001781364164028,0.7046659036522599
1074,sed,rest,1.0,sub-1074_task-sed_acq-rest_run-1_eeg.vhdr,gamma,62,120.0,0.0788748225980747,5.992111510563758,0.0018596571841417,0.5021097046413501,0.1518987341772152,237,0.1016599357118102,0.1449977382500087,0.0218463224108265,0.0047318826255666,30.64271658724916,0.5076742938087463
1074,sed,rest,2.0,sub-1074_task-sed_acq-rest_run-2_eeg.vhdr,gamma,62,120.0,0.095749063400539,4.357943940985794,0.0024846726316656,0.630098452883263,0.0970464135021097,237,0.1264019992712724,0.2428439840327788,0.1350593729526672,0.0164897787116658,14.726940140576312,0.7444164283789619
1074,sed,rest,3.0,sub-1074_task-sed_acq-rest_run-3_eeg.vhdr,gamma,62,120.0,0.1089472250694459,4.766104950229414,0.0048139611205345,0.6568213783403658,0.1687763713080168,237,0.1082852160993904,0.3458469320298157,0.09184596036924,0.0081545963468723,42.411287729778586,0.7107004353683313
