subject,task,condition,acq,run,filename,path,sfreq,n_channels,duration_s,channels,has_veog,has_heog,has_emg,eeg_size_mb
1010,awake,awake,EC,0,sub-1010_task-awake_acq-EC_eeg.vhdr,C:\Users\oktay\OneDrive\Dokumente\New project\gcc_batch3_20260513\data\ds005620_subset\sub-1010\eeg\sub-1010_task-awake_acq-EC_eeg.vhdr,5000.0,65,300.0,Iz|O2|Oz|O1|PO8|PO4|POz|PO3|PO7|P8|P6|P4|P2|Pz|P1|P3|P5|P7|TP10|TP8|CP6|CP4|CP2|CPz|CP1|CP3|CP5|TP7|TP9|T8|C6|C4|C2|Cz|C1|C3|C5|T7|FT8|FC6|FC4|FC2|FCz|FC1|FC3|FC5|FT7|F8|F6|F4|F2|Fz|F1|F3|F5|F7|AF4|AFz|AF3|Fp2|Fpz|Fp1|VEOG|HEOG|EMG,True,True,True,371.93323135375977
1010,sed2,sed2,rest,1,sub-1010_task-sed2_acq-rest_run-1_eeg.vhdr,C:\Users\oktay\OneDrive\Dokumente\New project\gcc_batch3_20260513\data\ds005620_subset\sub-1010\eeg\sub-1010_task-sed2_acq-rest_run-1_eeg.vhdr,5000.0,65,60.0,Iz|O2|Oz|O1|PO8|PO4|POz|PO3|PO7|P8|P6|P4|P2|Pz|P1|P3|P5|P7|TP10|TP8|CP6|CP4|CP2|CPz|CP1|CP3|CP5|TP7|TP9|T8|C6|C4|C2|Cz|C1|C3|C5|T7|FT8|FC6|FC4|FC2|FCz|FC1|FC3|FC5|FT7|F8|F6|F4|F2|Fz|F1|F3|F5|F7|AF4|AFz|AF3|Fp2|Fpz|Fp1|VEOG|HEOG|EMG,True,True,True,74.38684463500977
1010,sed2,sed2,rest,2,sub-1010_task-sed2_acq-rest_run-2_eeg.vhdr,C:\Users\oktay\OneDrive\Dokumente\New project\gcc_batch3_20260513\data\ds005620_subset\sub-1010\eeg\sub-1010_task-sed2_acq-rest_run-2_eeg.vhdr,5000.0,65,60.0,Iz|O2|Oz|O1|PO8|PO4|POz|PO3|PO7|P8|P6|P4|P2|Pz|P1|P3|P5|P7|TP10|TP8|CP6|CP4|CP2|CPz|CP1|CP3|CP5|TP7|TP9|T8|C6|C4|C2|Cz|C1|C3|C5|T7|FT8|FC6|FC4|FC2|FCz|FC1|FC3|FC5|FT7|F8|F6|F4|F2|Fz|F1|F3|F5|F7|AF4|AFz|AF3|Fp2|Fpz|Fp1|VEOG|HEOG|EMG,True,True,True,74.38684463500977
1010,sed2,sed2,rest,3,sub-1010_task-sed2_acq-rest_run-3_eeg.vhdr,C:\Users\oktay\OneDrive\Dokumente\New project\gcc_batch3_20260513\data\ds005620_subset\sub-1010\eeg\sub-1010_task-sed2_acq-rest_run-3_eeg.vhdr,5000.0,65,60.0,Iz|O2|Oz|O1|PO8|PO4|POz|PO3|PO7|P8|P6|P4|P2|Pz|P1|P3|P5|P7|TP10|TP8|CP6|CP4|CP2|CPz|CP1|CP3|CP5|TP7|TP9|T8|C6|C4|C2|Cz|C1|C3|C5|T7|FT8|FC6|FC4|FC2|FCz|FC1|FC3|FC5|FT7|F8|F6|F4|F2|Fz|F1|F3|F5|F7|AF4|AFz|AF3|Fp2|Fpz|Fp1|VEOG|HEOG|EMG,True,True,True,74.38684463500977
1010,sed,sed,rest,1,sub-1010_task-sed_acq-rest_run-1_eeg.vhdr,C:\Users\oktay\OneDrive\Dokumente\New project\gcc_batch3_20260513\data\ds005620_subset\sub-1010\eeg\sub-1010_task-sed_acq-rest_run-1_eeg.vhdr,5000.0,65,300.0,Iz|O2|Oz|O1|PO8|PO4|POz|PO3|PO7|P8|P6|P4|P2|Pz|P1|P3|P5|P7|TP10|TP8|CP6|CP4|CP2|CPz|CP1|CP3|CP5|TP7|TP9|T8|C6|C4|C2|Cz|C1|C3|C5|T7|FT8|FC6|FC4|FC2|FCz|FC1|FC3|FC5|FT7|F8|F6|F4|F2|Fz|F1|F3|F5|F7|AF4|AFz|AF3|Fp2|Fpz|Fp1|VEOG|HEOG|EMG,True,True,True,371.93323135375977
1010,sed,sed,rest,2,sub-1010_task-sed_acq-rest_run-2_eeg.vhdr,C:\Users\oktay\OneDrive\Dokumente\New project\gcc_batch3_20260513\data\ds005620_subset\sub-1010\eeg\sub-1010_task-sed_acq-rest_run-2_eeg.vhdr,5000.0,65,300.0,Iz|O2|Oz|O1|PO8|PO4|POz|PO3|PO7|P8|P6|P4|P2|Pz|P1|P3|P5|P7|TP10|TP8|CP6|CP4|CP2|CPz|CP1|CP3|CP5|TP7|TP9|T8|C6|C4|C2|Cz|C1|C3|C5|T7|FT8|FC6|FC4|FC2|FCz|FC1|FC3|FC5|FT7|F8|F6|F4|F2|Fz|F1|F3|F5|F7|AF4|AFz|AF3|Fp2|Fpz|Fp1|VEOG|HEOG|EMG,True,True,True,371.93323135375977
1010,sed,sed,rest,3,sub-1010_task-sed_acq-rest_run-3_eeg.vhdr,C:\Users\oktay\OneDrive\Dokumente\New project\gcc_batch3_20260513\data\ds005620_subset\sub-1010\eeg\sub-1010_task-sed_acq-rest_run-3_eeg.vhdr,5000.0,65,300.0,Iz|O2|Oz|O1|PO8|PO4|POz|PO3|PO7|P8|P6|P4|P2|Pz|P1|P3|P5|P7|TP10|TP8|CP6|CP4|CP2|CPz|CP1|CP3|CP5|TP7|TP9|T8|C6|C4|C2|Cz|C1|C3|C5|T7|FT8|FC6|FC4|FC2|FCz|FC1|FC3|FC5|FT7|F8|F6|F4|F2|Fz|F1|F3|F5|F7|AF4|AFz|AF3|Fp2|Fpz|Fp1|VEOG|HEOG|EMG,True,True,True,371.93323135375977
1016,awake,awake,EC,0,sub-1016_task-awake_acq-EC_eeg.vhdr,C:\Users\oktay\OneDrive\Dokumente\New project\gcc_batch3_20260513\data\ds005620_subset\sub-1016\eeg\sub-1016_task-awake_acq-EC_eeg.vhdr,5000.0,65,300.0,Iz|O2|Oz|O1|PO8|PO4|POz|PO3|PO7|P8|P6|P4|P2|Pz|P1|P3|P5|P7|TP10|TP8|CP6|CP4|CP2|CPz|CP1|CP3|CP5|TP7|TP9|T8|C6|C4|C2|Cz|C1|C3|C5|T7|FT8|FC6|FC4|FC2|FCz|FC1|FC3|FC5|FT7|F8|F6|F4|F2|Fz|F1|F3|F5|F7|AF4|AFz|AF3|Fp2|Fpz|Fp1|VEOG|HEOG|EMG,True,True,True,371.93323135375977
1016,sed2,sed2,rest,1,sub-1016_task-sed2_acq-rest_run-1_eeg.vhdr,C:\Users\oktay\OneDrive\Dokumente\New project\gcc_batch3_20260513\data\ds005620_subset\sub-1016\eeg\sub-1016_task-sed2_acq-rest_run-1_eeg.vhdr,5000.0,65,60.0,Iz|O2|Oz|O1|PO8|PO4|POz|PO3|PO7|P8|P6|P4|P2|Pz|P1|P3|P5|P7|TP10|TP8|CP6|CP4|CP2|CPz|CP1|CP3|CP5|TP7|TP9|T8|C6|C4|C2|Cz|C1|C3|C5|T7|FT8|FC6|FC4|FC2|FCz|FC1|FC3|FC5|FT7|F8|F6|F4|F2|Fz|F1|F3|F5|F7|AF4|AFz|AF3|Fp2|Fpz|Fp1|VEOG|HEOG|EMG,True,True,True,74.38684463500977
1016,sed2,sed2,rest,2,sub-1016_task-sed2_acq-rest_run-2_eeg.vhdr,C:\Users\oktay\OneDrive\Dokumente\New project\gcc_batch3_20260513\data\ds005620_subset\sub-1016\eeg\sub-1016_task-sed2_acq-rest_run-2_eeg.vhdr,5000.0,65,60.0,Iz|O2|Oz|O1|PO8|PO4|POz|PO3|PO7|P8|P6|P4|P2|Pz|P1|P3|P5|P7|TP10|TP8|CP6|CP4|CP2|CPz|CP1|CP3|CP5|TP7|TP9|T8|C6|C4|C2|Cz|C1|C3|C5|T7|FT8|FC6|FC4|FC2|FCz|FC1|FC3|FC5|FT7|F8|F6|F4|F2|Fz|F1|F3|F5|F7|AF4|AFz|AF3|Fp2|Fpz|Fp1|VEOG|HEOG|EMG,True,True,True,74.38684463500977
1016,sed,sed,rest,1,sub-1016_task-sed_acq-rest_run-1_eeg.vhdr,C:\Users\oktay\OneDrive\Dokumente\New project\gcc_batch3_20260513\data\ds005620_subset\sub-1016\eeg\sub-1016_task-sed_acq-rest_run-1_eeg.vhdr,5000.0,65,300.0,Iz|O2|Oz|O1|PO8|PO4|POz|PO3|PO7|P8|P6|P4|P2|Pz|P1|P3|P5|P7|TP10|TP8|CP6|CP4|CP2|CPz|CP1|CP3|CP5|TP7|TP9|T8|C6|C4|C2|Cz|C1|C3|C5|T7|FT8|FC6|FC4|FC2|FCz|FC1|FC3|FC5|FT7|F8|F6|F4|F2|Fz|F1|F3|F5|F7|AF4|AFz|AF3|Fp2|Fpz|Fp1|VEOG|HEOG|EMG,True,True,True,371.93323135375977
1016,sed,sed,rest,2,sub-1016_task-sed_acq-rest_run-2_eeg.vhdr,C:\Users\oktay\OneDrive\Dokumente\New project\gcc_batch3_20260513\data\ds005620_subset\sub-1016\eeg\sub-1016_task-sed_acq-rest_run-2_eeg.vhdr,5000.0,65,300.0,Iz|O2|Oz|O1|PO8|PO4|POz|PO3|PO7|P8|P6|P4|P2|Pz|P1|P3|P5|P7|TP10|TP8|CP6|CP4|CP2|CPz|CP1|CP3|CP5|TP7|TP9|T8|C6|C4|C2|Cz|C1|C3|C5|T7|FT8|FC6|FC4|FC2|FCz|FC1|FC3|FC5|FT7|F8|F6|F4|F2|Fz|F1|F3|F5|F7|AF4|AFz|AF3|Fp2|Fpz|Fp1|VEOG|HEOG|EMG,True,True,True,371.93323135375977
1016,sed,sed,rest,3,sub-1016_task-sed_acq-rest_run-3_eeg.vhdr,C:\Users\oktay\OneDrive\Dokumente\New project\gcc_batch3_20260513\data\ds005620_subset\sub-1016\eeg\sub-1016_task-sed_acq-rest_run-3_eeg.vhdr,5000.0,65,300.0,Iz|O2|Oz|O1|PO8|PO4|POz|PO3|PO7|P8|P6|P4|P2|Pz|P1|P3|P5|P7|TP10|TP8|CP6|CP4|CP2|CPz|CP1|CP3|CP5|TP7|TP9|T8|C6|C4|C2|Cz|C1|C3|C5|T7|FT8|FC6|FC4|FC2|FCz|FC1|FC3|FC5|FT7|F8|F6|F4|F2|Fz|F1|F3|F5|F7|AF4|AFz|AF3|Fp2|Fpz|Fp1|VEOG|HEOG|EMG,True,True,True,371.93323135375977
1017,awake,awake,EC,0,sub-1017_task-awake_acq-EC_eeg.vhdr,C:\Users\oktay\OneDrive\Dokumente\New project\gcc_batch3_20260513\data\ds005620_subset\sub-1017\eeg\sub-1017_task-awake_acq-EC_eeg.vhdr,5000.0,65,300.0,Iz|O2|Oz|O1|PO8|PO4|POz|PO3|PO7|P8|P6|P4|P2|Pz|P1|P3|P5|P7|TP10|TP8|CP6|CP4|CP2|CPz|CP1|CP3|CP5|TP7|TP9|T8|C6|C4|C2|Cz|C1|C3|C5|T7|FT8|FC6|FC4|FC2|FCz|FC1|FC3|FC5|FT7|F8|F6|F4|F2|Fz|F1|F3|F5|F7|AF4|AFz|AF3|Fp2|Fpz|Fp1|VEOG|HEOG|EMG,True,True,True,371.93323135375977
1017,sed2,sed2,rest,1,sub-1017_task-sed2_acq-rest_run-1_eeg.vhdr,C:\Users\oktay\OneDrive\Dokumente\New project\gcc_batch3_20260513\data\ds005620_subset\sub-1017\eeg\sub-1017_task-sed2_acq-rest_run-1_eeg.vhdr,5000.0,65,60.0,Iz|O2|Oz|O1|PO8|PO4|POz|PO3|PO7|P8|P6|P4|P2|Pz|P1|P3|P5|P7|TP10|TP8|CP6|CP4|CP2|CPz|CP1|CP3|CP5|TP7|TP9|T8|C6|C4|C2|Cz|C1|C3|C5|T7|FT8|FC6|FC4|FC2|FCz|FC1|FC3|FC5|FT7|F8|F6|F4|F2|Fz|F1|F3|F5|F7|AF4|AFz|AF3|Fp2|Fpz|Fp1|VEOG|HEOG|EMG,True,True,True,74.38684463500977
1017,sed2,sed2,rest,2,sub-1017_task-sed2_acq-rest_run-2_eeg.vhdr,C:\Users\oktay\OneDrive\Dokumente\New project\gcc_batch3_20260513\data\ds005620_subset\sub-1017\eeg\sub-1017_task-sed2_acq-rest_run-2_eeg.vhdr,5000.0,65,60.0,Iz|O2|Oz|O1|PO8|PO4|POz|PO3|PO7|P8|P6|P4|P2|Pz|P1|P3|P5|P7|TP10|TP8|CP6|CP4|CP2|CPz|CP1|CP3|CP5|TP7|TP9|T8|C6|C4|C2|Cz|C1|C3|C5|T7|FT8|FC6|FC4|FC2|FCz|FC1|FC3|FC5|FT7|F8|F6|F4|F2|Fz|F1|F3|F5|F7|AF4|AFz|AF3|Fp2|Fpz|Fp1|VEOG|HEOG|EMG,True,True,True,74.38684463500977
1017,sed,sed,rest,1,sub-1017_task-sed_acq-rest_run-1_eeg.vhdr,C:\Users\oktay\OneDrive\Dokumente\New project\gcc_batch3_20260513\data\ds005620_subset\sub-1017\eeg\sub-1017_task-sed_acq-rest_run-1_eeg.vhdr,5000.0,65,300.0,Iz|O2|Oz|O1|PO8|PO4|POz|PO3|PO7|P8|P6|P4|P2|Pz|P1|P3|P5|P7|TP10|TP8|CP6|CP4|CP2|CPz|CP1|CP3|CP5|TP7|TP9|T8|C6|C4|C2|Cz|C1|C3|C5|T7|FT8|FC6|FC4|FC2|FCz|FC1|FC3|FC5|FT7|F8|F6|F4|F2|Fz|F1|F3|F5|F7|AF4|AFz|AF3|Fp2|Fpz|Fp1|VEOG|HEOG|EMG,True,True,True,371.93323135375977
1017,sed,sed,rest,2,sub-1017_task-sed_acq-rest_run-2_eeg.vhdr,C:\Users\oktay\OneDrive\Dokumente\New project\gcc_batch3_20260513\data\ds005620_subset\sub-1017\eeg\sub-1017_task-sed_acq-rest_run-2_eeg.vhdr,5000.0,65,300.0,Iz|O2|Oz|O1|PO8|PO4|POz|PO3|PO7|P8|P6|P4|P2|Pz|P1|P3|P5|P7|TP10|TP8|CP6|CP4|CP2|CPz|CP1|CP3|CP5|TP7|TP9|T8|C6|C4|C2|Cz|C1|C3|C5|T7|FT8|FC6|FC4|FC2|FCz|FC1|FC3|FC5|FT7|F8|F6|F4|F2|Fz|F1|F3|F5|F7|AF4|AFz|AF3|Fp2|Fpz|Fp1|VEOG|HEOG|EMG,True,True,True,371.93323135375977
1022,awake,awake,EC,0,sub-1022_task-awake_acq-EC_eeg.vhdr,C:\Users\oktay\OneDrive\Dokumente\New project\gcc_batch3_20260513\data\ds005620_subset\sub-1022\eeg\sub-1022_task-awake_acq-EC_eeg.vhdr,5000.0,65,301.0,Iz|O2|Oz|O1|PO8|PO4|POz|PO3|PO7|P8|P6|P4|P2|Pz|P1|P3|P5|P7|TP10|TP8|CP6|CP4|CP2|CPz|CP1|CP3|CP5|TP7|TP9|T8|C6|C4|C2|Cz|C1|C3|C5|T7|FT8|FC6|FC4|FC2|FCz|FC1|FC3|FC5|FT7|F8|F6|F4|F2|Fz|F1|F3|F5|F7|AF4|AFz|AF3|Fp2|Fpz|Fp1|VEOG|HEOG|EMG,True,True,True,373.1730079650879
1022,sed2,sed2,rest,1,sub-1022_task-sed2_acq-rest_run-1_eeg.vhdr,C:\Users\oktay\OneDrive\Dokumente\New project\gcc_batch3_20260513\data\ds005620_subset\sub-1022\eeg\sub-1022_task-sed2_acq-rest_run-1_eeg.vhdr,5000.0,65,60.0,Iz|O2|Oz|O1|PO8|PO4|POz|PO3|PO7|P8|P6|P4|P2|Pz|P1|P3|P5|P7|TP10|TP8|CP6|CP4|CP2|CPz|CP1|CP3|CP5|TP7|TP9|T8|C6|C4|C2|Cz|C1|C3|C5|T7|FT8|FC6|FC4|FC2|FCz|FC1|FC3|FC5|FT7|F8|F6|F4|F2|Fz|F1|F3|F5|F7|AF4|AFz|AF3|Fp2|Fpz|Fp1|VEOG|HEOG|EMG,True,True,True,74.38684463500977
1022,sed2,sed2,rest,2,sub-1022_task-sed2_acq-rest_run-2_eeg.vhdr,C:\Users\oktay\OneDrive\Dokumente\New project\gcc_batch3_20260513\data\ds005620_subset\sub-1022\eeg\sub-1022_task-sed2_acq-rest_run-2_eeg.vhdr,5000.0,65,60.0,Iz|O2|Oz|O1|PO8|PO4|POz|PO3|PO7|P8|P6|P4|P2|Pz|P1|P3|P5|P7|TP10|TP8|CP6|CP4|CP2|CPz|CP1|CP3|CP5|TP7|TP9|T8|C6|C4|C2|Cz|C1|C3|C5|T7|FT8|FC6|FC4|FC2|FCz|FC1|FC3|FC5|FT7|F8|F6|F4|F2|Fz|F1|F3|F5|F7|AF4|AFz|AF3|Fp2|Fpz|Fp1|VEOG|HEOG|EMG,True,True,True,74.38684463500977
1022,sed2,sed2,rest,3,sub-1022_task-sed2_acq-rest_run-3_eeg.vhdr,C:\Users\oktay\OneDrive\Dokumente\New project\gcc_batch3_20260513\data\ds005620_subset\sub-1022\eeg\sub-1022_task-sed2_acq-rest_run-3_eeg.vhdr,5000.0,65,60.0,Iz|O2|Oz|O1|PO8|PO4|POz|PO3|PO7|P8|P6|P4|P2|Pz|P1|P3|P5|P7|TP10|TP8|CP6|CP4|CP2|CPz|CP1|CP3|CP5|TP7|TP9|T8|C6|C4|C2|Cz|C1|C3|C5|T7|FT8|FC6|FC4|FC2|FCz|FC1|FC3|FC5|FT7|F8|F6|F4|F2|Fz|F1|F3|F5|F7|AF4|AFz|AF3|Fp2|Fpz|Fp1|VEOG|HEOG|EMG,True,True,True,74.38684463500977
1022,sed,sed,rest,1,sub-1022_task-sed_acq-rest_run-1_eeg.vhdr,C:\Users\oktay\OneDrive\Dokumente\New project\gcc_batch3_20260513\data\ds005620_subset\sub-1022\eeg\sub-1022_task-sed_acq-rest_run-1_eeg.vhdr,5000.0,65,303.0,Iz|O2|Oz|O1|PO8|PO4|POz|PO3|PO7|P8|P6|P4|P2|Pz|P1|P3|P5|P7|TP10|TP8|CP6|CP4|CP2|CPz|CP1|CP3|CP5|TP7|TP9|T8|C6|C4|C2|Cz|C1|C3|C5|T7|FT8|FC6|FC4|FC2|FCz|FC1|FC3|FC5|FT7|F8|F6|F4|F2|Fz|F1|F3|F5|F7|AF4|AFz|AF3|Fp2|Fpz|Fp1|VEOG|HEOG|EMG,True,True,True,375.65256118774414
1022,sed,sed,rest,2,sub-1022_task-sed_acq-rest_run-2_eeg.vhdr,C:\Users\oktay\OneDrive\Dokumente\New project\gcc_batch3_20260513\data\ds005620_subset\sub-1022\eeg\sub-1022_task-sed_acq-rest_run-2_eeg.vhdr,5000.0,65,303.0,Iz|O2|Oz|O1|PO8|PO4|POz|PO3|PO7|P8|P6|P4|P2|Pz|P1|P3|P5|P7|TP10|TP8|CP6|CP4|CP2|CPz|CP1|CP3|CP5|TP7|TP9|T8|C6|C4|C2|Cz|C1|C3|C5|T7|FT8|FC6|FC4|FC2|FCz|FC1|FC3|FC5|FT7|F8|F6|F4|F2|Fz|F1|F3|F5|F7|AF4|AFz|AF3|Fp2|Fpz|Fp1|VEOG|HEOG|EMG,True,True,True,375.65256118774414
1022,sed,sed,rest,3,sub-1022_task-sed_acq-rest_run-3_eeg.vhdr,C:\Users\oktay\OneDrive\Dokumente\New project\gcc_batch3_20260513\data\ds005620_subset\sub-1022\eeg\sub-1022_task-sed_acq-rest_run-3_eeg.vhdr,5000.0,65,303.0,Iz|O2|Oz|O1|PO8|PO4|POz|PO3|PO7|P8|P6|P4|P2|Pz|P1|P3|P5|P7|TP10|TP8|CP6|CP4|CP2|CPz|CP1|CP3|CP5|TP7|TP9|T8|C6|C4|C2|Cz|C1|C3|C5|T7|FT8|FC6|FC4|FC2|FCz|FC1|FC3|FC5|FT7|F8|F6|F4|F2|Fz|F1|F3|F5|F7|AF4|AFz|AF3|Fp2|Fpz|Fp1|VEOG|HEOG|EMG,True,True,True,375.65256118774414
1024,awake,awake,EC,0,sub-1024_task-awake_acq-EC_eeg.vhdr,C:\Users\oktay\OneDrive\Dokumente\New project\gcc_batch3_20260513\data\ds005620_subset\sub-1024\eeg\sub-1024_task-awake_acq-EC_eeg.vhdr,5000.0,65,300.0,Iz|O2|Oz|O1|PO8|PO4|POz|PO3|PO7|P8|P6|P4|P2|Pz|P1|P3|P5|P7|TP10|TP8|CP6|CP4|CP2|CPz|CP1|CP3|CP5|TP7|TP9|T8|C6|C4|C2|Cz|C1|C3|C5|T7|FT8|FC6|FC4|FC2|FCz|FC1|FC3|FC5|FT7|F8|F6|F4|F2|Fz|F1|F3|F5|F7|AF4|AFz|AF3|Fp2|Fpz|Fp1|VEOG|HEOG|EMG,True,True,True,371.93323135375977
1024,sed2,sed2,rest,1,sub-1024_task-sed2_acq-rest_run-1_eeg.vhdr,C:\Users\oktay\OneDrive\Dokumente\New project\gcc_batch3_20260513\data\ds005620_subset\sub-1024\eeg\sub-1024_task-sed2_acq-rest_run-1_eeg.vhdr,5000.0,64,60.0,Iz|O2|Oz|O1|PO8|PO4|POz|PO3|PO7|P8|P6|P4|P2|Pz|P1|P3|P5|P7|TP10|TP8|CP6|CP4|CP2|CPz|CP1|CP3|CP5|TP7|TP9|T8|C6|C4|C2|Cz|C1|C3|C5|T7|FT8|FC6|FC4|FC2|FCz|FC1|FC3|FC5|FT7|F8|F6|F4|F2|Fz|F1|F3|F5|F7|AF4|AFz|AF3|Fp2|Fpz|Fp1|VEOG|HEOG,True,True,False,73.242431640625
1024,sed2,sed2,rest,2,sub-1024_task-sed2_acq-rest_run-2_eeg.vhdr,C:\Users\oktay\OneDrive\Dokumente\New project\gcc_batch3_20260513\data\ds005620_subset\sub-1024\eeg\sub-1024_task-sed2_acq-rest_run-2_eeg.vhdr,5000.0,64,60.0,Iz|O2|Oz|O1|PO8|PO4|POz|PO3|PO7|P8|P6|P4|P2|Pz|P1|P3|P5|P7|TP10|TP8|CP6|CP4|CP2|CPz|CP1|CP3|CP5|TP7|TP9|T8|C6|C4|C2|Cz|C1|C3|C5|T7|FT8|FC6|FC4|FC2|FCz|FC1|FC3|FC5|FT7|F8|F6|F4|F2|Fz|F1|F3|F5|F7|AF4|AFz|AF3|Fp2|Fpz|Fp1|VEOG|HEOG,True,True,False,73.242431640625
1024,sed2,sed2,rest,3,sub-1024_task-sed2_acq-rest_run-3_eeg.vhdr,C:\Users\oktay\OneDrive\Dokumente\New project\gcc_batch3_20260513\data\ds005620_subset\sub-1024\eeg\sub-1024_task-sed2_acq-rest_run-3_eeg.vhdr,5000.0,64,60.0,Iz|O2|Oz|O1|PO8|PO4|POz|PO3|PO7|P8|P6|P4|P2|Pz|P1|P3|P5|P7|TP10|TP8|CP6|CP4|CP2|CPz|CP1|CP3|CP5|TP7|TP9|T8|C6|C4|C2|Cz|C1|C3|C5|T7|FT8|FC6|FC4|FC2|FCz|FC1|FC3|FC5|FT7|F8|F6|F4|F2|Fz|F1|F3|F5|F7|AF4|AFz|AF3|Fp2|Fpz|Fp1|VEOG|HEOG,True,True,False,73.242431640625
1024,sed,sed,rest,1,sub-1024_task-sed_acq-rest_run-1_eeg.vhdr,C:\Users\oktay\OneDrive\Dokumente\New project\gcc_batch3_20260513\data\ds005620_subset\sub-1024\eeg\sub-1024_task-sed_acq-rest_run-1_eeg.vhdr,5000.0,65,300.0,Iz|O2|Oz|O1|PO8|PO4|POz|PO3|PO7|P8|P6|P4|P2|Pz|P1|P3|P5|P7|TP10|TP8|CP6|CP4|CP2|CPz|CP1|CP3|CP5|TP7|TP9|T8|C6|C4|C2|Cz|C1|C3|C5|T7|FT8|FC6|FC4|FC2|FCz|FC1|FC3|FC5|FT7|F8|F6|F4|F2|Fz|F1|F3|F5|F7|AF4|AFz|AF3|Fp2|Fpz|Fp1|VEOG|HEOG|EMG,True,True,True,371.93323135375977
1024,sed,sed,rest,2,sub-1024_task-sed_acq-rest_run-2_eeg.vhdr,C:\Users\oktay\OneDrive\Dokumente\New project\gcc_batch3_20260513\data\ds005620_subset\sub-1024\eeg\sub-1024_task-sed_acq-rest_run-2_eeg.vhdr,5000.0,65,300.0,Iz|O2|Oz|O1|PO8|PO4|POz|PO3|PO7|P8|P6|P4|P2|Pz|P1|P3|P5|P7|TP10|TP8|CP6|CP4|CP2|CPz|CP1|CP3|CP5|TP7|TP9|T8|C6|C4|C2|Cz|C1|C3|C5|T7|FT8|FC6|FC4|FC2|FCz|FC1|FC3|FC5|FT7|F8|F6|F4|F2|Fz|F1|F3|F5|F7|AF4|AFz|AF3|Fp2|Fpz|Fp1|VEOG|HEOG|EMG,True,True,True,371.93323135375977
1024,sed,sed,rest,3,sub-1024_task-sed_acq-rest_run-3_eeg.vhdr,C:\Users\oktay\OneDrive\Dokumente\New project\gcc_batch3_20260513\data\ds005620_subset\sub-1024\eeg\sub-1024_task-sed_acq-rest_run-3_eeg.vhdr,5000.0,65,300.0,Iz|O2|Oz|O1|PO8|PO4|POz|PO3|PO7|P8|P6|P4|P2|Pz|P1|P3|P5|P7|TP10|TP8|CP6|CP4|CP2|CPz|CP1|CP3|CP5|TP7|TP9|T8|C6|C4|C2|Cz|C1|C3|C5|T7|FT8|FC6|FC4|FC2|FCz|FC1|FC3|FC5|FT7|F8|F6|F4|F2|Fz|F1|F3|F5|F7|AF4|AFz|AF3|Fp2|Fpz|Fp1|VEOG|HEOG|EMG,True,True,True,371.93323135375977
1033,awake,awake,EC,0,sub-1033_task-awake_acq-EC_eeg.vhdr,C:\Users\oktay\OneDrive\Dokumente\New project\gcc_batch3_20260513\data\ds005620_subset\sub-1033\eeg\sub-1033_task-awake_acq-EC_eeg.vhdr,5000.0,65,300.0,Iz|O2|Oz|O1|PO8|PO4|POz|PO3|PO7|P8|P6|P4|P2|Pz|P1|P3|P5|P7|TP10|TP8|CP6|CP4|CP2|CPz|CP1|CP3|CP5|TP7|TP9|T8|C6|C4|C2|Cz|C1|C3|C5|T7|FT8|FC6|FC4|FC2|FCz|FC1|FC3|FC5|FT7|F8|F6|F4|F2|Fz|F1|F3|F5|F7|AF4|AFz|AF3|Fp2|Fpz|Fp1|VEOG|HEOG|EMG,True,True,True,371.93323135375977
1033,sed2,sed2,rest,1,sub-1033_task-sed2_acq-rest_run-1_eeg.vhdr,C:\Users\oktay\OneDrive\Dokumente\New project\gcc_batch3_20260513\data\ds005620_subset\sub-1033\eeg\sub-1033_task-sed2_acq-rest_run-1_eeg.vhdr,5000.0,65,60.0,Iz|O2|Oz|O1|PO8|PO4|POz|PO3|PO7|P8|P6|P4|P2|Pz|P1|P3|P5|P7|TP10|TP8|CP6|CP4|CP2|CPz|CP1|CP3|CP5|TP7|TP9|T8|C6|C4|C2|Cz|C1|C3|C5|T7|FT8|FC6|FC4|FC2|FCz|FC1|FC3|FC5|FT7|F8|F6|F4|F2|Fz|F1|F3|F5|F7|AF4|AFz|AF3|Fp2|Fpz|Fp1|VEOG|HEOG|EMG,True,True,True,74.38684463500977
1033,sed2,sed2,rest,2,sub-1033_task-sed2_acq-rest_run-2_eeg.vhdr,C:\Users\oktay\OneDrive\Dokumente\New project\gcc_batch3_20260513\data\ds005620_subset\sub-1033\eeg\sub-1033_task-sed2_acq-rest_run-2_eeg.vhdr,5000.0,65,60.0,Iz|O2|Oz|O1|PO8|PO4|POz|PO3|PO7|P8|P6|P4|P2|Pz|P1|P3|P5|P7|TP10|TP8|CP6|CP4|CP2|CPz|CP1|CP3|CP5|TP7|TP9|T8|C6|C4|C2|Cz|C1|C3|C5|T7|FT8|FC6|FC4|FC2|FCz|FC1|FC3|FC5|FT7|F8|F6|F4|F2|Fz|F1|F3|F5|F7|AF4|AFz|AF3|Fp2|Fpz|Fp1|VEOG|HEOG|EMG,True,True,True,74.38684463500977
1033,sed2,sed2,rest,3,sub-1033_task-sed2_acq-rest_run-3_eeg.vhdr,C:\Users\oktay\OneDrive\Dokumente\New project\gcc_batch3_20260513\data\ds005620_subset\sub-1033\eeg\sub-1033_task-sed2_acq-rest_run-3_eeg.vhdr,5000.0,65,60.0,Iz|O2|Oz|O1|PO8|PO4|POz|PO3|PO7|P8|P6|P4|P2|Pz|P1|P3|P5|P7|TP10|TP8|CP6|CP4|CP2|CPz|CP1|CP3|CP5|TP7|TP9|T8|C6|C4|C2|Cz|C1|C3|C5|T7|FT8|FC6|FC4|FC2|FCz|FC1|FC3|FC5|FT7|F8|F6|F4|F2|Fz|F1|F3|F5|F7|AF4|AFz|AF3|Fp2|Fpz|Fp1|VEOG|HEOG|EMG,True,True,True,74.38684463500977
1033,sed,sed,rest,1,sub-1033_task-sed_acq-rest_run-1_eeg.vhdr,C:\Users\oktay\OneDrive\Dokumente\New project\gcc_batch3_20260513\data\ds005620_subset\sub-1033\eeg\sub-1033_task-sed_acq-rest_run-1_eeg.vhdr,5000.0,65,300.0,Iz|O2|Oz|O1|PO8|PO4|POz|PO3|PO7|P8|P6|P4|P2|Pz|P1|P3|P5|P7|TP10|TP8|CP6|CP4|CP2|CPz|CP1|CP3|CP5|TP7|TP9|T8|C6|C4|C2|Cz|C1|C3|C5|T7|FT8|FC6|FC4|FC2|FCz|FC1|FC3|FC5|FT7|F8|F6|F4|F2|Fz|F1|F3|F5|F7|AF4|AFz|AF3|Fp2|Fpz|Fp1|VEOG|HEOG|EMG,True,True,True,371.93323135375977
1033,sed,sed,rest,2,sub-1033_task-sed_acq-rest_run-2_eeg.vhdr,C:\Users\oktay\OneDrive\Dokumente\New project\gcc_batch3_20260513\data\ds005620_subset\sub-1033\eeg\sub-1033_task-sed_acq-rest_run-2_eeg.vhdr,5000.0,65,300.0,Iz|O2|Oz|O1|PO8|PO4|POz|PO3|PO7|P8|P6|P4|P2|Pz|P1|P3|P5|P7|TP10|TP8|CP6|CP4|CP2|CPz|CP1|CP3|CP5|TP7|TP9|T8|C6|C4|C2|Cz|C1|C3|C5|T7|FT8|FC6|FC4|FC2|FCz|FC1|FC3|FC5|FT7|F8|F6|F4|F2|Fz|F1|F3|F5|F7|AF4|AFz|AF3|Fp2|Fpz|Fp1|VEOG|HEOG|EMG,True,True,True,371.93323135375977
1033,sed,sed,rest,3,sub-1033_task-sed_acq-rest_run-3_eeg.vhdr,C:\Users\oktay\OneDrive\Dokumente\New project\gcc_batch3_20260513\data\ds005620_subset\sub-1033\eeg\sub-1033_task-sed_acq-rest_run-3_eeg.vhdr,5000.0,65,300.0,Iz|O2|Oz|O1|PO8|PO4|POz|PO3|PO7|P8|P6|P4|P2|Pz|P1|P3|P5|P7|TP10|TP8|CP6|CP4|CP2|CPz|CP1|CP3|CP5|TP7|TP9|T8|C6|C4|C2|Cz|C1|C3|C5|T7|FT8|FC6|FC4|FC2|FCz|FC1|FC3|FC5|FT7|F8|F6|F4|F2|Fz|F1|F3|F5|F7|AF4|AFz|AF3|Fp2|Fpz|Fp1|VEOG|HEOG|EMG,True,True,True,371.93323135375977
1036,awake,awake,EC,0,sub-1036_task-awake_acq-EC_eeg.vhdr,C:\Users\oktay\OneDrive\Dokumente\New project\gcc_batch3_20260513\data\ds005620_subset\sub-1036\eeg\sub-1036_task-awake_acq-EC_eeg.vhdr,5000.0,64,300.0,Iz|O2|Oz|O1|PO8|PO4|POz|PO3|PO7|P8|P6|P4|P2|Pz|P1|P3|P5|P7|TP10|TP8|CP6|CP4|CP2|CPz|CP1|CP3|CP5|TP7|TP9|T8|C6|C4|C2|Cz|C1|C3|C5|T7|FT8|FC6|FC4|FC2|FCz|FC1|FC3|FC5|FT7|F8|F6|F4|F2|Fz|F1|F3|F5|F7|AF4|AFz|AF3|Fp2|Fpz|Fp1|VEOG|HEOG,True,True,False,366.211181640625
1036,sed2,sed2,rest,1,sub-1036_task-sed2_acq-rest_run-1_eeg.vhdr,C:\Users\oktay\OneDrive\Dokumente\New project\gcc_batch3_20260513\data\ds005620_subset\sub-1036\eeg\sub-1036_task-sed2_acq-rest_run-1_eeg.vhdr,5000.0,64,60.0,Iz|O2|Oz|O1|PO8|PO4|POz|PO3|PO7|P8|P6|P4|P2|Pz|P1|P3|P5|P7|TP10|TP8|CP6|CP4|CP2|CPz|CP1|CP3|CP5|TP7|TP9|T8|C6|C4|C2|Cz|C1|C3|C5|T7|FT8|FC6|FC4|FC2|FCz|FC1|FC3|FC5|FT7|F8|F6|F4|F2|Fz|F1|F3|F5|F7|AF4|AFz|AF3|Fp2|Fpz|Fp1|VEOG|HEOG,True,True,False,73.242431640625
1036,sed,sed,rest,1,sub-1036_task-sed_acq-rest_run-1_eeg.vhdr,C:\Users\oktay\OneDrive\Dokumente\New project\gcc_batch3_20260513\data\ds005620_subset\sub-1036\eeg\sub-1036_task-sed_acq-rest_run-1_eeg.vhdr,5000.0,64,300.0,Iz|O2|Oz|O1|PO8|PO4|POz|PO3|PO7|P8|P6|P4|P2|Pz|P1|P3|P5|P7|TP10|TP8|CP6|CP4|CP2|CPz|CP1|CP3|CP5|TP7|TP9|T8|C6|C4|C2|Cz|C1|C3|C5|T7|FT8|FC6|FC4|FC2|FCz|FC1|FC3|FC5|FT7|F8|F6|F4|F2|Fz|F1|F3|F5|F7|AF4|AFz|AF3|Fp2|Fpz|Fp1|VEOG|HEOG,True,True,False,366.211181640625
1036,sed,sed,rest,2,sub-1036_task-sed_acq-rest_run-2_eeg.vhdr,C:\Users\oktay\OneDrive\Dokumente\New project\gcc_batch3_20260513\data\ds005620_subset\sub-1036\eeg\sub-1036_task-sed_acq-rest_run-2_eeg.vhdr,5000.0,64,26.9798,Iz|O2|Oz|O1|PO8|PO4|POz|PO3|PO7|P8|P6|P4|P2|Pz|P1|P3|P5|P7|TP10|TP8|CP6|CP4|CP2|CPz|CP1|CP3|CP5|TP7|TP9|T8|C6|C4|C2|Cz|C1|C3|C5|T7|FT8|FC6|FC4|FC2|FCz|FC1|FC3|FC5|FT7|F8|F6|F4|F2|Fz|F1|F3|F5|F7|AF4|AFz|AF3|Fp2|Fpz|Fp1|VEOG|HEOG,True,True,False,32.9345703125
1037,awake,awake,EC,0,sub-1037_task-awake_acq-EC_eeg.vhdr,C:\Users\oktay\OneDrive\Dokumente\New project\gcc_batch3_20260513\data\ds005620_subset\sub-1037\eeg\sub-1037_task-awake_acq-EC_eeg.vhdr,5000.0,65,300.0,Iz|O2|Oz|O1|PO8|PO4|POz|PO3|PO7|P8|P6|P4|P2|Pz|P1|P3|P5|P7|TP10|TP8|CP6|CP4|CP2|CPz|CP1|CP3|CP5|TP7|TP9|T8|C6|C4|C2|Cz|C1|C3|C5|T7|FT8|FC6|FC4|FC2|FCz|FC1|FC3|FC5|FT7|F8|F6|F4|F2|Fz|F1|F3|F5|F7|AF4|AFz|AF3|Fp2|Fpz|Fp1|VEOG|HEOG|EMG,True,True,True,371.93323135375977
1045,awake,awake,EC,0,sub-1045_task-awake_acq-EC_eeg.vhdr,C:\Users\oktay\OneDrive\Dokumente\New project\gcc_batch3_20260513\data\ds005620_subset\sub-1045\eeg\sub-1045_task-awake_acq-EC_eeg.vhdr,5000.0,65,300.0,Iz|O2|Oz|O1|PO8|PO4|POz|PO3|PO7|P8|P6|P4|P2|Pz|P1|P3|P5|P7|TP10|TP8|CP6|CP4|CP2|CPz|CP1|CP3|CP5|TP7|TP9|T8|C6|C4|C2|Cz|C1|C3|C5|T7|FT8|FC6|FC4|FC2|FCz|FC1|FC3|FC5|FT7|F8|F6|F4|F2|Fz|F1|F3|F5|F7|AF4|AFz|AF3|Fp2|Fpz|Fp1|VEOG|HEOG|EMG,True,True,True,371.93323135375977
1045,sed2,sed2,rest,1,sub-1045_task-sed2_acq-rest_run-1_eeg.vhdr,C:\Users\oktay\OneDrive\Dokumente\New project\gcc_batch3_20260513\data\ds005620_subset\sub-1045\eeg\sub-1045_task-sed2_acq-rest_run-1_eeg.vhdr,5000.0,64,60.0,Iz|O2|Oz|O1|PO8|PO4|POz|PO3|PO7|P8|P6|P4|P2|Pz|P1|P3|P5|P7|TP10|TP8|CP6|CP4|CP2|CPz|CP1|CP3|CP5|TP7|TP9|T8|C6|C4|C2|Cz|C1|C3|C5|T7|FT8|FC6|FC4|FC2|FCz|FC1|FC3|FC5|FT7|F8|F6|F4|F2|Fz|F1|F3|F5|F7|AF4|AFz|AF3|Fp2|Fpz|Fp1|VEOG|HEOG,True,True,False,73.242431640625
1045,sed2,sed2,rest,2,sub-1045_task-sed2_acq-rest_run-2_eeg.vhdr,C:\Users\oktay\OneDrive\Dokumente\New project\gcc_batch3_20260513\data\ds005620_subset\sub-1045\eeg\sub-1045_task-sed2_acq-rest_run-2_eeg.vhdr,5000.0,64,60.0,Iz|O2|Oz|O1|PO8|PO4|POz|PO3|PO7|P8|P6|P4|P2|Pz|P1|P3|P5|P7|TP10|TP8|CP6|CP4|CP2|CPz|CP1|CP3|CP5|TP7|TP9|T8|C6|C4|C2|Cz|C1|C3|C5|T7|FT8|FC6|FC4|FC2|FCz|FC1|FC3|FC5|FT7|F8|F6|F4|F2|Fz|F1|F3|F5|F7|AF4|AFz|AF3|Fp2|Fpz|Fp1|VEOG|HEOG,True,True,False,73.242431640625
1045,sed2,sed2,rest,3,sub-1045_task-sed2_acq-rest_run-3_eeg.vhdr,C:\Users\oktay\OneDrive\Dokumente\New project\gcc_batch3_20260513\data\ds005620_subset\sub-1045\eeg\sub-1045_task-sed2_acq-rest_run-3_eeg.vhdr,5000.0,64,60.0,Iz|O2|Oz|O1|PO8|PO4|POz|PO3|PO7|P8|P6|P4|P2|Pz|P1|P3|P5|P7|TP10|TP8|CP6|CP4|CP2|CPz|CP1|CP3|CP5|TP7|TP9|T8|C6|C4|C2|Cz|C1|C3|C5|T7|FT8|FC6|FC4|FC2|FCz|FC1|FC3|FC5|FT7|F8|F6|F4|F2|Fz|F1|F3|F5|F7|AF4|AFz|AF3|Fp2|Fpz|Fp1|VEOG|HEOG,True,True,False,73.242431640625
1045,sed,sed,rest,1,sub-1045_task-sed_acq-rest_run-1_eeg.vhdr,C:\Users\oktay\OneDrive\Dokumente\New project\gcc_batch3_20260513\data\ds005620_subset\sub-1045\eeg\sub-1045_task-sed_acq-rest_run-1_eeg.vhdr,5000.0,65,300.0,Iz|O2|Oz|O1|PO8|PO4|POz|PO3|PO7|P8|P6|P4|P2|Pz|P1|P3|P5|P7|TP10|TP8|CP6|CP4|CP2|CPz|CP1|CP3|CP5|TP7|TP9|T8|C6|C4|C2|Cz|C1|C3|C5|T7|FT8|FC6|FC4|FC2|FCz|FC1|FC3|FC5|FT7|F8|F6|F4|F2|Fz|F1|F3|F5|F7|AF4|AFz|AF3|Fp2|Fpz|Fp1|VEOG|HEOG|EMG,True,True,True,371.93323135375977
1045,sed,sed,rest,2,sub-1045_task-sed_acq-rest_run-2_eeg.vhdr,C:\Users\oktay\OneDrive\Dokumente\New project\gcc_batch3_20260513\data\ds005620_subset\sub-1045\eeg\sub-1045_task-sed_acq-rest_run-2_eeg.vhdr,5000.0,65,300.0,Iz|O2|Oz|O1|PO8|PO4|POz|PO3|PO7|P8|P6|P4|P2|Pz|P1|P3|P5|P7|TP10|TP8|CP6|CP4|CP2|CPz|CP1|CP3|CP5|TP7|TP9|T8|C6|C4|C2|Cz|C1|C3|C5|T7|FT8|FC6|FC4|FC2|FCz|FC1|FC3|FC5|FT7|F8|F6|F4|F2|Fz|F1|F3|F5|F7|AF4|AFz|AF3|Fp2|Fpz|Fp1|VEOG|HEOG|EMG,True,True,True,371.93323135375977
1045,sed,sed,rest,3,sub-1045_task-sed_acq-rest_run-3_eeg.vhdr,C:\Users\oktay\OneDrive\Dokumente\New project\gcc_batch3_20260513\data\ds005620_subset\sub-1045\eeg\sub-1045_task-sed_acq-rest_run-3_eeg.vhdr,5000.0,65,300.0,Iz|O2|Oz|O1|PO8|PO4|POz|PO3|PO7|P8|P6|P4|P2|Pz|P1|P3|P5|P7|TP10|TP8|CP6|CP4|CP2|CPz|CP1|CP3|CP5|TP7|TP9|T8|C6|C4|C2|Cz|C1|C3|C5|T7|FT8|FC6|FC4|FC2|FCz|FC1|FC3|FC5|FT7|F8|F6|F4|F2|Fz|F1|F3|F5|F7|AF4|AFz|AF3|Fp2|Fpz|Fp1|VEOG|HEOG|EMG,True,True,True,371.93323135375977
1046,awake,awake,EC,0,sub-1046_task-awake_acq-EC_eeg.vhdr,C:\Users\oktay\OneDrive\Dokumente\New project\gcc_batch3_20260513\data\ds005620_subset\sub-1046\eeg\sub-1046_task-awake_acq-EC_eeg.vhdr,5000.0,65,300.0,Iz|O2|Oz|O1|PO8|PO4|POz|PO3|PO7|P8|P6|P4|P2|Pz|P1|P3|P5|P7|TP10|TP8|CP6|CP4|CP2|CPz|CP1|CP3|CP5|TP7|TP9|T8|C6|C4|C2|Cz|C1|C3|C5|T7|FT8|FC6|FC4|FC2|FCz|FC1|FC3|FC5|FT7|F8|F6|F4|F2|Fz|F1|F3|F5|F7|AF4|AFz|AF3|Fp2|Fpz|Fp1|VEOG|HEOG|EMG,True,True,True,371.93323135375977
1046,sed2,sed2,rest,1,sub-1046_task-sed2_acq-rest_run-1_eeg.vhdr,C:\Users\oktay\OneDrive\Dokumente\New project\gcc_batch3_20260513\data\ds005620_subset\sub-1046\eeg\sub-1046_task-sed2_acq-rest_run-1_eeg.vhdr,5000.0,64,60.0,Iz|O2|Oz|O1|PO8|PO4|POz|PO3|PO7|P8|P6|P4|P2|Pz|P1|P3|P5|P7|TP10|TP8|CP6|CP4|CP2|CPz|CP1|CP3|CP5|TP7|TP9|T8|C6|C4|C2|Cz|C1|C3|C5|T7|FT8|FC6|FC4|FC2|FCz|FC1|FC3|FC5|FT7|F8|F6|F4|F2|Fz|F1|F3|F5|F7|AF4|AFz|AF3|Fp2|Fpz|Fp1|VEOG|HEOG,True,True,False,73.242431640625
1046,sed2,sed2,rest,2,sub-1046_task-sed2_acq-rest_run-2_eeg.vhdr,C:\Users\oktay\OneDrive\Dokumente\New project\gcc_batch3_20260513\data\ds005620_subset\sub-1046\eeg\sub-1046_task-sed2_acq-rest_run-2_eeg.vhdr,5000.0,64,60.0,Iz|O2|Oz|O1|PO8|PO4|POz|PO3|PO7|P8|P6|P4|P2|Pz|P1|P3|P5|P7|TP10|TP8|CP6|CP4|CP2|CPz|CP1|CP3|CP5|TP7|TP9|T8|C6|C4|C2|Cz|C1|C3|C5|T7|FT8|FC6|FC4|FC2|FCz|FC1|FC3|FC5|FT7|F8|F6|F4|F2|Fz|F1|F3|F5|F7|AF4|AFz|AF3|Fp2|Fpz|Fp1|VEOG|HEOG,True,True,False,73.242431640625
1046,sed,sed,rest,1,sub-1046_task-sed_acq-rest_run-1_eeg.vhdr,C:\Users\oktay\OneDrive\Dokumente\New project\gcc_batch3_20260513\data\ds005620_subset\sub-1046\eeg\sub-1046_task-sed_acq-rest_run-1_eeg.vhdr,5000.0,65,300.0,Iz|O2|Oz|O1|PO8|PO4|POz|PO3|PO7|P8|P6|P4|P2|Pz|P1|P3|P5|P7|TP10|TP8|CP6|CP4|CP2|CPz|CP1|CP3|CP5|TP7|TP9|T8|C6|C4|C2|Cz|C1|C3|C5|T7|FT8|FC6|FC4|FC2|FCz|FC1|FC3|FC5|FT7|F8|F6|F4|F2|Fz|F1|F3|F5|F7|AF4|AFz|AF3|Fp2|Fpz|Fp1|VEOG|HEOG|EMG,True,True,True,371.93323135375977
1046,sed,sed,rest,2,sub-1046_task-sed_acq-rest_run-2_eeg.vhdr,C:\Users\oktay\OneDrive\Dokumente\New project\gcc_batch3_20260513\data\ds005620_subset\sub-1046\eeg\sub-1046_task-sed_acq-rest_run-2_eeg.vhdr,5000.0,65,300.0,Iz|O2|Oz|O1|PO8|PO4|POz|PO3|PO7|P8|P6|P4|P2|Pz|P1|P3|P5|P7|TP10|TP8|CP6|CP4|CP2|CPz|CP1|CP3|CP5|TP7|TP9|T8|C6|C4|C2|Cz|C1|C3|C5|T7|FT8|FC6|FC4|FC2|FCz|FC1|FC3|FC5|FT7|F8|F6|F4|F2|Fz|F1|F3|F5|F7|AF4|AFz|AF3|Fp2|Fpz|Fp1|VEOG|HEOG|EMG,True,True,True,371.93323135375977
1054,awake,awake,EC,0,sub-1054_task-awake_acq-EC_eeg.vhdr,C:\Users\oktay\OneDrive\Dokumente\New project\gcc_batch3_20260513\data\ds005620_subset\sub-1054\eeg\sub-1054_task-awake_acq-EC_eeg.vhdr,5000.0,65,300.0,Iz|O2|Oz|O1|PO8|PO4|POz|PO3|PO7|P8|P6|P4|P2|Pz|P1|P3|P5|P7|TP10|TP8|CP6|CP4|CP2|CPz|CP1|CP3|CP5|TP7|TP9|T8|C6|C4|C2|Cz|C1|C3|C5|T7|FT8|FC6|FC4|FC2|FCz|FC1|FC3|FC5|FT7|F8|F6|F4|F2|Fz|F1|F3|F5|F7|AF4|AFz|AF3|Fp2|Fpz|Fp1|VEOG|HEOG|EMG,True,True,True,371.93323135375977
1054,sed2,sed2,rest,1,sub-1054_task-sed2_acq-rest_run-1_eeg.vhdr,C:\Users\oktay\OneDrive\Dokumente\New project\gcc_batch3_20260513\data\ds005620_subset\sub-1054\eeg\sub-1054_task-sed2_acq-rest_run-1_eeg.vhdr,5000.0,64,60.0,Iz|O2|Oz|O1|PO8|PO4|POz|PO3|PO7|P8|P6|P4|P2|Pz|P1|P3|P5|P7|TP10|TP8|CP6|CP4|CP2|CPz|CP1|CP3|CP5|TP7|TP9|T8|C6|C4|C2|Cz|C1|C3|C5|T7|FT8|FC6|FC4|FC2|FCz|FC1|FC3|FC5|FT7|F8|F6|F4|F2|Fz|F1|F3|F5|F7|AF4|AFz|AF3|Fp2|Fpz|Fp1|VEOG|HEOG,True,True,False,73.242431640625
1054,sed2,sed2,rest,2,sub-1054_task-sed2_acq-rest_run-2_eeg.vhdr,C:\Users\oktay\OneDrive\Dokumente\New project\gcc_batch3_20260513\data\ds005620_subset\sub-1054\eeg\sub-1054_task-sed2_acq-rest_run-2_eeg.vhdr,5000.0,64,60.0,Iz|O2|Oz|O1|PO8|PO4|POz|PO3|PO7|P8|P6|P4|P2|Pz|P1|P3|P5|P7|TP10|TP8|CP6|CP4|CP2|CPz|CP1|CP3|CP5|TP7|TP9|T8|C6|C4|C2|Cz|C1|C3|C5|T7|FT8|FC6|FC4|FC2|FCz|FC1|FC3|FC5|FT7|F8|F6|F4|F2|Fz|F1|F3|F5|F7|AF4|AFz|AF3|Fp2|Fpz|Fp1|VEOG|HEOG,True,True,False,73.242431640625
1054,sed,sed,rest,1,sub-1054_task-sed_acq-rest_run-1_eeg.vhdr,C:\Users\oktay\OneDrive\Dokumente\New project\gcc_batch3_20260513\data\ds005620_subset\sub-1054\eeg\sub-1054_task-sed_acq-rest_run-1_eeg.vhdr,5000.0,65,300.0,Iz|O2|Oz|O1|PO8|PO4|POz|PO3|PO7|P8|P6|P4|P2|Pz|P1|P3|P5|P7|TP10|TP8|CP6|CP4|CP2|CPz|CP1|CP3|CP5|TP7|TP9|T8|C6|C4|C2|Cz|C1|C3|C5|T7|FT8|FC6|FC4|FC2|FCz|FC1|FC3|FC5|FT7|F8|F6|F4|F2|Fz|F1|F3|F5|F7|AF4|AFz|AF3|Fp2|Fpz|Fp1|VEOG|HEOG|EMG,True,True,True,371.93323135375977
1054,sed,sed,rest,2,sub-1054_task-sed_acq-rest_run-2_eeg.vhdr,C:\Users\oktay\OneDrive\Dokumente\New project\gcc_batch3_20260513\data\ds005620_subset\sub-1054\eeg\sub-1054_task-sed_acq-rest_run-2_eeg.vhdr,5000.0,65,300.0,Iz|O2|Oz|O1|PO8|PO4|POz|PO3|PO7|P8|P6|P4|P2|Pz|P1|P3|P5|P7|TP10|TP8|CP6|CP4|CP2|CPz|CP1|CP3|CP5|TP7|TP9|T8|C6|C4|C2|Cz|C1|C3|C5|T7|FT8|FC6|FC4|FC2|FCz|FC1|FC3|FC5|FT7|F8|F6|F4|F2|Fz|F1|F3|F5|F7|AF4|AFz|AF3|Fp2|Fpz|Fp1|VEOG|HEOG|EMG,True,True,True,371.93323135375977
1055,awake,awake,EC,0,sub-1055_task-awake_acq-EC_eeg.vhdr,C:\Users\oktay\OneDrive\Dokumente\New project\gcc_batch3_20260513\data\ds005620_subset\sub-1055\eeg\sub-1055_task-awake_acq-EC_eeg.vhdr,5000.0,65,300.0,Iz|O2|Oz|O1|PO8|PO4|POz|PO3|PO7|P8|P6|P4|P2|Pz|P1|P3|P5|P7|TP10|TP8|CP6|CP4|CP2|CPz|CP1|CP3|CP5|TP7|TP9|T8|C6|C4|C2|Cz|C1|C3|C5|T7|FT8|FC6|FC4|FC2|FCz|FC1|FC3|FC5|FT7|F8|F6|F4|F2|Fz|F1|F3|F5|F7|AF4|AFz|AF3|Fp2|Fpz|Fp1|VEOG|HEOG|EMG,True,True,True,371.93323135375977
1055,sed2,sed2,rest,1,sub-1055_task-sed2_acq-rest_run-1_eeg.vhdr,C:\Users\oktay\OneDrive\Dokumente\New project\gcc_batch3_20260513\data\ds005620_subset\sub-1055\eeg\sub-1055_task-sed2_acq-rest_run-1_eeg.vhdr,5000.0,65,60.0,Iz|O2|Oz|O1|PO8|PO4|POz|PO3|PO7|P8|P6|P4|P2|Pz|P1|P3|P5|P7|TP10|TP8|CP6|CP4|CP2|CPz|CP1|CP3|CP5|TP7|TP9|T8|C6|C4|C2|Cz|C1|C3|C5|T7|FT8|FC6|FC4|FC2|FCz|FC1|FC3|FC5|FT7|F8|F6|F4|F2|Fz|F1|F3|F5|F7|AF4|AFz|AF3|Fp2|Fpz|Fp1|VEOG|HEOG|EMG,True,True,True,74.38684463500977
1055,sed2,sed2,rest,2,sub-1055_task-sed2_acq-rest_run-2_eeg.vhdr,C:\Users\oktay\OneDrive\Dokumente\New project\gcc_batch3_20260513\data\ds005620_subset\sub-1055\eeg\sub-1055_task-sed2_acq-rest_run-2_eeg.vhdr,5000.0,65,60.0,Iz|O2|Oz|O1|PO8|PO4|POz|PO3|PO7|P8|P6|P4|P2|Pz|P1|P3|P5|P7|TP10|TP8|CP6|CP4|CP2|CPz|CP1|CP3|CP5|TP7|TP9|T8|C6|C4|C2|Cz|C1|C3|C5|T7|FT8|FC6|FC4|FC2|FCz|FC1|FC3|FC5|FT7|F8|F6|F4|F2|Fz|F1|F3|F5|F7|AF4|AFz|AF3|Fp2|Fpz|Fp1|VEOG|HEOG|EMG,True,True,True,74.38684463500977
1055,sed,sed,rest,1,sub-1055_task-sed_acq-rest_run-1_eeg.vhdr,C:\Users\oktay\OneDrive\Dokumente\New project\gcc_batch3_20260513\data\ds005620_subset\sub-1055\eeg\sub-1055_task-sed_acq-rest_run-1_eeg.vhdr,5000.0,65,300.0,Iz|O2|Oz|O1|PO8|PO4|POz|PO3|PO7|P8|P6|P4|P2|Pz|P1|P3|P5|P7|TP10|TP8|CP6|CP4|CP2|CPz|CP1|CP3|CP5|TP7|TP9|T8|C6|C4|C2|Cz|C1|C3|C5|T7|FT8|FC6|FC4|FC2|FCz|FC1|FC3|FC5|FT7|F8|F6|F4|F2|Fz|F1|F3|F5|F7|AF4|AFz|AF3|Fp2|Fpz|Fp1|VEOG|HEOG|EMG,True,True,True,371.93323135375977
1055,sed,sed,rest,2,sub-1055_task-sed_acq-rest_run-2_eeg.vhdr,C:\Users\oktay\OneDrive\Dokumente\New project\gcc_batch3_20260513\data\ds005620_subset\sub-1055\eeg\sub-1055_task-sed_acq-rest_run-2_eeg.vhdr,5000.0,65,300.0,Iz|O2|Oz|O1|PO8|PO4|POz|PO3|PO7|P8|P6|P4|P2|Pz|P1|P3|P5|P7|TP10|TP8|CP6|CP4|CP2|CPz|CP1|CP3|CP5|TP7|TP9|T8|C6|C4|C2|Cz|C1|C3|C5|T7|FT8|FC6|FC4|FC2|FCz|FC1|FC3|FC5|FT7|F8|F6|F4|F2|Fz|F1|F3|F5|F7|AF4|AFz|AF3|Fp2|Fpz|Fp1|VEOG|HEOG|EMG,True,True,True,371.93323135375977
1057,awake,awake,EC,0,sub-1057_task-awake_acq-EC_eeg.vhdr,C:\Users\oktay\OneDrive\Dokumente\New project\gcc_batch3_20260513\data\ds005620_subset\sub-1057\eeg\sub-1057_task-awake_acq-EC_eeg.vhdr,5000.0,65,300.0,Iz|O2|Oz|O1|PO8|PO4|POz|PO3|PO7|P8|P6|P4|P2|Pz|P1|P3|P5|P7|TP10|TP8|CP6|CP4|CP2|CPz|CP1|CP3|CP5|TP7|TP9|T8|C6|C4|C2|Cz|C1|C3|C5|T7|FT8|FC6|FC4|FC2|FCz|FC1|FC3|FC5|FT7|F8|F6|F4|F2|Fz|F1|F3|F5|F7|AF4|AFz|AF3|Fp2|Fpz|Fp1|VEOG|HEOG|EMG,True,True,True,371.93323135375977
1057,sed2,sed2,rest,1,sub-1057_task-sed2_acq-rest_run-1_eeg.vhdr,C:\Users\oktay\OneDrive\Dokumente\New project\gcc_batch3_20260513\data\ds005620_subset\sub-1057\eeg\sub-1057_task-sed2_acq-rest_run-1_eeg.vhdr,5000.0,65,60.0,Iz|O2|Oz|O1|PO8|PO4|POz|PO3|PO7|P8|P6|P4|P2|Pz|P1|P3|P5|P7|TP10|TP8|CP6|CP4|CP2|CPz|CP1|CP3|CP5|TP7|TP9|T8|C6|C4|C2|Cz|C1|C3|C5|T7|FT8|FC6|FC4|FC2|FCz|FC1|FC3|FC5|FT7|F8|F6|F4|F2|Fz|F1|F3|F5|F7|AF4|AFz|AF3|Fp2|Fpz|Fp1|VEOG|HEOG|EMG,True,True,True,74.38684463500977
1057,sed2,sed2,rest,2,sub-1057_task-sed2_acq-rest_run-2_eeg.vhdr,C:\Users\oktay\OneDrive\Dokumente\New project\gcc_batch3_20260513\data\ds005620_subset\sub-1057\eeg\sub-1057_task-sed2_acq-rest_run-2_eeg.vhdr,5000.0,65,60.0,Iz|O2|Oz|O1|PO8|PO4|POz|PO3|PO7|P8|P6|P4|P2|Pz|P1|P3|P5|P7|TP10|TP8|CP6|CP4|CP2|CPz|CP1|CP3|CP5|TP7|TP9|T8|C6|C4|C2|Cz|C1|C3|C5|T7|FT8|FC6|FC4|FC2|FCz|FC1|FC3|FC5|FT7|F8|F6|F4|F2|Fz|F1|F3|F5|F7|AF4|AFz|AF3|Fp2|Fpz|Fp1|VEOG|HEOG|EMG,True,True,True,74.38684463500977
1057,sed2,sed2,rest,3,sub-1057_task-sed2_acq-rest_run-3_eeg.vhdr,C:\Users\oktay\OneDrive\Dokumente\New project\gcc_batch3_20260513\data\ds005620_subset\sub-1057\eeg\sub-1057_task-sed2_acq-rest_run-3_eeg.vhdr,5000.0,65,60.0,Iz|O2|Oz|O1|PO8|PO4|POz|PO3|PO7|P8|P6|P4|P2|Pz|P1|P3|P5|P7|TP10|TP8|CP6|CP4|CP2|CPz|CP1|CP3|CP5|TP7|TP9|T8|C6|C4|C2|Cz|C1|C3|C5|T7|FT8|FC6|FC4|FC2|FCz|FC1|FC3|FC5|FT7|F8|F6|F4|F2|Fz|F1|F3|F5|F7|AF4|AFz|AF3|Fp2|Fpz|Fp1|VEOG|HEOG|EMG,True,True,True,74.38684463500977
1057,sed,sed,rest,1,sub-1057_task-sed_acq-rest_run-1_eeg.vhdr,C:\Users\oktay\OneDrive\Dokumente\New project\gcc_batch3_20260513\data\ds005620_subset\sub-1057\eeg\sub-1057_task-sed_acq-rest_run-1_eeg.vhdr,5000.0,65,300.0,Iz|O2|Oz|O1|PO8|PO4|POz|PO3|PO7|P8|P6|P4|P2|Pz|P1|P3|P5|P7|TP10|TP8|CP6|CP4|CP2|CPz|CP1|CP3|CP5|TP7|TP9|T8|C6|C4|C2|Cz|C1|C3|C5|T7|FT8|FC6|FC4|FC2|FCz|FC1|FC3|FC5|FT7|F8|F6|F4|F2|Fz|F1|F3|F5|F7|AF4|AFz|AF3|Fp2|Fpz|Fp1|VEOG|HEOG|EMG,True,True,True,371.93323135375977
1057,sed,sed,rest,2,sub-1057_task-sed_acq-rest_run-2_eeg.vhdr,C:\Users\oktay\OneDrive\Dokumente\New project\gcc_batch3_20260513\data\ds005620_subset\sub-1057\eeg\sub-1057_task-sed_acq-rest_run-2_eeg.vhdr,5000.0,65,300.0,Iz|O2|Oz|O1|PO8|PO4|POz|PO3|PO7|P8|P6|P4|P2|Pz|P1|P3|P5|P7|TP10|TP8|CP6|CP4|CP2|CPz|CP1|CP3|CP5|TP7|TP9|T8|C6|C4|C2|Cz|C1|C3|C5|T7|FT8|FC6|FC4|FC2|FCz|FC1|FC3|FC5|FT7|F8|F6|F4|F2|Fz|F1|F3|F5|F7|AF4|AFz|AF3|Fp2|Fpz|Fp1|VEOG|HEOG|EMG,True,True,True,371.93323135375977
1057,sed,sed,rest,3,sub-1057_task-sed_acq-rest_run-3_eeg.vhdr,C:\Users\oktay\OneDrive\Dokumente\New project\gcc_batch3_20260513\data\ds005620_subset\sub-1057\eeg\sub-1057_task-sed_acq-rest_run-3_eeg.vhdr,5000.0,65,300.0,Iz|O2|Oz|O1|PO8|PO4|POz|PO3|PO7|P8|P6|P4|P2|Pz|P1|P3|P5|P7|TP10|TP8|CP6|CP4|CP2|CPz|CP1|CP3|CP5|TP7|TP9|T8|C6|C4|C2|Cz|C1|C3|C5|T7|FT8|FC6|FC4|FC2|FCz|FC1|FC3|FC5|FT7|F8|F6|F4|F2|Fz|F1|F3|F5|F7|AF4|AFz|AF3|Fp2|Fpz|Fp1|VEOG|HEOG|EMG,True,True,True,371.93323135375977
1060,awake,awake,EC,0,sub-1060_task-awake_acq-EC_eeg.vhdr,C:\Users\oktay\OneDrive\Dokumente\New project\gcc_batch3_20260513\data\ds005620_subset\sub-1060\eeg\sub-1060_task-awake_acq-EC_eeg.vhdr,5000.0,64,300.0,Iz|O2|Oz|O1|PO8|PO4|POz|PO3|PO7|P8|P6|P4|P2|Pz|P1|P3|P5|P7|TP10|TP8|CP6|CP4|CP2|CPz|CP1|CP3|CP5|TP7|TP9|T8|C6|C4|C2|Cz|C1|C3|C5|T7|FT8|FC6|FC4|FC2|FCz|FC1|FC3|FC5|FT7|F8|F6|F4|F2|Fz|F1|F3|F5|F7|AF4|AFz|AF3|Fp2|Fpz|Fp1|VEOG|HEOG,True,True,False,366.211181640625
1060,sed2,sed2,rest,1,sub-1060_task-sed2_acq-rest_run-1_eeg.vhdr,C:\Users\oktay\OneDrive\Dokumente\New project\gcc_batch3_20260513\data\ds005620_subset\sub-1060\eeg\sub-1060_task-sed2_acq-rest_run-1_eeg.vhdr,5000.0,64,60.0,Iz|O2|Oz|O1|PO8|PO4|POz|PO3|PO7|P8|P6|P4|P2|Pz|P1|P3|P5|P7|TP10|TP8|CP6|CP4|CP2|CPz|CP1|CP3|CP5|TP7|TP9|T8|C6|C4|C2|Cz|C1|C3|C5|T7|FT8|FC6|FC4|FC2|FCz|FC1|FC3|FC5|FT7|F8|F6|F4|F2|Fz|F1|F3|F5|F7|AF4|AFz|AF3|Fp2|Fpz|Fp1|VEOG|HEOG,True,True,False,73.242431640625
1060,sed2,sed2,rest,2,sub-1060_task-sed2_acq-rest_run-2_eeg.vhdr,C:\Users\oktay\OneDrive\Dokumente\New project\gcc_batch3_20260513\data\ds005620_subset\sub-1060\eeg\sub-1060_task-sed2_acq-rest_run-2_eeg.vhdr,5000.0,64,60.0,Iz|O2|Oz|O1|PO8|PO4|POz|PO3|PO7|P8|P6|P4|P2|Pz|P1|P3|P5|P7|TP10|TP8|CP6|CP4|CP2|CPz|CP1|CP3|CP5|TP7|TP9|T8|C6|C4|C2|Cz|C1|C3|C5|T7|FT8|FC6|FC4|FC2|FCz|FC1|FC3|FC5|FT7|F8|F6|F4|F2|Fz|F1|F3|F5|F7|AF4|AFz|AF3|Fp2|Fpz|Fp1|VEOG|HEOG,True,True,False,73.242431640625
1060,sed2,sed2,rest,3,sub-1060_task-sed2_acq-rest_run-3_eeg.vhdr,C:\Users\oktay\OneDrive\Dokumente\New project\gcc_batch3_20260513\data\ds005620_subset\sub-1060\eeg\sub-1060_task-sed2_acq-rest_run-3_eeg.vhdr,5000.0,64,60.0,Iz|O2|Oz|O1|PO8|PO4|POz|PO3|PO7|P8|P6|P4|P2|Pz|P1|P3|P5|P7|TP10|TP8|CP6|CP4|CP2|CPz|CP1|CP3|CP5|TP7|TP9|T8|C6|C4|C2|Cz|C1|C3|C5|T7|FT8|FC6|FC4|FC2|FCz|FC1|FC3|FC5|FT7|F8|F6|F4|F2|Fz|F1|F3|F5|F7|AF4|AFz|AF3|Fp2|Fpz|Fp1|VEOG|HEOG,True,True,False,73.242431640625
1060,sed,sed,rest,1,sub-1060_task-sed_acq-rest_run-1_eeg.vhdr,C:\Users\oktay\OneDrive\Dokumente\New project\gcc_batch3_20260513\data\ds005620_subset\sub-1060\eeg\sub-1060_task-sed_acq-rest_run-1_eeg.vhdr,5000.0,64,300.0,Iz|O2|Oz|O1|PO8|PO4|POz|PO3|PO7|P8|P6|P4|P2|Pz|P1|P3|P5|P7|TP10|TP8|CP6|CP4|CP2|CPz|CP1|CP3|CP5|TP7|TP9|T8|C6|C4|C2|Cz|C1|C3|C5|T7|FT8|FC6|FC4|FC2|FCz|FC1|FC3|FC5|FT7|F8|F6|F4|F2|Fz|F1|F3|F5|F7|AF4|AFz|AF3|Fp2|Fpz|Fp1|VEOG|HEOG,True,True,False,366.211181640625
1060,sed,sed,rest,2,sub-1060_task-sed_acq-rest_run-2_eeg.vhdr,C:\Users\oktay\OneDrive\Dokumente\New project\gcc_batch3_20260513\data\ds005620_subset\sub-1060\eeg\sub-1060_task-sed_acq-rest_run-2_eeg.vhdr,5000.0,64,300.0,Iz|O2|Oz|O1|PO8|PO4|POz|PO3|PO7|P8|P6|P4|P2|Pz|P1|P3|P5|P7|TP10|TP8|CP6|CP4|CP2|CPz|CP1|CP3|CP5|TP7|TP9|T8|C6|C4|C2|Cz|C1|C3|C5|T7|FT8|FC6|FC4|FC2|FCz|FC1|FC3|FC5|FT7|F8|F6|F4|F2|Fz|F1|F3|F5|F7|AF4|AFz|AF3|Fp2|Fpz|Fp1|VEOG|HEOG,True,True,False,366.211181640625
1060,sed,sed,rest,3,sub-1060_task-sed_acq-rest_run-3_eeg.vhdr,C:\Users\oktay\OneDrive\Dokumente\New project\gcc_batch3_20260513\data\ds005620_subset\sub-1060\eeg\sub-1060_task-sed_acq-rest_run-3_eeg.vhdr,5000.0,64,300.0,Iz|O2|Oz|O1|PO8|PO4|POz|PO3|PO7|P8|P6|P4|P2|Pz|P1|P3|P5|P7|TP10|TP8|CP6|CP4|CP2|CPz|CP1|CP3|CP5|TP7|TP9|T8|C6|C4|C2|Cz|C1|C3|C5|T7|FT8|FC6|FC4|FC2|FCz|FC1|FC3|FC5|FT7|F8|F6|F4|F2|Fz|F1|F3|F5|F7|AF4|AFz|AF3|Fp2|Fpz|Fp1|VEOG|HEOG,True,True,False,366.211181640625
1061,awake,awake,EC,0,sub-1061_task-awake_acq-EC_eeg.vhdr,C:\Users\oktay\OneDrive\Dokumente\New project\gcc_batch3_20260513\data\ds005620_subset\sub-1061\eeg\sub-1061_task-awake_acq-EC_eeg.vhdr,5000.0,64,300.0,Iz|O2|Oz|O1|PO8|PO4|POz|PO3|PO7|P8|P6|P4|P2|Pz|P1|P3|P5|P7|TP10|TP8|CP6|CP4|CP2|CPz|CP1|CP3|CP5|TP7|TP9|T8|C6|C4|C2|Cz|C1|C3|C5|T7|FT8|FC6|FC4|FC2|FCz|FC1|FC3|FC5|FT7|F8|F6|F4|F2|Fz|F1|F3|F5|F7|AF4|AFz|AF3|Fp2|Fpz|Fp1|VEOG|HEOG,True,True,False,366.211181640625
1061,sed2,sed2,rest,1,sub-1061_task-sed2_acq-rest_run-1_eeg.vhdr,C:\Users\oktay\OneDrive\Dokumente\New project\gcc_batch3_20260513\data\ds005620_subset\sub-1061\eeg\sub-1061_task-sed2_acq-rest_run-1_eeg.vhdr,5000.0,64,60.0,Iz|O2|Oz|O1|PO8|PO4|POz|PO3|PO7|P8|P6|P4|P2|Pz|P1|P3|P5|P7|TP10|TP8|CP6|CP4|CP2|CPz|CP1|CP3|CP5|TP7|TP9|T8|C6|C4|C2|Cz|C1|C3|C5|T7|FT8|FC6|FC4|FC2|FCz|FC1|FC3|FC5|FT7|F8|F6|F4|F2|Fz|F1|F3|F5|F7|AF4|AFz|AF3|Fp2|Fpz|Fp1|VEOG|HEOG,True,True,False,73.242431640625
1061,sed2,sed2,rest,2,sub-1061_task-sed2_acq-rest_run-2_eeg.vhdr,C:\Users\oktay\OneDrive\Dokumente\New project\gcc_batch3_20260513\data\ds005620_subset\sub-1061\eeg\sub-1061_task-sed2_acq-rest_run-2_eeg.vhdr,5000.0,64,60.0,Iz|O2|Oz|O1|PO8|PO4|POz|PO3|PO7|P8|P6|P4|P2|Pz|P1|P3|P5|P7|TP10|TP8|CP6|CP4|CP2|CPz|CP1|CP3|CP5|TP7|TP9|T8|C6|C4|C2|Cz|C1|C3|C5|T7|FT8|FC6|FC4|FC2|FCz|FC1|FC3|FC5|FT7|F8|F6|F4|F2|Fz|F1|F3|F5|F7|AF4|AFz|AF3|Fp2|Fpz|Fp1|VEOG|HEOG,True,True,False,73.242431640625
1061,sed2,sed2,rest,3,sub-1061_task-sed2_acq-rest_run-3_eeg.vhdr,C:\Users\oktay\OneDrive\Dokumente\New project\gcc_batch3_20260513\data\ds005620_subset\sub-1061\eeg\sub-1061_task-sed2_acq-rest_run-3_eeg.vhdr,5000.0,64,60.0,Iz|O2|Oz|O1|PO8|PO4|POz|PO3|PO7|P8|P6|P4|P2|Pz|P1|P3|P5|P7|TP10|TP8|CP6|CP4|CP2|CPz|CP1|CP3|CP5|TP7|TP9|T8|C6|C4|C2|Cz|C1|C3|C5|T7|FT8|FC6|FC4|FC2|FCz|FC1|FC3|FC5|FT7|F8|F6|F4|F2|Fz|F1|F3|F5|F7|AF4|AFz|AF3|Fp2|Fpz|Fp1|VEOG|HEOG,True,True,False,73.242431640625
1061,sed,sed,rest,1,sub-1061_task-sed_acq-rest_run-1_eeg.vhdr,C:\Users\oktay\OneDrive\Dokumente\New project\gcc_batch3_20260513\data\ds005620_subset\sub-1061\eeg\sub-1061_task-sed_acq-rest_run-1_eeg.vhdr,5000.0,64,300.0,Iz|O2|Oz|O1|PO8|PO4|POz|PO3|PO7|P8|P6|P4|P2|Pz|P1|P3|P5|P7|TP10|TP8|CP6|CP4|CP2|CPz|CP1|CP3|CP5|TP7|TP9|T8|C6|C4|C2|Cz|C1|C3|C5|T7|FT8|FC6|FC4|FC2|FCz|FC1|FC3|FC5|FT7|F8|F6|F4|F2|Fz|F1|F3|F5|F7|AF4|AFz|AF3|Fp2|Fpz|Fp1|VEOG|HEOG,True,True,False,366.211181640625
1061,sed,sed,rest,2,sub-1061_task-sed_acq-rest_run-2_eeg.vhdr,C:\Users\oktay\OneDrive\Dokumente\New project\gcc_batch3_20260513\data\ds005620_subset\sub-1061\eeg\sub-1061_task-sed_acq-rest_run-2_eeg.vhdr,5000.0,64,300.0,Iz|O2|Oz|O1|PO8|PO4|POz|PO3|PO7|P8|P6|P4|P2|Pz|P1|P3|P5|P7|TP10|TP8|CP6|CP4|CP2|CPz|CP1|CP3|CP5|TP7|TP9|T8|C6|C4|C2|Cz|C1|C3|C5|T7|FT8|FC6|FC4|FC2|FCz|FC1|FC3|FC5|FT7|F8|F6|F4|F2|Fz|F1|F3|F5|F7|AF4|AFz|AF3|Fp2|Fpz|Fp1|VEOG|HEOG,True,True,False,366.211181640625
1061,sed,sed,rest,3,sub-1061_task-sed_acq-rest_run-3_eeg.vhdr,C:\Users\oktay\OneDrive\Dokumente\New project\gcc_batch3_20260513\data\ds005620_subset\sub-1061\eeg\sub-1061_task-sed_acq-rest_run-3_eeg.vhdr,5000.0,64,300.0,Iz|O2|Oz|O1|PO8|PO4|POz|PO3|PO7|P8|P6|P4|P2|Pz|P1|P3|P5|P7|TP10|TP8|CP6|CP4|CP2|CPz|CP1|CP3|CP5|TP7|TP9|T8|C6|C4|C2|Cz|C1|C3|C5|T7|FT8|FC6|FC4|FC2|FCz|FC1|FC3|FC5|FT7|F8|F6|F4|F2|Fz|F1|F3|F5|F7|AF4|AFz|AF3|Fp2|Fpz|Fp1|VEOG|HEOG,True,True,False,366.211181640625
1062,awake,awake,EC,0,sub-1062_task-awake_acq-EC_eeg.vhdr,C:\Users\oktay\OneDrive\Dokumente\New project\gcc_batch3_20260513\data\ds005620_subset\sub-1062\eeg\sub-1062_task-awake_acq-EC_eeg.vhdr,5000.0,64,300.0,Iz|O2|Oz|O1|PO8|PO4|POz|PO3|PO7|P8|P6|P4|P2|Pz|P1|P3|P5|P7|TP10|TP8|CP6|CP4|CP2|CPz|CP1|CP3|CP5|TP7|TP9|T8|C6|C4|C2|Cz|C1|C3|C5|T7|FT8|FC6|FC4|FC2|FCz|FC1|FC3|FC5|FT7|F8|F6|F4|F2|Fz|F1|F3|F5|F7|AF4|AFz|AF3|Fp2|Fpz|Fp1|VEOG|HEOG,True,True,False,366.211181640625
1062,sed2,sed2,rest,1,sub-1062_task-sed2_acq-rest_run-1_eeg.vhdr,C:\Users\oktay\OneDrive\Dokumente\New project\gcc_batch3_20260513\data\ds005620_subset\sub-1062\eeg\sub-1062_task-sed2_acq-rest_run-1_eeg.vhdr,5000.0,64,60.0,Iz|O2|Oz|O1|PO8|PO4|POz|PO3|PO7|P8|P6|P4|P2|Pz|P1|P3|P5|P7|TP10|TP8|CP6|CP4|CP2|CPz|CP1|CP3|CP5|TP7|TP9|T8|C6|C4|C2|Cz|C1|C3|C5|T7|FT8|FC6|FC4|FC2|FCz|FC1|FC3|FC5|FT7|F8|F6|F4|F2|Fz|F1|F3|F5|F7|AF4|AFz|AF3|Fp2|Fpz|Fp1|VEOG|HEOG,True,True,False,73.242431640625
1062,sed2,sed2,rest,2,sub-1062_task-sed2_acq-rest_run-2_eeg.vhdr,C:\Users\oktay\OneDrive\Dokumente\New project\gcc_batch3_20260513\data\ds005620_subset\sub-1062\eeg\sub-1062_task-sed2_acq-rest_run-2_eeg.vhdr,5000.0,64,60.0,Iz|O2|Oz|O1|PO8|PO4|POz|PO3|PO7|P8|P6|P4|P2|Pz|P1|P3|P5|P7|TP10|TP8|CP6|CP4|CP2|CPz|CP1|CP3|CP5|TP7|TP9|T8|C6|C4|C2|Cz|C1|C3|C5|T7|FT8|FC6|FC4|FC2|FCz|FC1|FC3|FC5|FT7|F8|F6|F4|F2|Fz|F1|F3|F5|F7|AF4|AFz|AF3|Fp2|Fpz|Fp1|VEOG|HEOG,True,True,False,73.242431640625
1062,sed2,sed2,rest,3,sub-1062_task-sed2_acq-rest_run-3_eeg.vhdr,C:\Users\oktay\OneDrive\Dokumente\New project\gcc_batch3_20260513\data\ds005620_subset\sub-1062\eeg\sub-1062_task-sed2_acq-rest_run-3_eeg.vhdr,5000.0,64,60.0,Iz|O2|Oz|O1|PO8|PO4|POz|PO3|PO7|P8|P6|P4|P2|Pz|P1|P3|P5|P7|TP10|TP8|CP6|CP4|CP2|CPz|CP1|CP3|CP5|TP7|TP9|T8|C6|C4|C2|Cz|C1|C3|C5|T7|FT8|FC6|FC4|FC2|FCz|FC1|FC3|FC5|FT7|F8|F6|F4|F2|Fz|F1|F3|F5|F7|AF4|AFz|AF3|Fp2|Fpz|Fp1|VEOG|HEOG,True,True,False,73.242431640625
1062,sed,sed,rest,1,sub-1062_task-sed_acq-rest_run-1_eeg.vhdr,C:\Users\oktay\OneDrive\Dokumente\New project\gcc_batch3_20260513\data\ds005620_subset\sub-1062\eeg\sub-1062_task-sed_acq-rest_run-1_eeg.vhdr,5000.0,64,300.0,Iz|O2|Oz|O1|PO8|PO4|POz|PO3|PO7|P8|P6|P4|P2|Pz|P1|P3|P5|P7|TP10|TP8|CP6|CP4|CP2|CPz|CP1|CP3|CP5|TP7|TP9|T8|C6|C4|C2|Cz|C1|C3|C5|T7|FT8|FC6|FC4|FC2|FCz|FC1|FC3|FC5|FT7|F8|F6|F4|F2|Fz|F1|F3|F5|F7|AF4|AFz|AF3|Fp2|Fpz|Fp1|VEOG|HEOG,True,True,False,366.211181640625
1062,sed,sed,rest,2,sub-1062_task-sed_acq-rest_run-2_eeg.vhdr,C:\Users\oktay\OneDrive\Dokumente\New project\gcc_batch3_20260513\data\ds005620_subset\sub-1062\eeg\sub-1062_task-sed_acq-rest_run-2_eeg.vhdr,5000.0,64,300.0,Iz|O2|Oz|O1|PO8|PO4|POz|PO3|PO7|P8|P6|P4|P2|Pz|P1|P3|P5|P7|TP10|TP8|CP6|CP4|CP2|CPz|CP1|CP3|CP5|TP7|TP9|T8|C6|C4|C2|Cz|C1|C3|C5|T7|FT8|FC6|FC4|FC2|FCz|FC1|FC3|FC5|FT7|F8|F6|F4|F2|Fz|F1|F3|F5|F7|AF4|AFz|AF3|Fp2|Fpz|Fp1|VEOG|HEOG,True,True,False,366.211181640625
1062,sed,sed,rest,3,sub-1062_task-sed_acq-rest_run-3_eeg.vhdr,C:\Users\oktay\OneDrive\Dokumente\New project\gcc_batch3_20260513\data\ds005620_subset\sub-1062\eeg\sub-1062_task-sed_acq-rest_run-3_eeg.vhdr,5000.0,64,300.0,Iz|O2|Oz|O1|PO8|PO4|POz|PO3|PO7|P8|P6|P4|P2|Pz|P1|P3|P5|P7|TP10|TP8|CP6|CP4|CP2|CPz|CP1|CP3|CP5|TP7|TP9|T8|C6|C4|C2|Cz|C1|C3|C5|T7|FT8|FC6|FC4|FC2|FCz|FC1|FC3|FC5|FT7|F8|F6|F4|F2|Fz|F1|F3|F5|F7|AF4|AFz|AF3|Fp2|Fpz|Fp1|VEOG|HEOG,True,True,False,366.211181640625
1064,awake,awake,EC,0,sub-1064_task-awake_acq-EC_eeg.vhdr,C:\Users\oktay\OneDrive\Dokumente\New project\gcc_batch3_20260513\data\ds005620_subset\sub-1064\eeg\sub-1064_task-awake_acq-EC_eeg.vhdr,5000.0,64,300.0,Iz|O2|Oz|O1|PO8|PO4|POz|PO3|PO7|P8|P6|P4|P2|Pz|P1|P3|P5|P7|TP10|TP8|CP6|CP4|CP2|CPz|CP1|CP3|CP5|TP7|TP9|T8|C6|C4|C2|Cz|C1|C3|C5|T7|FT8|FC6|FC4|FC2|FCz|FC1|FC3|FC5|FT7|F8|F6|F4|F2|Fz|F1|F3|F5|F7|AF4|AFz|AF3|Fp2|Fpz|Fp1|VEOG|HEOG,True,True,False,366.211181640625
1064,sed2,sed2,rest,1,sub-1064_task-sed2_acq-rest_run-1_eeg.vhdr,C:\Users\oktay\OneDrive\Dokumente\New project\gcc_batch3_20260513\data\ds005620_subset\sub-1064\eeg\sub-1064_task-sed2_acq-rest_run-1_eeg.vhdr,5000.0,64,60.0,Iz|O2|Oz|O1|PO8|PO4|POz|PO3|PO7|P8|P6|P4|P2|Pz|P1|P3|P5|P7|TP10|TP8|CP6|CP4|CP2|CPz|CP1|CP3|CP5|TP7|TP9|T8|C6|C4|C2|Cz|C1|C3|C5|T7|FT8|FC6|FC4|FC2|FCz|FC1|FC3|FC5|FT7|F8|F6|F4|F2|Fz|F1|F3|F5|F7|AF4|AFz|AF3|Fp2|Fpz|Fp1|VEOG|HEOG,True,True,False,73.242431640625
1064,sed2,sed2,rest,2,sub-1064_task-sed2_acq-rest_run-2_eeg.vhdr,C:\Users\oktay\OneDrive\Dokumente\New project\gcc_batch3_20260513\data\ds005620_subset\sub-1064\eeg\sub-1064_task-sed2_acq-rest_run-2_eeg.vhdr,5000.0,64,60.0,Iz|O2|Oz|O1|PO8|PO4|POz|PO3|PO7|P8|P6|P4|P2|Pz|P1|P3|P5|P7|TP10|TP8|CP6|CP4|CP2|CPz|CP1|CP3|CP5|TP7|TP9|T8|C6|C4|C2|Cz|C1|C3|C5|T7|FT8|FC6|FC4|FC2|FCz|FC1|FC3|FC5|FT7|F8|F6|F4|F2|Fz|F1|F3|F5|F7|AF4|AFz|AF3|Fp2|Fpz|Fp1|VEOG|HEOG,True,True,False,73.242431640625
1064,sed2,sed2,rest,3,sub-1064_task-sed2_acq-rest_run-3_eeg.vhdr,C:\Users\oktay\OneDrive\Dokumente\New project\gcc_batch3_20260513\data\ds005620_subset\sub-1064\eeg\sub-1064_task-sed2_acq-rest_run-3_eeg.vhdr,5000.0,64,60.0,Iz|O2|Oz|O1|PO8|PO4|POz|PO3|PO7|P8|P6|P4|P2|Pz|P1|P3|P5|P7|TP10|TP8|CP6|CP4|CP2|CPz|CP1|CP3|CP5|TP7|TP9|T8|C6|C4|C2|Cz|C1|C3|C5|T7|FT8|FC6|FC4|FC2|FCz|FC1|FC3|FC5|FT7|F8|F6|F4|F2|Fz|F1|F3|F5|F7|AF4|AFz|AF3|Fp2|Fpz|Fp1|VEOG|HEOG,True,True,False,73.242431640625
1064,sed,sed,rest,1,sub-1064_task-sed_acq-rest_run-1_eeg.vhdr,C:\Users\oktay\OneDrive\Dokumente\New project\gcc_batch3_20260513\data\ds005620_subset\sub-1064\eeg\sub-1064_task-sed_acq-rest_run-1_eeg.vhdr,5000.0,64,300.0,Iz|O2|Oz|O1|PO8|PO4|POz|PO3|PO7|P8|P6|P4|P2|Pz|P1|P3|P5|P7|TP10|TP8|CP6|CP4|CP2|CPz|CP1|CP3|CP5|TP7|TP9|T8|C6|C4|C2|Cz|C1|C3|C5|T7|FT8|FC6|FC4|FC2|FCz|FC1|FC3|FC5|FT7|F8|F6|F4|F2|Fz|F1|F3|F5|F7|AF4|AFz|AF3|Fp2|Fpz|Fp1|VEOG|HEOG,True,True,False,366.211181640625
1064,sed,sed,rest,2,sub-1064_task-sed_acq-rest_run-2_eeg.vhdr,C:\Users\oktay\OneDrive\Dokumente\New project\gcc_batch3_20260513\data\ds005620_subset\sub-1064\eeg\sub-1064_task-sed_acq-rest_run-2_eeg.vhdr,5000.0,64,300.0,Iz|O2|Oz|O1|PO8|PO4|POz|PO3|PO7|P8|P6|P4|P2|Pz|P1|P3|P5|P7|TP10|TP8|CP6|CP4|CP2|CPz|CP1|CP3|CP5|TP7|TP9|T8|C6|C4|C2|Cz|C1|C3|C5|T7|FT8|FC6|FC4|FC2|FCz|FC1|FC3|FC5|FT7|F8|F6|F4|F2|Fz|F1|F3|F5|F7|AF4|AFz|AF3|Fp2|Fpz|Fp1|VEOG|HEOG,True,True,False,366.211181640625
1064,sed,sed,rest,3,sub-1064_task-sed_acq-rest_run-3_eeg.vhdr,C:\Users\oktay\OneDrive\Dokumente\New project\gcc_batch3_20260513\data\ds005620_subset\sub-1064\eeg\sub-1064_task-sed_acq-rest_run-3_eeg.vhdr,5000.0,64,300.0,Iz|O2|Oz|O1|PO8|PO4|POz|PO3|PO7|P8|P6|P4|P2|Pz|P1|P3|P5|P7|TP10|TP8|CP6|CP4|CP2|CPz|CP1|CP3|CP5|TP7|TP9|T8|C6|C4|C2|Cz|C1|C3|C5|T7|FT8|FC6|FC4|FC2|FCz|FC1|FC3|FC5|FT7|F8|F6|F4|F2|Fz|F1|F3|F5|F7|AF4|AFz|AF3|Fp2|Fpz|Fp1|VEOG|HEOG,True,True,False,366.211181640625
1067,awake,awake,EC,0,sub-1067_task-awake_acq-EC_eeg.vhdr,C:\Users\oktay\OneDrive\Dokumente\New project\gcc_batch3_20260513\data\ds005620_subset\sub-1067\eeg\sub-1067_task-awake_acq-EC_eeg.vhdr,5000.0,64,300.0,Iz|O2|Oz|O1|PO8|PO4|POz|PO3|PO7|P8|P6|P4|P2|Pz|P1|P3|P5|P7|TP10|TP8|CP6|CP4|CP2|CPz|CP1|CP3|CP5|TP7|TP9|T8|C6|C4|C2|Cz|C1|C3|C5|T7|FT8|FC6|FC4|FC2|FCz|FC1|FC3|FC5|FT7|F8|F6|F4|F2|Fz|F1|F3|F5|F7|AF4|AFz|AF3|Fp2|Fpz|Fp1|VEOG|HEOG,True,True,False,366.211181640625
1067,sed2,sed2,rest,1,sub-1067_task-sed2_acq-rest_run-1_eeg.vhdr,C:\Users\oktay\OneDrive\Dokumente\New project\gcc_batch3_20260513\data\ds005620_subset\sub-1067\eeg\sub-1067_task-sed2_acq-rest_run-1_eeg.vhdr,5000.0,64,60.0,Iz|O2|Oz|O1|PO8|PO4|POz|PO3|PO7|P8|P6|P4|P2|Pz|P1|P3|P5|P7|TP10|TP8|CP6|CP4|CP2|CPz|CP1|CP3|CP5|TP7|TP9|T8|C6|C4|C2|Cz|C1|C3|C5|T7|FT8|FC6|FC4|FC2|FCz|FC1|FC3|FC5|FT7|F8|F6|F4|F2|Fz|F1|F3|F5|F7|AF4|AFz|AF3|Fp2|Fpz|Fp1|VEOG|HEOG,True,True,False,73.242431640625
1067,sed2,sed2,rest,2,sub-1067_task-sed2_acq-rest_run-2_eeg.vhdr,C:\Users\oktay\OneDrive\Dokumente\New project\gcc_batch3_20260513\data\ds005620_subset\sub-1067\eeg\sub-1067_task-sed2_acq-rest_run-2_eeg.vhdr,5000.0,64,60.0,Iz|O2|Oz|O1|PO8|PO4|POz|PO3|PO7|P8|P6|P4|P2|Pz|P1|P3|P5|P7|TP10|TP8|CP6|CP4|CP2|CPz|CP1|CP3|CP5|TP7|TP9|T8|C6|C4|C2|Cz|C1|C3|C5|T7|FT8|FC6|FC4|FC2|FCz|FC1|FC3|FC5|FT7|F8|F6|F4|F2|Fz|F1|F3|F5|F7|AF4|AFz|AF3|Fp2|Fpz|Fp1|VEOG|HEOG,True,True,False,73.242431640625
1067,sed2,sed2,rest,3,sub-1067_task-sed2_acq-rest_run-3_eeg.vhdr,C:\Users\oktay\OneDrive\Dokumente\New project\gcc_batch3_20260513\data\ds005620_subset\sub-1067\eeg\sub-1067_task-sed2_acq-rest_run-3_eeg.vhdr,5000.0,64,60.0,Iz|O2|Oz|O1|PO8|PO4|POz|PO3|PO7|P8|P6|P4|P2|Pz|P1|P3|P5|P7|TP10|TP8|CP6|CP4|CP2|CPz|CP1|CP3|CP5|TP7|TP9|T8|C6|C4|C2|Cz|C1|C3|C5|T7|FT8|FC6|FC4|FC2|FCz|FC1|FC3|FC5|FT7|F8|F6|F4|F2|Fz|F1|F3|F5|F7|AF4|AFz|AF3|Fp2|Fpz|Fp1|VEOG|HEOG,True,True,False,73.242431640625
1067,sed,sed,rest,1,sub-1067_task-sed_acq-rest_run-1_eeg.vhdr,C:\Users\oktay\OneDrive\Dokumente\New project\gcc_batch3_20260513\data\ds005620_subset\sub-1067\eeg\sub-1067_task-sed_acq-rest_run-1_eeg.vhdr,5000.0,64,300.0,Iz|O2|Oz|O1|PO8|PO4|POz|PO3|PO7|P8|P6|P4|P2|Pz|P1|P3|P5|P7|TP10|TP8|CP6|CP4|CP2|CPz|CP1|CP3|CP5|TP7|TP9|T8|C6|C4|C2|Cz|C1|C3|C5|T7|FT8|FC6|FC4|FC2|FCz|FC1|FC3|FC5|FT7|F8|F6|F4|F2|Fz|F1|F3|F5|F7|AF4|AFz|AF3|Fp2|Fpz|Fp1|VEOG|HEOG,True,True,False,366.211181640625
1067,sed,sed,rest,2,sub-1067_task-sed_acq-rest_run-2_eeg.vhdr,C:\Users\oktay\OneDrive\Dokumente\New project\gcc_batch3_20260513\data\ds005620_subset\sub-1067\eeg\sub-1067_task-sed_acq-rest_run-2_eeg.vhdr,5000.0,64,300.0,Iz|O2|Oz|O1|PO8|PO4|POz|PO3|PO7|P8|P6|P4|P2|Pz|P1|P3|P5|P7|TP10|TP8|CP6|CP4|CP2|CPz|CP1|CP3|CP5|TP7|TP9|T8|C6|C4|C2|Cz|C1|C3|C5|T7|FT8|FC6|FC4|FC2|FCz|FC1|FC3|FC5|FT7|F8|F6|F4|F2|Fz|F1|F3|F5|F7|AF4|AFz|AF3|Fp2|Fpz|Fp1|VEOG|HEOG,True,True,False,366.211181640625
1067,sed,sed,rest,3,sub-1067_task-sed_acq-rest_run-3_eeg.vhdr,C:\Users\oktay\OneDrive\Dokumente\New project\gcc_batch3_20260513\data\ds005620_subset\sub-1067\eeg\sub-1067_task-sed_acq-rest_run-3_eeg.vhdr,5000.0,64,300.0,Iz|O2|Oz|O1|PO8|PO4|POz|PO3|PO7|P8|P6|P4|P2|Pz|P1|P3|P5|P7|TP10|TP8|CP6|CP4|CP2|CPz|CP1|CP3|CP5|TP7|TP9|T8|C6|C4|C2|Cz|C1|C3|C5|T7|FT8|FC6|FC4|FC2|FCz|FC1|FC3|FC5|FT7|F8|F6|F4|F2|Fz|F1|F3|F5|F7|AF4|AFz|AF3|Fp2|Fpz|Fp1|VEOG|HEOG,True,True,False,366.211181640625
1068,awake,awake,EC,0,sub-1068_task-awake_acq-EC_eeg.vhdr,C:\Users\oktay\OneDrive\Dokumente\New project\gcc_batch3_20260513\data\ds005620_subset\sub-1068\eeg\sub-1068_task-awake_acq-EC_eeg.vhdr,5000.0,64,300.0,Iz|O2|Oz|O1|PO8|PO4|POz|PO3|PO7|P8|P6|P4|P2|Pz|P1|P3|P5|P7|TP10|TP8|CP6|CP4|CP2|CPz|CP1|CP3|CP5|TP7|TP9|T8|C6|C4|C2|Cz|C1|C3|C5|T7|FT8|FC6|FC4|FC2|FCz|FC1|FC3|FC5|FT7|F8|F6|F4|F2|Fz|F1|F3|F5|F7|AF4|AFz|AF3|Fp2|Fpz|Fp1|VEOG|HEOG,True,True,False,366.211181640625
1068,sed2,sed2,rest,1,sub-1068_task-sed2_acq-rest_run-1_eeg.vhdr,C:\Users\oktay\OneDrive\Dokumente\New project\gcc_batch3_20260513\data\ds005620_subset\sub-1068\eeg\sub-1068_task-sed2_acq-rest_run-1_eeg.vhdr,5000.0,64,60.0,Iz|O2|Oz|O1|PO8|PO4|POz|PO3|PO7|P8|P6|P4|P2|Pz|P1|P3|P5|P7|TP10|TP8|CP6|CP4|CP2|CPz|CP1|CP3|CP5|TP7|TP9|T8|C6|C4|C2|Cz|C1|C3|C5|T7|FT8|FC6|FC4|FC2|FCz|FC1|FC3|FC5|FT7|F8|F6|F4|F2|Fz|F1|F3|F5|F7|AF4|AFz|AF3|Fp2|Fpz|Fp1|VEOG|HEOG,True,True,False,73.242431640625
1068,sed,sed,rest,1,sub-1068_task-sed_acq-rest_run-1_eeg.vhdr,C:\Users\oktay\OneDrive\Dokumente\New project\gcc_batch3_20260513\data\ds005620_subset\sub-1068\eeg\sub-1068_task-sed_acq-rest_run-1_eeg.vhdr,5000.0,64,300.0,Iz|O2|Oz|O1|PO8|PO4|POz|PO3|PO7|P8|P6|P4|P2|Pz|P1|P3|P5|P7|TP10|TP8|CP6|CP4|CP2|CPz|CP1|CP3|CP5|TP7|TP9|T8|C6|C4|C2|Cz|C1|C3|C5|T7|FT8|FC6|FC4|FC2|FCz|FC1|FC3|FC5|FT7|F8|F6|F4|F2|Fz|F1|F3|F5|F7|AF4|AFz|AF3|Fp2|Fpz|Fp1|VEOG|HEOG,True,True,False,366.211181640625
1068,sed,sed,rest,2,sub-1068_task-sed_acq-rest_run-2_eeg.vhdr,C:\Users\oktay\OneDrive\Dokumente\New project\gcc_batch3_20260513\data\ds005620_subset\sub-1068\eeg\sub-1068_task-sed_acq-rest_run-2_eeg.vhdr,5000.0,64,300.0,Iz|O2|Oz|O1|PO8|PO4|POz|PO3|PO7|P8|P6|P4|P2|Pz|P1|P3|P5|P7|TP10|TP8|CP6|CP4|CP2|CPz|CP1|CP3|CP5|TP7|TP9|T8|C6|C4|C2|Cz|C1|C3|C5|T7|FT8|FC6|FC4|FC2|FCz|FC1|FC3|FC5|FT7|F8|F6|F4|F2|Fz|F1|F3|F5|F7|AF4|AFz|AF3|Fp2|Fpz|Fp1|VEOG|HEOG,True,True,False,366.211181640625
1071,awake,awake,EC,0,sub-1071_task-awake_acq-EC_eeg.vhdr,C:\Users\oktay\OneDrive\Dokumente\New project\gcc_batch3_20260513\data\ds005620_subset\sub-1071\eeg\sub-1071_task-awake_acq-EC_eeg.vhdr,5000.0,64,300.0,Iz|O2|Oz|O1|PO8|PO4|POz|PO3|PO7|P8|P6|P4|P2|Pz|P1|P3|P5|P7|TP10|TP8|CP6|CP4|CP2|CPz|CP1|CP3|CP5|TP7|TP9|T8|C6|C4|C2|Cz|C1|C3|C5|T7|FT8|FC6|FC4|FC2|FCz|FC1|FC3|FC5|FT7|F8|F6|F4|F2|Fz|F1|F3|F5|F7|AF4|AFz|AF3|Fp2|Fpz|Fp1|VEOG|HEOG,True,True,False,366.211181640625
1071,sed2,sed2,rest,1,sub-1071_task-sed2_acq-rest_run-1_eeg.vhdr,C:\Users\oktay\OneDrive\Dokumente\New project\gcc_batch3_20260513\data\ds005620_subset\sub-1071\eeg\sub-1071_task-sed2_acq-rest_run-1_eeg.vhdr,5000.0,64,60.0,Iz|O2|Oz|O1|PO8|PO4|POz|PO3|PO7|P8|P6|P4|P2|Pz|P1|P3|P5|P7|TP10|TP8|CP6|CP4|CP2|CPz|CP1|CP3|CP5|TP7|TP9|T8|C6|C4|C2|Cz|C1|C3|C5|T7|FT8|FC6|FC4|FC2|FCz|FC1|FC3|FC5|FT7|F8|F6|F4|F2|Fz|F1|F3|F5|F7|AF4|AFz|AF3|Fp2|Fpz|Fp1|VEOG|HEOG,True,True,False,73.242431640625
1071,sed2,sed2,rest,2,sub-1071_task-sed2_acq-rest_run-2_eeg.vhdr,C:\Users\oktay\OneDrive\Dokumente\New project\gcc_batch3_20260513\data\ds005620_subset\sub-1071\eeg\sub-1071_task-sed2_acq-rest_run-2_eeg.vhdr,5000.0,64,60.0,Iz|O2|Oz|O1|PO8|PO4|POz|PO3|PO7|P8|P6|P4|P2|Pz|P1|P3|P5|P7|TP10|TP8|CP6|CP4|CP2|CPz|CP1|CP3|CP5|TP7|TP9|T8|C6|C4|C2|Cz|C1|C3|C5|T7|FT8|FC6|FC4|FC2|FCz|FC1|FC3|FC5|FT7|F8|F6|F4|F2|Fz|F1|F3|F5|F7|AF4|AFz|AF3|Fp2|Fpz|Fp1|VEOG|HEOG,True,True,False,73.242431640625
1071,sed2,sed2,rest,3,sub-1071_task-sed2_acq-rest_run-3_eeg.vhdr,C:\Users\oktay\OneDrive\Dokumente\New project\gcc_batch3_20260513\data\ds005620_subset\sub-1071\eeg\sub-1071_task-sed2_acq-rest_run-3_eeg.vhdr,5000.0,64,57.68,Iz|O2|Oz|O1|PO8|PO4|POz|PO3|PO7|P8|P6|P4|P2|Pz|P1|P3|P5|P7|TP10|TP8|CP6|CP4|CP2|CPz|CP1|CP3|CP5|TP7|TP9|T8|C6|C4|C2|Cz|C1|C3|C5|T7|FT8|FC6|FC4|FC2|FCz|FC1|FC3|FC5|FT7|F8|F6|F4|F2|Fz|F1|F3|F5|F7|AF4|AFz|AF3|Fp2|Fpz|Fp1|VEOG|HEOG,True,True,False,70.410400390625
1071,sed,sed,rest,1,sub-1071_task-sed_acq-rest_run-1_eeg.vhdr,C:\Users\oktay\OneDrive\Dokumente\New project\gcc_batch3_20260513\data\ds005620_subset\sub-1071\eeg\sub-1071_task-sed_acq-rest_run-1_eeg.vhdr,5000.0,64,300.0,Iz|O2|Oz|O1|PO8|PO4|POz|PO3|PO7|P8|P6|P4|P2|Pz|P1|P3|P5|P7|TP10|TP8|CP6|CP4|CP2|CPz|CP1|CP3|CP5|TP7|TP9|T8|C6|C4|C2|Cz|C1|C3|C5|T7|FT8|FC6|FC4|FC2|FCz|FC1|FC3|FC5|FT7|F8|F6|F4|F2|Fz|F1|F3|F5|F7|AF4|AFz|AF3|Fp2|Fpz|Fp1|VEOG|HEOG,True,True,False,366.211181640625
1071,sed,sed,rest,2,sub-1071_task-sed_acq-rest_run-2_eeg.vhdr,C:\Users\oktay\OneDrive\Dokumente\New project\gcc_batch3_20260513\data\ds005620_subset\sub-1071\eeg\sub-1071_task-sed_acq-rest_run-2_eeg.vhdr,5000.0,64,300.0,Iz|O2|Oz|O1|PO8|PO4|POz|PO3|PO7|P8|P6|P4|P2|Pz|P1|P3|P5|P7|TP10|TP8|CP6|CP4|CP2|CPz|CP1|CP3|CP5|TP7|TP9|T8|C6|C4|C2|Cz|C1|C3|C5|T7|FT8|FC6|FC4|FC2|FCz|FC1|FC3|FC5|FT7|F8|F6|F4|F2|Fz|F1|F3|F5|F7|AF4|AFz|AF3|Fp2|Fpz|Fp1|VEOG|HEOG,True,True,False,366.211181640625
1071,sed,sed,rest,3,sub-1071_task-sed_acq-rest_run-3_eeg.vhdr,C:\Users\oktay\OneDrive\Dokumente\New project\gcc_batch3_20260513\data\ds005620_subset\sub-1071\eeg\sub-1071_task-sed_acq-rest_run-3_eeg.vhdr,5000.0,64,300.0,Iz|O2|Oz|O1|PO8|PO4|POz|PO3|PO7|P8|P6|P4|P2|Pz|P1|P3|P5|P7|TP10|TP8|CP6|CP4|CP2|CPz|CP1|CP3|CP5|TP7|TP9|T8|C6|C4|C2|Cz|C1|C3|C5|T7|FT8|FC6|FC4|FC2|FCz|FC1|FC3|FC5|FT7|F8|F6|F4|F2|Fz|F1|F3|F5|F7|AF4|AFz|AF3|Fp2|Fpz|Fp1|VEOG|HEOG,True,True,False,366.211181640625
1074,awake,awake,EC,0,sub-1074_task-awake_acq-EC_eeg.vhdr,C:\Users\oktay\OneDrive\Dokumente\New project\gcc_batch3_20260513\data\ds005620_subset\sub-1074\eeg\sub-1074_task-awake_acq-EC_eeg.vhdr,5000.0,64,300.0,Iz|O2|Oz|O1|PO8|PO4|POz|PO3|PO7|P8|P6|P4|P2|Pz|P1|P3|P5|P7|TP10|TP8|CP6|CP4|CP2|CPz|CP1|CP3|CP5|TP7|TP9|T8|C6|C4|C2|Cz|C1|C3|C5|T7|FT8|FC6|FC4|FC2|FCz|FC1|FC3|FC5|FT7|F8|F6|F4|F2|Fz|F1|F3|F5|F7|AF4|AFz|AF3|Fp2|Fpz|Fp1|VEOG|HEOG,True,True,False,366.211181640625
1074,sed2,sed2,rest,1,sub-1074_task-sed2_acq-rest_run-1_eeg.vhdr,C:\Users\oktay\OneDrive\Dokumente\New project\gcc_batch3_20260513\data\ds005620_subset\sub-1074\eeg\sub-1074_task-sed2_acq-rest_run-1_eeg.vhdr,5000.0,64,60.0,Iz|O2|Oz|O1|PO8|PO4|POz|PO3|PO7|P8|P6|P4|P2|Pz|P1|P3|P5|P7|TP10|TP8|CP6|CP4|CP2|CPz|CP1|CP3|CP5|TP7|TP9|T8|C6|C4|C2|Cz|C1|C3|C5|T7|FT8|FC6|FC4|FC2|FCz|FC1|FC3|FC5|FT7|F8|F6|F4|F2|Fz|F1|F3|F5|F7|AF4|AFz|AF3|Fp2|Fpz|Fp1|VEOG|HEOG,True,True,False,73.242431640625
1074,sed2,sed2,rest,2,sub-1074_task-sed2_acq-rest_run-2_eeg.vhdr,C:\Users\oktay\OneDrive\Dokumente\New project\gcc_batch3_20260513\data\ds005620_subset\sub-1074\eeg\sub-1074_task-sed2_acq-rest_run-2_eeg.vhdr,5000.0,64,60.0,Iz|O2|Oz|O1|PO8|PO4|POz|PO3|PO7|P8|P6|P4|P2|Pz|P1|P3|P5|P7|TP10|TP8|CP6|CP4|CP2|CPz|CP1|CP3|CP5|TP7|TP9|T8|C6|C4|C2|Cz|C1|C3|C5|T7|FT8|FC6|FC4|FC2|FCz|FC1|FC3|FC5|FT7|F8|F6|F4|F2|Fz|F1|F3|F5|F7|AF4|AFz|AF3|Fp2|Fpz|Fp1|VEOG|HEOG,True,True,False,73.242431640625
1074,sed2,sed2,rest,3,sub-1074_task-sed2_acq-rest_run-3_eeg.vhdr,C:\Users\oktay\OneDrive\Dokumente\New project\gcc_batch3_20260513\data\ds005620_subset\sub-1074\eeg\sub-1074_task-sed2_acq-rest_run-3_eeg.vhdr,5000.0,64,60.0,Iz|O2|Oz|O1|PO8|PO4|POz|PO3|PO7|P8|P6|P4|P2|Pz|P1|P3|P5|P7|TP10|TP8|CP6|CP4|CP2|CPz|CP1|CP3|CP5|TP7|TP9|T8|C6|C4|C2|Cz|C1|C3|C5|T7|FT8|FC6|FC4|FC2|FCz|FC1|FC3|FC5|FT7|F8|F6|F4|F2|Fz|F1|F3|F5|F7|AF4|AFz|AF3|Fp2|Fpz|Fp1|VEOG|HEOG,True,True,False,73.242431640625
1074,sed,sed,rest,1,sub-1074_task-sed_acq-rest_run-1_eeg.vhdr,C:\Users\oktay\OneDrive\Dokumente\New project\gcc_batch3_20260513\data\ds005620_subset\sub-1074\eeg\sub-1074_task-sed_acq-rest_run-1_eeg.vhdr,5000.0,64,300.0,Iz|O2|Oz|O1|PO8|PO4|POz|PO3|PO7|P8|P6|P4|P2|Pz|P1|P3|P5|P7|TP10|TP8|CP6|CP4|CP2|CPz|CP1|CP3|CP5|TP7|TP9|T8|C6|C4|C2|Cz|C1|C3|C5|T7|FT8|FC6|FC4|FC2|FCz|FC1|FC3|FC5|FT7|F8|F6|F4|F2|Fz|F1|F3|F5|F7|AF4|AFz|AF3|Fp2|Fpz|Fp1|VEOG|HEOG,True,True,False,366.211181640625
1074,sed,sed,rest,2,sub-1074_task-sed_acq-rest_run-2_eeg.vhdr,C:\Users\oktay\OneDrive\Dokumente\New project\gcc_batch3_20260513\data\ds005620_subset\sub-1074\eeg\sub-1074_task-sed_acq-rest_run-2_eeg.vhdr,5000.0,64,300.0,Iz|O2|Oz|O1|PO8|PO4|POz|PO3|PO7|P8|P6|P4|P2|Pz|P1|P3|P5|P7|TP10|TP8|CP6|CP4|CP2|CPz|CP1|CP3|CP5|TP7|TP9|T8|C6|C4|C2|Cz|C1|C3|C5|T7|FT8|FC6|FC4|FC2|FCz|FC1|FC3|FC5|FT7|F8|F6|F4|F2|Fz|F1|F3|F5|F7|AF4|AFz|AF3|Fp2|Fpz|Fp1|VEOG|HEOG,True,True,False,366.211181640625
1074,sed,sed,rest,3,sub-1074_task-sed_acq-rest_run-3_eeg.vhdr,C:\Users\oktay\OneDrive\Dokumente\New project\gcc_batch3_20260513\data\ds005620_subset\sub-1074\eeg\sub-1074_task-sed_acq-rest_run-3_eeg.vhdr,5000.0,64,300.0,Iz|O2|Oz|O1|PO8|PO4|POz|PO3|PO7|P8|P6|P4|P2|Pz|P1|P3|P5|P7|TP10|TP8|CP6|CP4|CP2|CPz|CP1|CP3|CP5|TP7|TP9|T8|C6|C4|C2|Cz|C1|C3|C5|T7|FT8|FC6|FC4|FC2|FCz|FC1|FC3|FC5|FT7|F8|F6|F4|F2|Fz|F1|F3|F5|F7|AF4|AFz|AF3|Fp2|Fpz|Fp1|VEOG|HEOG,True,True,False,366.211181640625
