subject,condition,kind,surrogate,Pi
1010,awake,original,-1,0.8312236286919831
1010,sed,original,-1,0.3473980309423348
1010,sed2,original,-1,0.2649572649572649
1010,awake,phase_surrogate,0,0.8312236286919831
1010,sed,phase_surrogate,0,0.541490857946554
1010,sed2,phase_surrogate,0,0.5811965811965814
1010,awake,phase_surrogate,1,0.8312236286919831
1010,sed,phase_surrogate,1,0.5752461322081576
1010,sed2,phase_surrogate,1,0.5698005698005696
1010,awake,phase_surrogate,2,0.831223628691983
1010,sed,phase_surrogate,2,0.5485232067510548
1010,sed2,phase_surrogate,2,0.5925925925925928
1016,awake,original,-1,0.8312236286919831
1016,sed,original,-1,0.6019690576652602
1016,sed2,original,-1,0.2934472934472935
1016,awake,phase_surrogate,0,0.8312236286919831
1016,sed,phase_surrogate,0,0.5836849507735585
1016,sed2,phase_surrogate,0,0.6125356125356126
1016,awake,phase_surrogate,1,0.8312236286919831
1016,sed,phase_surrogate,1,0.5710267229254572
1016,sed2,phase_surrogate,1,0.6125356125356126
1016,awake,phase_surrogate,2,0.8312236286919831
1016,sed,phase_surrogate,2,0.5077355836849509
1016,sed2,phase_surrogate,2,0.5413105413105412
1017,awake,original,-1,0.8312236286919831
1017,sed,original,-1,0.6751054852320675
1017,sed2,original,-1,0.6894586894586894
1017,awake,phase_surrogate,0,0.8312236286919831
1017,sed,phase_surrogate,0,0.7046413502109705
1017,sed2,phase_surrogate,0,0.5641025641025643
1017,awake,phase_surrogate,1,0.8312236286919831
1017,sed,phase_surrogate,1,0.6554149085794655
1017,sed2,phase_surrogate,1,0.5811965811965814
1017,awake,phase_surrogate,2,0.8312236286919831
1017,sed,phase_surrogate,2,0.6905766526019691
1017,sed2,phase_surrogate,2,0.5014245014245015
1022,awake,original,-1,0.8312236286919831
1022,sed,original,-1,0.6919831223628692
1022,sed2,original,-1,0.7037037037037038
1022,awake,phase_surrogate,0,0.8312236286919831
1022,sed,phase_surrogate,0,0.589310829817159
1022,sed2,phase_surrogate,0,0.5185185185185184
1022,awake,phase_surrogate,1,0.8312236286919831
1022,sed,phase_surrogate,1,0.5935302390998595
1022,sed2,phase_surrogate,1,0.5783475783475784
1022,awake,phase_surrogate,2,0.8312236286919831
1022,sed,phase_surrogate,2,0.6258790436005625
1022,sed2,phase_surrogate,2,0.47863247863247876
1024,awake,original,-1,0.8312236286919831
1024,sed,original,-1,0.731364275668073
1024,sed2,original,-1,0.7920227920227919
1024,awake,phase_surrogate,0,0.8312236286919831
1024,sed,phase_surrogate,0,0.5724331926863573
1024,sed2,phase_surrogate,0,0.5498575498575496
1024,awake,phase_surrogate,1,0.8312236286919831
1024,sed,phase_surrogate,1,0.5457102672292548
1024,sed2,phase_surrogate,1,0.5242165242165241
1024,awake,phase_surrogate,2,0.8312236286919831
1024,sed,phase_surrogate,2,0.5288326300984529
1024,sed2,phase_surrogate,2,0.5726495726495725
1033,awake,original,-1,0.8312236286919831
1033,sed,original,-1,0.28973277074542897
1033,sed2,original,-1,0.20797720797720798
1033,awake,phase_surrogate,0,0.8312236286919831
1033,sed,phase_surrogate,0,0.5330520393811533
1033,sed2,phase_surrogate,0,0.6182336182336183
1033,awake,phase_surrogate,1,0.8312236286919831
1033,sed,phase_surrogate,1,0.5471167369901548
1033,sed2,phase_surrogate,1,0.5413105413105413
1033,awake,phase_surrogate,2,0.8312236286919831
1033,sed,phase_surrogate,2,0.5527426160337554
1033,sed2,phase_surrogate,2,0.5555555555555556
1036,awake,original,-1,0.8312236286919831
1036,sed,original,-1,0.3473980309423348
1036,sed2,original,-1,0.5413105413105413
1036,awake,phase_surrogate,0,0.8312236286919831
1036,sed,phase_surrogate,0,0.5555555555555556
1036,sed2,phase_surrogate,0,0.792022792022792
1036,awake,phase_surrogate,1,0.8312236286919831
1036,sed,phase_surrogate,1,0.5583684950773559
1036,sed2,phase_surrogate,1,0.7692307692307694
1036,awake,phase_surrogate,2,0.8312236286919831
1036,sed,phase_surrogate,2,0.5400843881856541
1036,sed2,phase_surrogate,2,0.6894586894586895
1037,awake,original,-1,0.8312236286919831
1037,awake,phase_surrogate,0,0.8312236286919831
1037,awake,phase_surrogate,1,0.8312236286919831
1037,awake,phase_surrogate,2,0.8312236286919831
1045,awake,original,-1,0.8312236286919831
1045,sed,original,-1,0.07876230661040787
1045,sed2,original,-1,0.15954415954415951
1045,awake,phase_surrogate,0,0.8312236286919831
1045,sed,phase_surrogate,0,0.5794655414908579
1045,sed2,phase_surrogate,0,0.5299145299145298
1045,awake,phase_surrogate,1,0.8312236286919831
1045,sed,phase_surrogate,1,0.5639943741209564
1045,sed2,phase_surrogate,1,0.5783475783475784
1045,awake,phase_surrogate,2,0.8312236286919831
1045,sed,phase_surrogate,2,0.6132208157524615
1045,sed2,phase_surrogate,2,0.6039886039886041
1046,awake,original,-1,0.8312236286919831
1046,sed,original,-1,0.7566807313642756
1046,sed2,original,-1,0.34188034188034194
1046,awake,phase_surrogate,0,0.831223628691983
1046,sed,phase_surrogate,0,0.5471167369901548
1046,sed2,phase_surrogate,0,0.6866096866096867
1046,awake,phase_surrogate,1,0.8312236286919831
1046,sed,phase_surrogate,1,0.5499296765119551
1046,sed2,phase_surrogate,1,0.6666666666666666
1046,awake,phase_surrogate,2,0.8312236286919831
1046,sed,phase_surrogate,2,0.5485232067510549
1046,sed2,phase_surrogate,2,0.7150997150997153
1054,awake,original,-1,0.8312236286919831
1054,sed,original,-1,0.7018284106891702
1054,sed2,original,-1,0.2706552706552707
1054,awake,phase_surrogate,0,0.8312236286919831
1054,sed,phase_surrogate,0,0.5513361462728552
1054,sed2,phase_surrogate,0,0.5413105413105412
1054,awake,phase_surrogate,1,0.8312236286919831
1054,sed,phase_surrogate,1,0.5696202531645571
1054,sed2,phase_surrogate,1,0.5327635327635328
1054,awake,phase_surrogate,2,0.8312236286919831
1054,sed,phase_surrogate,2,0.5808720112517581
1054,sed2,phase_surrogate,2,0.5384615384615384
1055,awake,original,-1,0.8312236286919831
1055,sed,original,-1,0.39803094233473985
1055,sed2,original,-1,0.5299145299145299
1055,awake,phase_surrogate,0,0.8312236286919831
1055,sed,phase_surrogate,0,0.4810126582278481
1055,sed2,phase_surrogate,0,0.4387464387464388
1055,awake,phase_surrogate,1,0.8312236286919831
1055,sed,phase_surrogate,1,0.41350210970464135
1055,sed2,phase_surrogate,1,0.41880341880341876
1055,awake,phase_surrogate,2,0.8312236286919831
1055,sed,phase_surrogate,2,0.5471167369901548
1055,sed2,phase_surrogate,2,0.5698005698005698
1057,awake,original,-1,0.8312236286919831
1057,sed,original,-1,0.3389592123769339
1057,sed2,original,-1,0.544159544159544
1057,awake,phase_surrogate,0,0.8312236286919831
1057,sed,phase_surrogate,0,0.4922644163150493
1057,sed2,phase_surrogate,0,0.5811965811965814
1057,awake,phase_surrogate,1,0.8312236286919831
1057,sed,phase_surrogate,1,0.5513361462728552
1057,sed2,phase_surrogate,1,0.6153846153846155
1057,awake,phase_surrogate,2,0.8312236286919831
1057,sed,phase_surrogate,2,0.5218002812939523
1057,sed2,phase_surrogate,2,0.6695156695156695
1060,awake,original,-1,0.8312236286919831
1060,sed,original,-1,0.8818565400843881
1060,sed2,original,-1,0.40455840455840447
1060,awake,phase_surrogate,0,0.8312236286919831
1060,sed,phase_surrogate,0,0.540084388185654
1060,sed2,phase_surrogate,0,0.50997150997151
1060,awake,phase_surrogate,1,0.8312236286919831
1060,sed,phase_surrogate,1,0.5752461322081577
1060,sed2,phase_surrogate,1,0.6039886039886041
1060,awake,phase_surrogate,2,0.8312236286919831
1060,sed,phase_surrogate,2,0.5836849507735585
1060,sed2,phase_surrogate,2,0.5669515669515669
1061,awake,original,-1,0.8312236286919831
1061,sed,original,-1,0.7215189873417721
1061,sed2,original,-1,0.8005698005698005
1061,awake,phase_surrogate,0,0.831223628691983
1061,sed,phase_surrogate,0,0.5639943741209564
1061,sed2,phase_surrogate,0,0.5470085470085471
1061,awake,phase_surrogate,1,0.8312236286919831
1061,sed,phase_surrogate,1,0.5879043600562588
1061,sed2,phase_surrogate,1,0.5527065527065528
1061,awake,phase_surrogate,2,0.8312236286919831
1061,sed,phase_surrogate,2,0.538677918424754
1061,sed2,phase_surrogate,2,0.5669515669515671
1062,awake,original,-1,0.8312236286919831
1062,sed,original,-1,0.37130801687763726
1062,sed2,original,-1,0.4273504273504272
1062,awake,phase_surrogate,0,0.8312236286919831
1062,sed,phase_surrogate,0,0.5471167369901545
1062,sed2,phase_surrogate,0,0.5954415954415955
1062,awake,phase_surrogate,1,0.8312236286919831
1062,sed,phase_surrogate,1,0.5583684950773559
1062,sed2,phase_surrogate,1,0.5527065527065527
1062,awake,phase_surrogate,2,0.831223628691983
1062,sed,phase_surrogate,2,0.5724331926863573
1062,sed2,phase_surrogate,2,0.566951566951567
1064,awake,original,-1,0.8312236286919831
1064,sed,original,-1,0.8368495077355836
1064,sed2,original,-1,0.33333333333333337
1064,awake,phase_surrogate,0,0.8312236286919831
1064,sed,phase_surrogate,0,0.8396624472573839
1064,sed2,phase_surrogate,0,0.3589743589743589
1064,awake,phase_surrogate,1,0.8312236286919831
1064,sed,phase_surrogate,1,0.7426160337552743
1064,sed2,phase_surrogate,1,0.09686609686609686
1064,awake,phase_surrogate,2,0.8312236286919831
1064,sed,phase_surrogate,2,0.7538677918424753
1064,sed2,phase_surrogate,2,0.10826210826210826
1067,awake,original,-1,0.831223628691983
1067,sed,original,-1,0.46694796061884664
1067,sed2,original,-1,0.8632478632478632
1067,awake,phase_surrogate,0,0.8312236286919831
1067,sed,phase_surrogate,0,0.8185654008438819
1067,sed2,phase_surrogate,0,0.7549857549857552
1067,awake,phase_surrogate,1,0.8312236286919831
1067,sed,phase_surrogate,1,0.7496483825597751
1067,sed2,phase_surrogate,1,0.6495726495726496
1067,awake,phase_surrogate,2,0.831223628691983
1067,sed,phase_surrogate,2,0.7637130801687764
1067,sed2,phase_surrogate,2,0.6267806267806267
1068,awake,original,-1,0.831223628691983
1068,sed,original,-1,0.5963431786216596
1068,sed2,original,-1,0.5897435897435895
1068,awake,phase_surrogate,0,0.8312236286919831
1068,sed,phase_surrogate,0,0.5625879043600563
1068,sed2,phase_surrogate,0,0.5982905982905984
1068,awake,phase_surrogate,1,0.8312236286919831
1068,sed,phase_surrogate,1,0.5499296765119549
1068,sed2,phase_surrogate,1,0.47578347578347563
1068,awake,phase_surrogate,2,0.8312236286919831
1068,sed,phase_surrogate,2,0.5907172995780591
1068,sed2,phase_surrogate,2,0.5840455840455843
1071,awake,original,-1,0.8312236286919831
1071,sed,original,-1,0.6075949367088608
1071,sed2,original,-1,0.5527065527065527
1071,awake,phase_surrogate,0,0.8312236286919831
1071,sed,phase_surrogate,0,0.7369901547116737
1071,sed2,phase_surrogate,0,0.5754985754985754
1071,awake,phase_surrogate,1,0.8312236286919831
1071,sed,phase_surrogate,1,0.8270042194092827
1071,sed2,phase_surrogate,1,0.5327635327635328
1071,awake,phase_surrogate,2,0.8312236286919831
1071,sed,phase_surrogate,2,0.7946554149085794
1071,sed2,phase_surrogate,2,0.5527065527065528
1074,awake,original,-1,0.8312236286919831
1074,sed,original,-1,0.6399437412095641
1074,sed2,original,-1,0.8319088319088319
1074,awake,phase_surrogate,0,0.8312236286919831
1074,sed,phase_surrogate,0,0.6399437412095641
1074,sed2,phase_surrogate,0,0.45868945868945865
1074,awake,phase_surrogate,1,0.8312236286919831
1074,sed,phase_surrogate,1,0.70042194092827
1074,sed2,phase_surrogate,1,0.5811965811965814
1074,awake,phase_surrogate,2,0.8312236286919831
1074,sed,phase_surrogate,2,0.6427566807313643
1074,sed2,phase_surrogate,2,0.5954415954415955
