subject,subject_brier,subject_log_loss,n_rows,task_name,model
sub-02,0.0015139123793575819,0.033314691301331543,3,awake_base1_vs_lor,confounds_motion_propofol
sub-03,0.001370779711955707,0.031499422910612536,3,awake_base1_vs_lor,confounds_motion_propofol
sub-04,0.0019402510467423637,0.03456739909662197,3,awake_base1_vs_lor,confounds_motion_propofol
sub-05,0.0003962196853610236,0.019117155433778277,3,awake_base1_vs_lor,confounds_motion_propofol
sub-06,0.002759522554773885,0.041279101679154676,3,awake_base1_vs_lor,confounds_motion_propofol
sub-07,0.002249576857834526,0.03887894895510328,3,awake_base1_vs_lor,confounds_motion_propofol
sub-11,0.024532864647166,0.14109214292068892,3,awake_base1_vs_lor,confounds_motion_propofol
sub-12,0.0007818237791709077,0.027314910530455944,3,awake_base1_vs_lor,confounds_motion_propofol
sub-13,0.00038644302976418703,0.019723298639964384,3,awake_base1_vs_lor,confounds_motion_propofol
sub-14,0.017839457062856282,0.12451868970789821,3,awake_base1_vs_lor,confounds_motion_propofol
sub-15,0.1681732282132585,0.46895787236731984,3,awake_base1_vs_lor,confounds_motion_propofol
sub-16,0.00015692926973635065,0.009352511204459013,2,awake_base1_vs_lor,confounds_motion_propofol
sub-17,0.01498070572181171,0.11428058750215835,3,awake_base1_vs_lor,confounds_motion_propofol
sub-18,0.00011641474330682909,0.008162909313089113,3,awake_base1_vs_lor,confounds_motion_propofol
sub-19,0.08844168922147588,0.2527928861096957,3,awake_base1_vs_lor,confounds_motion_propofol
sub-20,9.117770295882858e-05,0.005835385873995089,3,awake_base1_vs_lor,confounds_motion_propofol
sub-21,0.00014846869093908846,0.010786669134749023,3,awake_base1_vs_lor,confounds_motion_propofol
sub-22,0.0001109083874963347,0.008098031794862822,3,awake_base1_vs_lor,confounds_motion_propofol
sub-23,0.0001272657180454424,0.008879673523386967,3,awake_base1_vs_lor,confounds_motion_propofol
sub-24,0.004298813132562299,0.056172413825940265,3,awake_base1_vs_lor,confounds_motion_propofol
sub-25,0.00015034406612960094,0.009302844897767422,3,awake_base1_vs_lor,confounds_motion_propofol
sub-26,0.0005209351208384541,0.02293326568097104,3,awake_base1_vs_lor,confounds_motion_propofol
sub-27,0.0016758854524913716,0.038117043719752386,3,awake_base1_vs_lor,confounds_motion_propofol
sub-28,0.0001999517950498402,0.011811034276482954,3,awake_base1_vs_lor,confounds_motion_propofol
sub-29,0.00018844596912926333,0.008022921577474862,3,awake_base1_vs_lor,confounds_motion_propofol
sub-30,0.00026890087687696614,0.014505447970114804,3,awake_base1_vs_lor,confounds_motion_propofol
sub-02,0.0010449463297857531,0.028266024378225906,3,awake_base1_vs_lor,standard_fc_plus_confounds
sub-03,0.0016878476932485527,0.032859396698241984,3,awake_base1_vs_lor,standard_fc_plus_confounds
sub-04,0.001819993058957606,0.034287359849858236,3,awake_base1_vs_lor,standard_fc_plus_confounds
sub-05,0.0005559325868840975,0.02253006974598476,3,awake_base1_vs_lor,standard_fc_plus_confounds
sub-06,0.004908468506893921,0.050965158332597314,3,awake_base1_vs_lor,standard_fc_plus_confounds
sub-07,0.0013275842950089217,0.030839686133425703,3,awake_base1_vs_lor,standard_fc_plus_confounds
sub-11,0.014067977867564044,0.11274807028760037,3,awake_base1_vs_lor,standard_fc_plus_confounds
sub-12,0.0007455459417838286,0.02705090000332906,3,awake_base1_vs_lor,standard_fc_plus_confounds
sub-13,0.0003639099940670564,0.018537540229584065,3,awake_base1_vs_lor,standard_fc_plus_confounds
sub-14,0.02325898841178704,0.1405845083910667,3,awake_base1_vs_lor,standard_fc_plus_confounds
sub-15,0.1195884984398096,0.3697241551527107,3,awake_base1_vs_lor,standard_fc_plus_confounds
sub-16,0.00012623134727897476,0.008253792560835553,2,awake_base1_vs_lor,standard_fc_plus_confounds
sub-17,0.017336745193538654,0.12054845118506308,3,awake_base1_vs_lor,standard_fc_plus_confounds
sub-18,6.053420647795187e-05,0.006908721445076507,3,awake_base1_vs_lor,standard_fc_plus_confounds
sub-19,0.11053774865733858,0.2978442484368335,3,awake_base1_vs_lor,standard_fc_plus_confounds
sub-20,0.0002501491092753907,0.009686638229680281,3,awake_base1_vs_lor,standard_fc_plus_confounds
sub-21,0.00018248857075844167,0.011402692764625104,3,awake_base1_vs_lor,standard_fc_plus_confounds
sub-22,7.905257819202493e-05,0.006959753725015516,3,awake_base1_vs_lor,standard_fc_plus_confounds
sub-23,4.5350486124607167e-05,0.005818329283932769,3,awake_base1_vs_lor,standard_fc_plus_confounds
sub-24,0.00528219549421697,0.05903706497161254,3,awake_base1_vs_lor,standard_fc_plus_confounds
sub-25,0.00026425854069609935,0.011614508214848903,3,awake_base1_vs_lor,standard_fc_plus_confounds
sub-26,0.0004733953980619477,0.021817632812647786,3,awake_base1_vs_lor,standard_fc_plus_confounds
sub-27,0.0017318472099610604,0.03770619547799502,3,awake_base1_vs_lor,standard_fc_plus_confounds
sub-28,0.00013298386296987566,0.00935458497201816,3,awake_base1_vs_lor,standard_fc_plus_confounds
sub-29,0.00012189235396948979,0.00643875484100873,3,awake_base1_vs_lor,standard_fc_plus_confounds
sub-30,0.0002276104774125993,0.013826848047622416,3,awake_base1_vs_lor,standard_fc_plus_confounds
sub-02,0.0007300298733557502,0.023565765476953836,3,awake_base1_vs_lor,gcc_core_plus_confounds
sub-03,0.0017201367393280974,0.03177624236616632,3,awake_base1_vs_lor,gcc_core_plus_confounds
sub-04,0.0018056968387663512,0.03450530879706309,3,awake_base1_vs_lor,gcc_core_plus_confounds
sub-05,0.0006107055024273154,0.023762945247437245,3,awake_base1_vs_lor,gcc_core_plus_confounds
sub-06,0.005817942213851398,0.05357276770727835,3,awake_base1_vs_lor,gcc_core_plus_confounds
sub-07,0.0007387914074074646,0.024507328249070242,3,awake_base1_vs_lor,gcc_core_plus_confounds
sub-11,0.009920745411275031,0.09408383656121537,3,awake_base1_vs_lor,gcc_core_plus_confounds
sub-12,0.0007529830748880988,0.027486402661131653,3,awake_base1_vs_lor,gcc_core_plus_confounds
sub-13,0.0002892152624718156,0.016307785660709517,3,awake_base1_vs_lor,gcc_core_plus_confounds
sub-14,0.02774648680340432,0.15411580891801777,3,awake_base1_vs_lor,gcc_core_plus_confounds
sub-15,0.08136049271798033,0.2889332812680803,3,awake_base1_vs_lor,gcc_core_plus_confounds
sub-16,7.957389069566573e-05,0.006652464068059046,2,awake_base1_vs_lor,gcc_core_plus_confounds
sub-17,0.02095255286923728,0.12749905618588464,3,awake_base1_vs_lor,gcc_core_plus_confounds
sub-18,6.0719862670383065e-05,0.007768849376083936,3,awake_base1_vs_lor,gcc_core_plus_confounds
sub-19,0.1127211000960932,0.30564828441614994,3,awake_base1_vs_lor,gcc_core_plus_confounds
sub-20,0.00039923619789316396,0.01267391084436778,3,awake_base1_vs_lor,gcc_core_plus_confounds
sub-21,0.00015363273919554314,0.010545745926726252,3,awake_base1_vs_lor,gcc_core_plus_confounds
sub-22,5.356729539925744e-05,0.006568941657767914,3,awake_base1_vs_lor,gcc_core_plus_confounds
sub-23,1.6331887259519443e-05,0.0037963663164550126,3,awake_base1_vs_lor,gcc_core_plus_confounds
sub-24,0.0064223684196419405,0.06028075496809953,3,awake_base1_vs_lor,gcc_core_plus_confounds
sub-25,0.00045530506245182743,0.014723194429712339,3,awake_base1_vs_lor,gcc_core_plus_confounds
sub-26,0.0005580015494125978,0.023302578019534986,3,awake_base1_vs_lor,gcc_core_plus_confounds
sub-27,0.002286808825538413,0.042021579419075215,3,awake_base1_vs_lor,gcc_core_plus_confounds
sub-28,7.412310644407687e-05,0.00696646719092401,3,awake_base1_vs_lor,gcc_core_plus_confounds
sub-29,6.366160035177831e-05,0.004643189542719129,3,awake_base1_vs_lor,gcc_core_plus_confounds
sub-30,0.00019545307283050297,0.013455032680488857,3,awake_base1_vs_lor,gcc_core_plus_confounds
sub-02,0.00039256567314929655,0.018647294747003433,3,awake_base1_vs_lor,gcc_regime_plus_confounds
sub-03,0.0008170398234108623,0.024463825599827665,3,awake_base1_vs_lor,gcc_regime_plus_confounds
sub-04,0.0019593609039174876,0.0348512255710084,3,awake_base1_vs_lor,gcc_regime_plus_confounds
sub-05,0.0005595082882607475,0.02169529434390723,3,awake_base1_vs_lor,gcc_regime_plus_confounds
sub-06,0.0028857850152696363,0.039034722858075806,3,awake_base1_vs_lor,gcc_regime_plus_confounds
sub-07,0.00044304273023459067,0.02072555833162312,3,awake_base1_vs_lor,gcc_regime_plus_confounds
sub-11,0.008164443435015278,0.08651416334772456,3,awake_base1_vs_lor,gcc_regime_plus_confounds
sub-12,0.0007779127902213944,0.028239946655452704,3,awake_base1_vs_lor,gcc_regime_plus_confounds
sub-13,0.00025601652195411965,0.015486323007920444,3,awake_base1_vs_lor,gcc_regime_plus_confounds
sub-14,0.018805887089482682,0.12317814549830726,3,awake_base1_vs_lor,gcc_regime_plus_confounds
sub-15,0.13674781238915554,0.404935285457612,3,awake_base1_vs_lor,gcc_regime_plus_confounds
sub-16,5.444128902387956e-05,0.005441889716321094,2,awake_base1_vs_lor,gcc_regime_plus_confounds
sub-17,0.01700268070936253,0.11076599768965513,3,awake_base1_vs_lor,gcc_regime_plus_confounds
sub-18,8.051564067497581e-05,0.008974541951366244,3,awake_base1_vs_lor,gcc_regime_plus_confounds
sub-19,0.22267023460724314,0.584140888466555,3,awake_base1_vs_lor,gcc_regime_plus_confounds
sub-20,0.0003761875088810329,0.012167280651385162,3,awake_base1_vs_lor,gcc_regime_plus_confounds
sub-21,0.00022155552711063554,0.013810021367648083,3,awake_base1_vs_lor,gcc_regime_plus_confounds
sub-22,4.793375432964593e-05,0.006424153504221534,3,awake_base1_vs_lor,gcc_regime_plus_confounds
sub-23,1.8565307765611952e-05,0.004030865080966479,3,awake_base1_vs_lor,gcc_regime_plus_confounds
sub-24,0.002146158564980932,0.03668157159245358,3,awake_base1_vs_lor,gcc_regime_plus_confounds
sub-25,0.0002961288202840265,0.013038575236009979,3,awake_base1_vs_lor,gcc_regime_plus_confounds
sub-26,0.0005273384398125528,0.02296533978565946,3,awake_base1_vs_lor,gcc_regime_plus_confounds
sub-27,0.005286831854703338,0.06226705916155634,3,awake_base1_vs_lor,gcc_regime_plus_confounds
sub-28,5.316803134858384e-05,0.006058740143869133,3,awake_base1_vs_lor,gcc_regime_plus_confounds
sub-29,4.6431970717523815e-05,0.003963178628418179,3,awake_base1_vs_lor,gcc_regime_plus_confounds
sub-30,0.00015734316196476842,0.01148398303998704,3,awake_base1_vs_lor,gcc_regime_plus_confounds
sub-02,0.000379993906696702,0.0182156559160597,3,awake_base1_vs_lor,full_standard_plus_gcc
sub-03,0.0008013373417740219,0.024099631034561586,3,awake_base1_vs_lor,full_standard_plus_gcc
sub-04,0.002086250157943879,0.035650002450419827,3,awake_base1_vs_lor,full_standard_plus_gcc
sub-05,0.000638970522909928,0.0227017965121457,3,awake_base1_vs_lor,full_standard_plus_gcc
sub-06,0.003254503132167631,0.04067267753996189,3,awake_base1_vs_lor,full_standard_plus_gcc
sub-07,0.00037146414105336246,0.0189258837475435,3,awake_base1_vs_lor,full_standard_plus_gcc
sub-11,0.007277517670135886,0.08186598425374797,3,awake_base1_vs_lor,full_standard_plus_gcc
sub-12,0.0007688038665008721,0.027952510659663855,3,awake_base1_vs_lor,full_standard_plus_gcc
sub-13,0.0002585818383956595,0.01521938871378879,3,awake_base1_vs_lor,full_standard_plus_gcc
sub-14,0.019605338902624673,0.12550697308813955,3,awake_base1_vs_lor,full_standard_plus_gcc
sub-15,0.11879746809936002,0.36848416369090414,3,awake_base1_vs_lor,full_standard_plus_gcc
sub-16,3.9335430538916295e-05,0.004587791481248316,2,awake_base1_vs_lor,full_standard_plus_gcc
sub-17,0.01820763271445168,0.11516511764795108,3,awake_base1_vs_lor,full_standard_plus_gcc
sub-18,7.335597946292471e-05,0.008507573897009181,3,awake_base1_vs_lor,full_standard_plus_gcc
sub-19,0.21730807595235488,0.5661278475520899,3,awake_base1_vs_lor,full_standard_plus_gcc
sub-20,0.0005082569708074056,0.014213206292922493,3,awake_base1_vs_lor,full_standard_plus_gcc
sub-21,0.00023372384766683684,0.014061417916681121,3,awake_base1_vs_lor,full_standard_plus_gcc
sub-22,4.6912823500474816e-05,0.006456086907578522,3,awake_base1_vs_lor,full_standard_plus_gcc
sub-23,1.584870539931826e-05,0.003640552549846516,3,awake_base1_vs_lor,full_standard_plus_gcc
sub-24,0.002582815828962587,0.038140767854691386,3,awake_base1_vs_lor,full_standard_plus_gcc
sub-25,0.00028205417018814836,0.012846542800125782,3,awake_base1_vs_lor,full_standard_plus_gcc
sub-26,0.0005077142922189009,0.022383384145355772,3,awake_base1_vs_lor,full_standard_plus_gcc
sub-27,0.005414282010252842,0.06209010953521036,3,awake_base1_vs_lor,full_standard_plus_gcc
sub-28,3.9016419225171776e-05,0.0052162122995752175,3,awake_base1_vs_lor,full_standard_plus_gcc
sub-29,3.225083879227615e-05,0.003301003833249678,3,awake_base1_vs_lor,full_standard_plus_gcc
sub-30,0.00014015045245258862,0.010917773973399561,3,awake_base1_vs_lor,full_standard_plus_gcc
sub-02,0.016986676624276296,0.09388994034413513,6,responsive_vs_lor_all_phases,confounds_motion_propofol
sub-03,0.013054043550396752,0.09465258288832777,6,responsive_vs_lor_all_phases,confounds_motion_propofol
sub-04,0.04939733991035395,0.15882552616475795,6,responsive_vs_lor_all_phases,confounds_motion_propofol
sub-05,0.009739720629840125,0.0792249463891022,6,responsive_vs_lor_all_phases,confounds_motion_propofol
sub-06,0.07105705930854504,0.23334096320728345,6,responsive_vs_lor_all_phases,confounds_motion_propofol
sub-07,0.0684283698313369,0.20980381339844542,6,responsive_vs_lor_all_phases,confounds_motion_propofol
sub-11,0.04958677212220772,0.17975721666159994,6,responsive_vs_lor_all_phases,confounds_motion_propofol
sub-12,0.006841247411493203,0.06481231377625347,6,responsive_vs_lor_all_phases,confounds_motion_propofol
sub-13,0.009365397018333499,0.07520898366185742,6,responsive_vs_lor_all_phases,confounds_motion_propofol
sub-14,0.042432024155962714,0.17048512702367397,5,responsive_vs_lor_all_phases,confounds_motion_propofol
sub-15,0.1876643815362071,0.5298013167654999,6,responsive_vs_lor_all_phases,confounds_motion_propofol
sub-16,0.18845903054366775,0.4794362265761841,5,responsive_vs_lor_all_phases,confounds_motion_propofol
sub-17,0.059848415297491096,0.23950183903312494,6,responsive_vs_lor_all_phases,confounds_motion_propofol
sub-18,0.022370372160430682,0.10164286860916247,5,responsive_vs_lor_all_phases,confounds_motion_propofol
sub-19,0.08702720868506984,0.2659630566703655,6,responsive_vs_lor_all_phases,confounds_motion_propofol
sub-20,0.1827941922165336,0.5147069690325462,6,responsive_vs_lor_all_phases,confounds_motion_propofol
sub-21,0.06617889269693157,0.20292724730301512,6,responsive_vs_lor_all_phases,confounds_motion_propofol
sub-22,0.1163693973377026,0.31334670456263114,5,responsive_vs_lor_all_phases,confounds_motion_propofol
sub-23,0.06130381174559959,0.19029519136100417,6,responsive_vs_lor_all_phases,confounds_motion_propofol
sub-24,0.05932176176467927,0.2136294107291196,5,responsive_vs_lor_all_phases,confounds_motion_propofol
sub-25,0.1474965785076027,0.41550453414590455,5,responsive_vs_lor_all_phases,confounds_motion_propofol
sub-26,0.03969495739116965,0.15239237631970107,6,responsive_vs_lor_all_phases,confounds_motion_propofol
sub-27,0.009329570777819932,0.08912808618035169,6,responsive_vs_lor_all_phases,confounds_motion_propofol
sub-28,0.13670747879652048,0.3695136296070697,5,responsive_vs_lor_all_phases,confounds_motion_propofol
sub-29,0.2126250979699787,0.6401365496903947,4,responsive_vs_lor_all_phases,confounds_motion_propofol
sub-30,0.07175039202467333,0.22221274616788386,6,responsive_vs_lor_all_phases,confounds_motion_propofol
sub-02,0.005460809977939555,0.05349540972981227,6,responsive_vs_lor_all_phases,standard_fc_plus_confounds
sub-03,0.010087761001474528,0.07418284484766456,6,responsive_vs_lor_all_phases,standard_fc_plus_confounds
sub-04,0.044621748727789456,0.16298558438408892,6,responsive_vs_lor_all_phases,standard_fc_plus_confounds
sub-05,0.008895954795498276,0.08407509213171376,6,responsive_vs_lor_all_phases,standard_fc_plus_confounds
sub-06,0.10859328922362639,0.31533623739125993,6,responsive_vs_lor_all_phases,standard_fc_plus_confounds
sub-07,0.02496657278782352,0.10865619501911795,6,responsive_vs_lor_all_phases,standard_fc_plus_confounds
sub-11,0.023688239435869413,0.13254015338098316,6,responsive_vs_lor_all_phases,standard_fc_plus_confounds
sub-12,0.01055470864402179,0.07622465653082368,6,responsive_vs_lor_all_phases,standard_fc_plus_confounds
sub-13,0.004452371328745658,0.04504982080551919,6,responsive_vs_lor_all_phases,standard_fc_plus_confounds
sub-14,0.0529917426604007,0.18308334428856807,5,responsive_vs_lor_all_phases,standard_fc_plus_confounds
sub-15,0.09600629573423337,0.2925516465226538,6,responsive_vs_lor_all_phases,standard_fc_plus_confounds
sub-16,0.19470398771898884,0.526226215754541,5,responsive_vs_lor_all_phases,standard_fc_plus_confounds
sub-17,0.044484301024647344,0.20064778674321215,6,responsive_vs_lor_all_phases,standard_fc_plus_confounds
sub-18,0.0007631930443886775,0.021603532762259438,5,responsive_vs_lor_all_phases,standard_fc_plus_confounds
sub-19,0.08707197635994586,0.2541949012185279,6,responsive_vs_lor_all_phases,standard_fc_plus_confounds
sub-20,0.13952355149811874,0.40975512407314346,6,responsive_vs_lor_all_phases,standard_fc_plus_confounds
sub-21,0.06333406490245688,0.19636308900237745,6,responsive_vs_lor_all_phases,standard_fc_plus_confounds
sub-22,0.12865346909647465,0.34294940894189613,5,responsive_vs_lor_all_phases,standard_fc_plus_confounds
sub-23,0.015645486538549382,0.08703475733385653,6,responsive_vs_lor_all_phases,standard_fc_plus_confounds
sub-24,0.033450765619697106,0.1413463850694383,5,responsive_vs_lor_all_phases,standard_fc_plus_confounds
sub-25,0.13670534860097122,0.3761786974169397,5,responsive_vs_lor_all_phases,standard_fc_plus_confounds
sub-26,0.019422048360489354,0.10171441480841437,6,responsive_vs_lor_all_phases,standard_fc_plus_confounds
sub-27,0.007064785502652215,0.06363586420443769,6,responsive_vs_lor_all_phases,standard_fc_plus_confounds
sub-28,0.1180559629803195,0.31193069644400023,5,responsive_vs_lor_all_phases,standard_fc_plus_confounds
sub-29,0.1795888093914074,0.47160774182878734,4,responsive_vs_lor_all_phases,standard_fc_plus_confounds
sub-30,0.12485437136902829,0.3416343420527299,6,responsive_vs_lor_all_phases,standard_fc_plus_confounds
sub-02,0.003155122294934021,0.03872678388480868,6,responsive_vs_lor_all_phases,gcc_core_plus_confounds
sub-03,0.009954374007108429,0.072697810725057,6,responsive_vs_lor_all_phases,gcc_core_plus_confounds
sub-04,0.06944712475872078,0.2122502578546759,6,responsive_vs_lor_all_phases,gcc_core_plus_confounds
sub-05,0.009723718700921953,0.08709988463752412,6,responsive_vs_lor_all_phases,gcc_core_plus_confounds
sub-06,0.10570341439998567,0.2987921765811658,6,responsive_vs_lor_all_phases,gcc_core_plus_confounds
sub-07,0.007876759864988805,0.05965238763406152,6,responsive_vs_lor_all_phases,gcc_core_plus_confounds
sub-11,0.017056260854361353,0.11027777396242035,6,responsive_vs_lor_all_phases,gcc_core_plus_confounds
sub-12,0.014946257818659001,0.0823698046847243,6,responsive_vs_lor_all_phases,gcc_core_plus_confounds
sub-13,0.004882147931303459,0.04134052150783946,6,responsive_vs_lor_all_phases,gcc_core_plus_confounds
sub-14,0.06126444895717402,0.1998069877611613,5,responsive_vs_lor_all_phases,gcc_core_plus_confounds
sub-15,0.06127486778050704,0.2257344251464517,6,responsive_vs_lor_all_phases,gcc_core_plus_confounds
sub-16,0.1529610621958525,0.4113170987193383,5,responsive_vs_lor_all_phases,gcc_core_plus_confounds
sub-17,0.04237091325324773,0.18281769220459856,6,responsive_vs_lor_all_phases,gcc_core_plus_confounds
sub-18,0.0028757608847825547,0.034664739608152625,5,responsive_vs_lor_all_phases,gcc_core_plus_confounds
sub-19,0.07455222183526615,0.21613911236637365,6,responsive_vs_lor_all_phases,gcc_core_plus_confounds
sub-20,0.13626020375226286,0.39196450104840075,6,responsive_vs_lor_all_phases,gcc_core_plus_confounds
sub-21,0.05846620057054858,0.18418246686241688,6,responsive_vs_lor_all_phases,gcc_core_plus_confounds
sub-22,0.11821814805966235,0.30777070574790505,5,responsive_vs_lor_all_phases,gcc_core_plus_confounds
sub-23,0.0072786563241032205,0.05238991237065266,6,responsive_vs_lor_all_phases,gcc_core_plus_confounds
sub-24,0.02285156723822366,0.09574279403600437,5,responsive_vs_lor_all_phases,gcc_core_plus_confounds
sub-25,0.10420504812201167,0.2771522420592436,5,responsive_vs_lor_all_phases,gcc_core_plus_confounds
sub-26,0.009051716324519827,0.06568174417607445,6,responsive_vs_lor_all_phases,gcc_core_plus_confounds
sub-27,0.014317299231259973,0.10232197806816097,6,responsive_vs_lor_all_phases,gcc_core_plus_confounds
sub-28,0.1099098248866057,0.28307774234449007,5,responsive_vs_lor_all_phases,gcc_core_plus_confounds
sub-29,0.14454245888744327,0.3581129454368799,4,responsive_vs_lor_all_phases,gcc_core_plus_confounds
sub-30,0.1410255822424011,0.41465169989578504,6,responsive_vs_lor_all_phases,gcc_core_plus_confounds
sub-02,0.0021549023615706786,0.0324308390514132,6,responsive_vs_lor_all_phases,gcc_regime_plus_confounds
sub-03,0.008880469294510984,0.07506389067861484,6,responsive_vs_lor_all_phases,gcc_regime_plus_confounds
sub-04,0.07032788726494067,0.21517588061045975,6,responsive_vs_lor_all_phases,gcc_regime_plus_confounds
sub-05,0.00889054149419645,0.0828315558409952,6,responsive_vs_lor_all_phases,gcc_regime_plus_confounds
sub-06,0.10386260762899772,0.29339934317244803,6,responsive_vs_lor_all_phases,gcc_regime_plus_confounds
sub-07,0.005902708770156941,0.054538809749080396,6,responsive_vs_lor_all_phases,gcc_regime_plus_confounds
sub-11,0.014638124949041523,0.10162943579978116,6,responsive_vs_lor_all_phases,gcc_regime_plus_confounds
sub-12,0.01371560636247162,0.07964713878375498,6,responsive_vs_lor_all_phases,gcc_regime_plus_confounds
sub-13,0.0042777711743176424,0.039078135966631435,6,responsive_vs_lor_all_phases,gcc_regime_plus_confounds
sub-14,0.05501882702091112,0.18552216975271651,5,responsive_vs_lor_all_phases,gcc_regime_plus_confounds
sub-15,0.10063677216151094,0.3135713060879538,6,responsive_vs_lor_all_phases,gcc_regime_plus_confounds
sub-16,0.14156774471986452,0.38039943355087263,5,responsive_vs_lor_all_phases,gcc_regime_plus_confounds
sub-17,0.0392642410030756,0.17183569254675243,6,responsive_vs_lor_all_phases,gcc_regime_plus_confounds
sub-18,0.0031713587092489447,0.03574264153309858,5,responsive_vs_lor_all_phases,gcc_regime_plus_confounds
sub-19,0.12909463011252362,0.3814769336649732,6,responsive_vs_lor_all_phases,gcc_regime_plus_confounds
sub-20,0.14143288542447582,0.39544713677746474,6,responsive_vs_lor_all_phases,gcc_regime_plus_confounds
sub-21,0.05885630350279209,0.18636667112697025,6,responsive_vs_lor_all_phases,gcc_regime_plus_confounds
sub-22,0.10806586998473844,0.2802787663396952,5,responsive_vs_lor_all_phases,gcc_regime_plus_confounds
sub-23,0.005942861220918367,0.04542774192132625,6,responsive_vs_lor_all_phases,gcc_regime_plus_confounds
sub-24,0.015867313511725593,0.08045273085483998,5,responsive_vs_lor_all_phases,gcc_regime_plus_confounds
sub-25,0.10386484640503416,0.2743387552947401,5,responsive_vs_lor_all_phases,gcc_regime_plus_confounds
sub-26,0.00688662661993315,0.058500633166292226,6,responsive_vs_lor_all_phases,gcc_regime_plus_confounds
sub-27,0.031071244802545805,0.15814542011540988,6,responsive_vs_lor_all_phases,gcc_regime_plus_confounds
sub-28,0.10357659315765992,0.2657268263384306,5,responsive_vs_lor_all_phases,gcc_regime_plus_confounds
sub-29,0.1455097333388208,0.36055423750223503,4,responsive_vs_lor_all_phases,gcc_regime_plus_confounds
sub-30,0.1471620634268534,0.44956216468049276,6,responsive_vs_lor_all_phases,gcc_regime_plus_confounds
sub-02,0.0020007979260153936,0.031350155262665456,6,responsive_vs_lor_all_phases,full_standard_plus_gcc
sub-03,0.00855046053185411,0.07371779716034081,6,responsive_vs_lor_all_phases,full_standard_plus_gcc
sub-04,0.07294295816455505,0.21985717322735687,6,responsive_vs_lor_all_phases,full_standard_plus_gcc
sub-05,0.008597348413247956,0.0812834159107222,6,responsive_vs_lor_all_phases,full_standard_plus_gcc
sub-06,0.11030017619689207,0.3081435695628712,6,responsive_vs_lor_all_phases,full_standard_plus_gcc
sub-07,0.005561125151147774,0.052884414709279924,6,responsive_vs_lor_all_phases,full_standard_plus_gcc
sub-11,0.015337469090910024,0.10294395234156006,6,responsive_vs_lor_all_phases,full_standard_plus_gcc
sub-12,0.013218734918120851,0.0778824072186996,6,responsive_vs_lor_all_phases,full_standard_plus_gcc
sub-13,0.004104490027028302,0.03784389417652028,6,responsive_vs_lor_all_phases,full_standard_plus_gcc
sub-14,0.05604398768224696,0.18712808512598939,5,responsive_vs_lor_all_phases,full_standard_plus_gcc
sub-15,0.09615082261365422,0.30510141198972784,6,responsive_vs_lor_all_phases,full_standard_plus_gcc
sub-16,0.14211216126544005,0.3828482943611598,5,responsive_vs_lor_all_phases,full_standard_plus_gcc
sub-17,0.03853981521672626,0.170801500388276,6,responsive_vs_lor_all_phases,full_standard_plus_gcc
sub-18,0.003493692424682028,0.035874133789391346,5,responsive_vs_lor_all_phases,full_standard_plus_gcc
sub-19,0.12788833530100674,0.37503217962837115,6,responsive_vs_lor_all_phases,full_standard_plus_gcc
sub-20,0.14174279924352898,0.3967518295451662,6,responsive_vs_lor_all_phases,full_standard_plus_gcc
sub-21,0.06078031473154303,0.19022647431355222,6,responsive_vs_lor_all_phases,full_standard_plus_gcc
sub-22,0.10802276212163824,0.28026290403480625,5,responsive_vs_lor_all_phases,full_standard_plus_gcc
sub-23,0.004707444420154263,0.04016228770486653,6,responsive_vs_lor_all_phases,full_standard_plus_gcc
sub-24,0.016878933051543425,0.08300299924836642,5,responsive_vs_lor_all_phases,full_standard_plus_gcc
sub-25,0.10709921261580828,0.2818123756554475,5,responsive_vs_lor_all_phases,full_standard_plus_gcc
sub-26,0.006567812142629508,0.05749255774433746,6,responsive_vs_lor_all_phases,full_standard_plus_gcc
sub-27,0.029743910128550172,0.15441461540453383,6,responsive_vs_lor_all_phases,full_standard_plus_gcc
sub-28,0.10020129526003854,0.25748180550794186,5,responsive_vs_lor_all_phases,full_standard_plus_gcc
sub-29,0.14540371244596448,0.36018706019291075,4,responsive_vs_lor_all_phases,full_standard_plus_gcc
sub-30,0.15005851641064014,0.47066952753263464,6,responsive_vs_lor_all_phases,full_standard_plus_gcc
sub-02,0.03118935678443694,0.15928057501388593,2,prelor_vs_lor_task2,confounds_motion_propofol
sub-03,0.0065926801375666404,0.08342356547092786,2,prelor_vs_lor_task2,confounds_motion_propofol
sub-04,0.0027790746115331005,0.05032589768801956,2,prelor_vs_lor_task2,confounds_motion_propofol
sub-05,0.054902651140323104,0.2222147524874494,2,prelor_vs_lor_task2,confounds_motion_propofol
sub-06,0.03208762419156187,0.17799466862807306,2,prelor_vs_lor_task2,confounds_motion_propofol
sub-07,0.019352979677079135,0.13805145172625233,2,prelor_vs_lor_task2,confounds_motion_propofol
sub-11,0.044683935907217295,0.20267660857614223,2,prelor_vs_lor_task2,confounds_motion_propofol
sub-12,0.014592521802539626,0.1167337137589338,2,prelor_vs_lor_task2,confounds_motion_propofol
sub-13,0.003345124146491502,0.056110512751517655,2,prelor_vs_lor_task2,confounds_motion_propofol
sub-14,0.11284744288324526,0.33313840841988984,2,prelor_vs_lor_task2,confounds_motion_propofol
sub-15,0.39851440081394424,1.1204652129258683,2,prelor_vs_lor_task2,confounds_motion_propofol
sub-17,0.06846990954262781,0.2762442126109109,2,prelor_vs_lor_task2,confounds_motion_propofol
sub-18,0.005336616003742396,0.07428446886449283,2,prelor_vs_lor_task2,confounds_motion_propofol
sub-19,0.01258015683439333,0.11344892213969494,2,prelor_vs_lor_task2,confounds_motion_propofol
sub-20,0.03179521827322293,0.1456981239947081,2,prelor_vs_lor_task2,confounds_motion_propofol
sub-21,0.023174394979755007,0.13475134350912243,2,prelor_vs_lor_task2,confounds_motion_propofol
sub-22,0.04486865844980875,0.18106658465847064,2,prelor_vs_lor_task2,confounds_motion_propofol
sub-23,0.02116487901469421,0.12649934007648275,2,prelor_vs_lor_task2,confounds_motion_propofol
sub-24,0.028512918625759023,0.17244038812907025,2,prelor_vs_lor_task2,confounds_motion_propofol
sub-25,0.047547648780735106,0.18770391667285666,2,prelor_vs_lor_task2,confounds_motion_propofol
sub-26,0.026051190011301597,0.16205056422549127,2,prelor_vs_lor_task2,confounds_motion_propofol
sub-27,0.02143237118136975,0.14891848784266537,2,prelor_vs_lor_task2,confounds_motion_propofol
sub-28,0.06779129541071378,0.23805803038668633,2,prelor_vs_lor_task2,confounds_motion_propofol
sub-29,0.09791970793176337,0.29221175344902267,2,prelor_vs_lor_task2,confounds_motion_propofol
sub-30,0.03536747119819921,0.19334364853726432,2,prelor_vs_lor_task2,confounds_motion_propofol
sub-02,0.025823069763758578,0.13926107854151612,2,prelor_vs_lor_task2,standard_fc_plus_confounds
sub-03,0.003968779257729957,0.06265369687976483,2,prelor_vs_lor_task2,standard_fc_plus_confounds
sub-04,0.003026725564290079,0.05654908324260505,2,prelor_vs_lor_task2,standard_fc_plus_confounds
sub-05,0.054417514147571844,0.224876396945302,2,prelor_vs_lor_task2,standard_fc_plus_confounds
sub-06,0.05510095151345448,0.22648074826998227,2,prelor_vs_lor_task2,standard_fc_plus_confounds
sub-07,0.01353322180891773,0.11446270109453313,2,prelor_vs_lor_task2,standard_fc_plus_confounds
sub-11,0.0518456688213929,0.22865382596452252,2,prelor_vs_lor_task2,standard_fc_plus_confounds
sub-12,0.011947042002470772,0.11488015302206954,2,prelor_vs_lor_task2,standard_fc_plus_confounds
sub-13,0.0029980926838702538,0.05493158667068909,2,prelor_vs_lor_task2,standard_fc_plus_confounds
sub-14,0.12474684297124197,0.3519587337954393,2,prelor_vs_lor_task2,standard_fc_plus_confounds
sub-15,0.36433877503515355,0.9702376513322141,2,prelor_vs_lor_task2,standard_fc_plus_confounds
sub-17,0.03587757831667119,0.1919078818273955,2,prelor_vs_lor_task2,standard_fc_plus_confounds
sub-18,0.020258326583020684,0.12050253046204219,2,prelor_vs_lor_task2,standard_fc_plus_confounds
sub-19,0.010973239773850847,0.10681821725968874,2,prelor_vs_lor_task2,standard_fc_plus_confounds
sub-20,0.04398750218272034,0.17649993191664504,2,prelor_vs_lor_task2,standard_fc_plus_confounds
sub-21,0.020209783700588988,0.12214070195013903,2,prelor_vs_lor_task2,standard_fc_plus_confounds
sub-22,0.08160524284360444,0.26090094996452023,2,prelor_vs_lor_task2,standard_fc_plus_confounds
sub-23,0.008438271760753667,0.07739937028911627,2,prelor_vs_lor_task2,standard_fc_plus_confounds
sub-24,0.022800790710124946,0.1486218301733816,2,prelor_vs_lor_task2,standard_fc_plus_confounds
sub-25,0.06244322226070301,0.22019898136576987,2,prelor_vs_lor_task2,standard_fc_plus_confounds
sub-26,0.01732597403719307,0.13056853425764653,2,prelor_vs_lor_task2,standard_fc_plus_confounds
sub-27,0.010068284130496777,0.0891993909322619,2,prelor_vs_lor_task2,standard_fc_plus_confounds
sub-28,0.08651204839911139,0.2771081595780636,2,prelor_vs_lor_task2,standard_fc_plus_confounds
sub-29,0.06410216287412462,0.22167236289770612,2,prelor_vs_lor_task2,standard_fc_plus_confounds
sub-30,0.05822407402803469,0.2335451075300134,2,prelor_vs_lor_task2,standard_fc_plus_confounds
sub-02,0.02207597247172805,0.1237917615472243,2,prelor_vs_lor_task2,gcc_core_plus_confounds
sub-03,0.0043774943018765455,0.06505829049156248,2,prelor_vs_lor_task2,gcc_core_plus_confounds
sub-04,0.006424302100205367,0.0771498370906468,2,prelor_vs_lor_task2,gcc_core_plus_confounds
sub-05,0.05938064673069283,0.2269871523379319,2,prelor_vs_lor_task2,gcc_core_plus_confounds
sub-06,0.038283141812140854,0.18025904577443655,2,prelor_vs_lor_task2,gcc_core_plus_confounds
sub-07,0.008824149330636147,0.0894023579293656,2,prelor_vs_lor_task2,gcc_core_plus_confounds
sub-11,0.05104501076671697,0.22875874621540904,2,prelor_vs_lor_task2,gcc_core_plus_confounds
sub-12,0.011295394184462765,0.11234143451509371,2,prelor_vs_lor_task2,gcc_core_plus_confounds
sub-13,0.002711910427248691,0.05269000032291431,2,prelor_vs_lor_task2,gcc_core_plus_confounds
sub-14,0.15274989455377702,0.40523312080919194,2,prelor_vs_lor_task2,gcc_core_plus_confounds
sub-15,0.313975196970631,0.8041394072412217,2,prelor_vs_lor_task2,gcc_core_plus_confounds
sub-17,0.02344478705512416,0.14816781600805945,2,prelor_vs_lor_task2,gcc_core_plus_confounds
sub-18,0.040140338943950825,0.17084854357609305,2,prelor_vs_lor_task2,gcc_core_plus_confounds
sub-19,0.007411814075465503,0.08983745774549737,2,prelor_vs_lor_task2,gcc_core_plus_confounds
sub-20,0.06275678076851056,0.22064775316033589,2,prelor_vs_lor_task2,gcc_core_plus_confounds
sub-21,0.019800121265927017,0.11959978876161072,2,prelor_vs_lor_task2,gcc_core_plus_confounds
sub-22,0.08360415730703165,0.26650429598772457,2,prelor_vs_lor_task2,gcc_core_plus_confounds
sub-23,0.005032587200742102,0.05891650507767466,2,prelor_vs_lor_task2,gcc_core_plus_confounds
sub-24,0.011096469667956436,0.09791085547770559,2,prelor_vs_lor_task2,gcc_core_plus_confounds
sub-25,0.04965418121795243,0.19115065203316503,2,prelor_vs_lor_task2,gcc_core_plus_confounds
sub-26,0.01101632647687332,0.10638683615552302,2,prelor_vs_lor_task2,gcc_core_plus_confounds
sub-27,0.013743826538957244,0.10454925269237716,2,prelor_vs_lor_task2,gcc_core_plus_confounds
sub-28,0.07177563382879554,0.2424393145334205,2,prelor_vs_lor_task2,gcc_core_plus_confounds
sub-29,0.05462817084765635,0.20068833638574696,2,prelor_vs_lor_task2,gcc_core_plus_confounds
sub-30,0.10741363122693891,0.3269438463507644,2,prelor_vs_lor_task2,gcc_core_plus_confounds
sub-02,0.021075765710997084,0.12008040645335907,2,prelor_vs_lor_task2,gcc_regime_plus_confounds
sub-03,0.006251796066576429,0.08092719128291043,2,prelor_vs_lor_task2,gcc_regime_plus_confounds
sub-04,0.006710448763244628,0.07680606195285503,2,prelor_vs_lor_task2,gcc_regime_plus_confounds
sub-05,0.05466465969981366,0.21707955068476517,2,prelor_vs_lor_task2,gcc_regime_plus_confounds
sub-06,0.03905677993529586,0.18165586183320492,2,prelor_vs_lor_task2,gcc_regime_plus_confounds
sub-07,0.010089736997820705,0.09739808896249755,2,prelor_vs_lor_task2,gcc_regime_plus_confounds
sub-11,0.05624850194948877,0.23170141583060605,2,prelor_vs_lor_task2,gcc_regime_plus_confounds
sub-12,0.011690129196095128,0.11432818598476058,2,prelor_vs_lor_task2,gcc_regime_plus_confounds
sub-13,0.002434661337973384,0.0500178985922241,2,prelor_vs_lor_task2,gcc_regime_plus_confounds
sub-14,0.15032156787925124,0.3999772148171413,2,prelor_vs_lor_task2,gcc_regime_plus_confounds
sub-15,0.3189621270446254,0.8187765261439691,2,prelor_vs_lor_task2,gcc_regime_plus_confounds
sub-17,0.020091684499305082,0.13755777856693668,2,prelor_vs_lor_task2,gcc_regime_plus_confounds
sub-18,0.04310374347449304,0.17766036166607474,2,prelor_vs_lor_task2,gcc_regime_plus_confounds
sub-19,0.008162360443032094,0.09391198745406591,2,prelor_vs_lor_task2,gcc_regime_plus_confounds
sub-20,0.05832308053889847,0.21052311799549697,2,prelor_vs_lor_task2,gcc_regime_plus_confounds
sub-21,0.018396975378549372,0.11539420774916063,2,prelor_vs_lor_task2,gcc_regime_plus_confounds
sub-22,0.08596170699703462,0.2713780647137457,2,prelor_vs_lor_task2,gcc_regime_plus_confounds
sub-23,0.004674611035816149,0.05680226256780518,2,prelor_vs_lor_task2,gcc_regime_plus_confounds
sub-24,0.015638349518523394,0.12095313459000466,2,prelor_vs_lor_task2,gcc_regime_plus_confounds
sub-25,0.05478660988902749,0.2031654333149608,2,prelor_vs_lor_task2,gcc_regime_plus_confounds
sub-26,0.009350530364690308,0.09768853522010777,2,prelor_vs_lor_task2,gcc_regime_plus_confounds
sub-27,0.022049070101952107,0.13679916544600823,2,prelor_vs_lor_task2,gcc_regime_plus_confounds
sub-28,0.0701383971078957,0.23838208143819375,2,prelor_vs_lor_task2,gcc_regime_plus_confounds
sub-29,0.05828276073887116,0.20888025623556933,2,prelor_vs_lor_task2,gcc_regime_plus_confounds
sub-30,0.163438061749852,0.43666416680200804,2,prelor_vs_lor_task2,gcc_regime_plus_confounds
sub-02,0.022491732261276653,0.1241508446579972,2,prelor_vs_lor_task2,full_standard_plus_gcc
sub-03,0.006547677289926451,0.08279267018800703,2,prelor_vs_lor_task2,full_standard_plus_gcc
sub-04,0.007354511664521675,0.08002066568429136,2,prelor_vs_lor_task2,full_standard_plus_gcc
sub-05,0.051275729245407235,0.20912951147254816,2,prelor_vs_lor_task2,full_standard_plus_gcc
sub-06,0.03976092130750077,0.18260708101783657,2,prelor_vs_lor_task2,full_standard_plus_gcc
sub-07,0.00945313467311667,0.09420834688747431,2,prelor_vs_lor_task2,full_standard_plus_gcc
sub-11,0.05983251104790707,0.2434969323884101,2,prelor_vs_lor_task2,full_standard_plus_gcc
sub-12,0.01122789334520262,0.11191971382480881,2,prelor_vs_lor_task2,full_standard_plus_gcc
sub-13,0.002503419125908469,0.05053331866338796,2,prelor_vs_lor_task2,full_standard_plus_gcc
sub-14,0.15542642498843864,0.41016673222884675,2,prelor_vs_lor_task2,full_standard_plus_gcc
sub-15,0.31558909457878465,0.8097716139936129,2,prelor_vs_lor_task2,full_standard_plus_gcc
sub-17,0.02152350405070751,0.14031524800814157,2,prelor_vs_lor_task2,full_standard_plus_gcc
sub-18,0.04508385007739147,0.18205343571907287,2,prelor_vs_lor_task2,full_standard_plus_gcc
sub-19,0.007640839133172697,0.09043693006745118,2,prelor_vs_lor_task2,full_standard_plus_gcc
sub-20,0.05864626983397991,0.2113789417936045,2,prelor_vs_lor_task2,full_standard_plus_gcc
sub-21,0.018513521040662024,0.11544039092585263,2,prelor_vs_lor_task2,full_standard_plus_gcc
sub-22,0.08789725068272797,0.27556437636790204,2,prelor_vs_lor_task2,full_standard_plus_gcc
sub-23,0.00418835546333895,0.05391637545173462,2,prelor_vs_lor_task2,full_standard_plus_gcc
sub-24,0.0148264263221024,0.1169944134394385,2,prelor_vs_lor_task2,full_standard_plus_gcc
sub-25,0.05486384840696626,0.20337110310202183,2,prelor_vs_lor_task2,full_standard_plus_gcc
sub-26,0.009189680153184467,0.09700508982782063,2,prelor_vs_lor_task2,full_standard_plus_gcc
sub-27,0.021987661607680276,0.13732165035461344,2,prelor_vs_lor_task2,full_standard_plus_gcc
sub-28,0.06668954663055675,0.23069771270260275,2,prelor_vs_lor_task2,full_standard_plus_gcc
sub-29,0.05760661921974029,0.20737584247014731,2,prelor_vs_lor_task2,full_standard_plus_gcc
sub-30,0.17791958856185652,0.46581151527257886,2,prelor_vs_lor_task2,full_standard_plus_gcc
sub-02,0.0024101963129391705,0.05007747579859748,2,lor_vs_ror_task3,confounds_motion_propofol
sub-03,0.004958535812534758,0.06802287593538126,2,lor_vs_ror_task3,confounds_motion_propofol
sub-04,0.0078671429042618,0.0795328558172994,2,lor_vs_ror_task3,confounds_motion_propofol
sub-05,0.005381037385087549,0.07270748547631017,2,lor_vs_ror_task3,confounds_motion_propofol
sub-06,0.007534402751004339,0.07970209663918752,2,lor_vs_ror_task3,confounds_motion_propofol
sub-07,0.00946751072412096,0.08306640384931792,2,lor_vs_ror_task3,confounds_motion_propofol
sub-11,0.06311697842710114,0.236545558828769,2,lor_vs_ror_task3,confounds_motion_propofol
sub-12,0.006600045428015374,0.08461000581567127,2,lor_vs_ror_task3,confounds_motion_propofol
sub-13,0.03398503297462219,0.16153777583771348,2,lor_vs_ror_task3,confounds_motion_propofol
sub-15,0.34521526832275273,0.8927776458535565,2,lor_vs_ror_task3,confounds_motion_propofol
sub-16,0.24289832075206816,0.5972086376698124,2,lor_vs_ror_task3,confounds_motion_propofol
sub-17,0.03508794844265304,0.17127538627317165,2,lor_vs_ror_task3,confounds_motion_propofol
sub-19,0.4428638965659163,1.4311510994056715,2,lor_vs_ror_task3,confounds_motion_propofol
sub-20,0.12351476801999473,0.3439448315938739,2,lor_vs_ror_task3,confounds_motion_propofol
sub-21,0.0313581893184259,0.14545062371285875,2,lor_vs_ror_task3,confounds_motion_propofol
sub-23,0.00418876939359961,0.04924548580526622,2,lor_vs_ror_task3,confounds_motion_propofol
sub-26,0.0034906146185602646,0.051830410939796845,2,lor_vs_ror_task3,confounds_motion_propofol
sub-27,0.0033898387242743706,0.05642875685457034,2,lor_vs_ror_task3,confounds_motion_propofol
sub-30,0.11671478555446786,0.3334684454864248,2,lor_vs_ror_task3,confounds_motion_propofol
sub-02,0.002130387955457341,0.046791805193032096,2,lor_vs_ror_task3,standard_fc_plus_confounds
sub-03,0.0014844212157409911,0.03799672090657975,2,lor_vs_ror_task3,standard_fc_plus_confounds
sub-04,0.009551802860925955,0.07779987516108497,2,lor_vs_ror_task3,standard_fc_plus_confounds
sub-05,0.009116847556029324,0.09035971006057872,2,lor_vs_ror_task3,standard_fc_plus_confounds
sub-06,0.01019253020337843,0.10421842939942252,2,lor_vs_ror_task3,standard_fc_plus_confounds
sub-07,0.005575566184536951,0.060319858038919455,2,lor_vs_ror_task3,standard_fc_plus_confounds
sub-11,0.011398201467407398,0.08808563074369534,2,lor_vs_ror_task3,standard_fc_plus_confounds
sub-12,0.007827157328396355,0.08931461125765093,2,lor_vs_ror_task3,standard_fc_plus_confounds
sub-13,0.020153830028650784,0.11960370164443682,2,lor_vs_ror_task3,standard_fc_plus_confounds
sub-15,0.30726066986430434,0.7703891495110414,2,lor_vs_ror_task3,standard_fc_plus_confounds
sub-16,0.19553425695380536,0.4909677507728648,2,lor_vs_ror_task3,standard_fc_plus_confounds
sub-17,0.04989003476177938,0.22092355377315231,2,lor_vs_ror_task3,standard_fc_plus_confounds
sub-19,0.4296034527034527,1.3225250796535026,2,lor_vs_ror_task3,standard_fc_plus_confounds
sub-20,0.10510399457354916,0.30697874683449333,2,lor_vs_ror_task3,standard_fc_plus_confounds
sub-21,0.022513866570265235,0.12051721464238926,2,lor_vs_ror_task3,standard_fc_plus_confounds
sub-23,0.0002133127347441466,0.011324020511553148,2,lor_vs_ror_task3,standard_fc_plus_confounds
sub-26,0.002845462623321557,0.04750268485394912,2,lor_vs_ror_task3,standard_fc_plus_confounds
sub-27,0.07150638966622269,0.25228508066304545,2,lor_vs_ror_task3,standard_fc_plus_confounds
sub-30,0.05726810922021218,0.21093775961009006,2,lor_vs_ror_task3,standard_fc_plus_confounds
sub-02,0.0011798588472751387,0.034451155217637884,2,lor_vs_ror_task3,gcc_core_plus_confounds
sub-03,0.0010115891176344812,0.03191090453502799,2,lor_vs_ror_task3,gcc_core_plus_confounds
sub-04,0.006778492229986576,0.06433877527713554,2,lor_vs_ror_task3,gcc_core_plus_confounds
sub-05,0.008966971687274623,0.09358422092306679,2,lor_vs_ror_task3,gcc_core_plus_confounds
sub-06,0.01019896301350331,0.10291001403854796,2,lor_vs_ror_task3,gcc_core_plus_confounds
sub-07,0.0015044119168529674,0.03179800826249016,2,lor_vs_ror_task3,gcc_core_plus_confounds
sub-11,0.008149189413954917,0.0736342539750526,2,lor_vs_ror_task3,gcc_core_plus_confounds
sub-12,0.003531838162056283,0.05749642426673883,2,lor_vs_ror_task3,gcc_core_plus_confounds
sub-13,0.005591633514341055,0.06260799541912997,2,lor_vs_ror_task3,gcc_core_plus_confounds
sub-15,0.2425022941381791,0.6007734609878544,2,lor_vs_ror_task3,gcc_core_plus_confounds
sub-16,0.16854336812816167,0.4345871381490238,2,lor_vs_ror_task3,gcc_core_plus_confounds
sub-17,0.06753987578122445,0.25960042561454,2,lor_vs_ror_task3,gcc_core_plus_confounds
sub-19,0.42225183459598786,1.265846178770348,2,lor_vs_ror_task3,gcc_core_plus_confounds
sub-20,0.12486303492811246,0.34658062366848924,2,lor_vs_ror_task3,gcc_core_plus_confounds
sub-21,0.03559830088068222,0.15607511206670968,2,lor_vs_ror_task3,gcc_core_plus_confounds
sub-23,2.574261498372909e-05,0.004074219551442343,2,lor_vs_ror_task3,gcc_core_plus_confounds
sub-26,0.0008590790823163598,0.02878135595417171,2,lor_vs_ror_task3,gcc_core_plus_confounds
sub-27,0.06496248852424812,0.24230713526044767,2,lor_vs_ror_task3,gcc_core_plus_confounds
sub-30,0.03775690363159916,0.1738655349937974,2,lor_vs_ror_task3,gcc_core_plus_confounds
sub-02,0.005276043027626074,0.07384862521707841,2,lor_vs_ror_task3,gcc_regime_plus_confounds
sub-03,0.0007994443848437526,0.02839050775447218,2,lor_vs_ror_task3,gcc_regime_plus_confounds
sub-04,0.006093324646826868,0.05972059137794393,2,lor_vs_ror_task3,gcc_regime_plus_confounds
sub-05,0.011106778079082029,0.10543667104924909,2,lor_vs_ror_task3,gcc_regime_plus_confounds
sub-06,0.009394842075156777,0.08676368555751089,2,lor_vs_ror_task3,gcc_regime_plus_confounds
sub-07,0.006268505267138851,0.06227128316837497,2,lor_vs_ror_task3,gcc_regime_plus_confounds
sub-11,0.010256156881605251,0.08203280066023827,2,lor_vs_ror_task3,gcc_regime_plus_confounds
sub-12,0.0025478860729756625,0.046310334806495775,2,lor_vs_ror_task3,gcc_regime_plus_confounds
sub-13,0.009546657590645543,0.07989502592025313,2,lor_vs_ror_task3,gcc_regime_plus_confounds
sub-15,0.1547283864690595,0.40771699647111054,2,lor_vs_ror_task3,gcc_regime_plus_confounds
sub-16,0.2675113101264336,0.6576128181981464,2,lor_vs_ror_task3,gcc_regime_plus_confounds
sub-17,0.06112645476192751,0.2516055461020689,2,lor_vs_ror_task3,gcc_regime_plus_confounds
sub-19,0.4020180131827646,1.144057990971697,2,lor_vs_ror_task3,gcc_regime_plus_confounds
sub-20,0.0549741229531242,0.20177086781148812,2,lor_vs_ror_task3,gcc_regime_plus_confounds
sub-21,0.021161371886679596,0.11551056592052117,2,lor_vs_ror_task3,gcc_regime_plus_confounds
sub-23,0.00010382140741645208,0.007801169177665517,2,lor_vs_ror_task3,gcc_regime_plus_confounds
sub-26,0.0008204722958300532,0.02790450506560082,2,lor_vs_ror_task3,gcc_regime_plus_confounds
sub-27,0.017814614662444172,0.11462348127251916,2,lor_vs_ror_task3,gcc_regime_plus_confounds
sub-30,0.043773080400233734,0.20602256393924098,2,lor_vs_ror_task3,gcc_regime_plus_confounds
sub-02,0.004392459530284418,0.06654412321970736,2,lor_vs_ror_task3,full_standard_plus_gcc
sub-03,0.00060434705456174,0.024216430956357077,2,lor_vs_ror_task3,full_standard_plus_gcc
sub-04,0.00624095919892835,0.060118438743917604,2,lor_vs_ror_task3,full_standard_plus_gcc
sub-05,0.012249319640964864,0.10849100554895864,2,lor_vs_ror_task3,full_standard_plus_gcc
sub-06,0.010947344619628957,0.09598277561037574,2,lor_vs_ror_task3,full_standard_plus_gcc
sub-07,0.00481961278944965,0.05385388736867625,2,lor_vs_ror_task3,full_standard_plus_gcc
sub-11,0.005112309340164956,0.05677202499874705,2,lor_vs_ror_task3,full_standard_plus_gcc
sub-12,0.0033257830157223814,0.050904527888118355,2,lor_vs_ror_task3,full_standard_plus_gcc
sub-13,0.006603378749427137,0.06604976144848139,2,lor_vs_ror_task3,full_standard_plus_gcc
sub-15,0.12694627987951063,0.351760751684562,2,lor_vs_ror_task3,full_standard_plus_gcc
sub-16,0.2565752484992356,0.6301444013540668,2,lor_vs_ror_task3,full_standard_plus_gcc
sub-17,0.06491367521617518,0.26395613381846733,2,lor_vs_ror_task3,full_standard_plus_gcc
sub-19,0.3895919611297161,1.0791228508390103,2,lor_vs_ror_task3,full_standard_plus_gcc
sub-20,0.0411422513348532,0.16935956050364698,2,lor_vs_ror_task3,full_standard_plus_gcc
sub-21,0.018608932306459908,0.10749650813692015,2,lor_vs_ror_task3,full_standard_plus_gcc
sub-23,6.212223176064156e-05,0.006050478559586031,2,lor_vs_ror_task3,full_standard_plus_gcc
sub-26,0.000781110020253367,0.026998613481423937,2,lor_vs_ror_task3,full_standard_plus_gcc
sub-27,0.08025760084554341,0.26440506482178866,2,lor_vs_ror_task3,full_standard_plus_gcc
sub-30,0.034831396749193666,0.1812464411840964,2,lor_vs_ror_task3,full_standard_plus_gcc
sub-02,0.007964497303690594,0.08552233612381277,2,base1_vs_base2_control,confounds_motion_propofol
sub-03,0.10680011040529486,0.33373785422487934,2,base1_vs_base2_control,confounds_motion_propofol
sub-04,0.013217895844466716,0.1023920195951498,2,base1_vs_base2_control,confounds_motion_propofol
sub-05,0.00620352154260991,0.07615757505009847,2,base1_vs_base2_control,confounds_motion_propofol
sub-06,0.0021452405937156614,0.046567441718800076,2,base1_vs_base2_control,confounds_motion_propofol
sub-07,0.006149465841435087,0.0753966372216622,2,base1_vs_base2_control,confounds_motion_propofol
sub-11,0.1819663313492389,0.4871507673142899,2,base1_vs_base2_control,confounds_motion_propofol
sub-12,0.0007559383818858548,0.023193618530115298,2,base1_vs_base2_control,confounds_motion_propofol
sub-13,0.0008912261317332008,0.023700158405035397,2,base1_vs_base2_control,confounds_motion_propofol
sub-14,0.009754264607302514,0.0905076811699312,2,base1_vs_base2_control,confounds_motion_propofol
sub-15,0.030549642917328156,0.15789346097217072,2,base1_vs_base2_control,confounds_motion_propofol
sub-16,0.0008132419896149829,0.020624853565837403,2,base1_vs_base2_control,confounds_motion_propofol
sub-17,0.0008511067259674546,0.027990892468236134,2,base1_vs_base2_control,confounds_motion_propofol
sub-18,0.0006396299653030532,0.018321122642010985,2,base1_vs_base2_control,confounds_motion_propofol
sub-19,0.001169641549859668,0.027851412491116858,2,base1_vs_base2_control,confounds_motion_propofol
sub-20,0.0006945518389436327,0.019007739228984587,2,base1_vs_base2_control,confounds_motion_propofol
sub-21,0.0010705881966444006,0.02430652832203375,2,base1_vs_base2_control,confounds_motion_propofol
sub-22,0.0006524304355224133,0.018458034171609083,2,base1_vs_base2_control,confounds_motion_propofol
sub-23,0.0011022648725114313,0.02433468385894052,2,base1_vs_base2_control,confounds_motion_propofol
sub-24,0.0017390033269525929,0.038055643726341196,2,base1_vs_base2_control,confounds_motion_propofol
sub-25,0.00047805499845719073,0.016004945842461916,2,base1_vs_base2_control,confounds_motion_propofol
sub-26,0.0015583982709827893,0.032810228520787604,2,base1_vs_base2_control,confounds_motion_propofol
sub-27,0.0010110541790064645,0.03110094882682643,2,base1_vs_base2_control,confounds_motion_propofol
sub-28,0.0008026577708538668,0.02187720702562492,2,base1_vs_base2_control,confounds_motion_propofol
sub-30,0.0008326998085745703,0.02448239509399176,2,base1_vs_base2_control,confounds_motion_propofol
sub-02,0.007851849599361553,0.08559147578657712,2,base1_vs_base2_control,standard_fc_plus_confounds
sub-03,0.11721806282567965,0.3584747725207829,2,base1_vs_base2_control,standard_fc_plus_confounds
sub-04,0.018206411632086025,0.11960186229953233,2,base1_vs_base2_control,standard_fc_plus_confounds
sub-05,0.006118874429427056,0.07561844097076022,2,base1_vs_base2_control,standard_fc_plus_confounds
sub-06,0.002727124292432042,0.05205039902297482,2,base1_vs_base2_control,standard_fc_plus_confounds
sub-07,0.006425922319193522,0.07675990223628595,2,base1_vs_base2_control,standard_fc_plus_confounds
sub-11,0.2028547873819345,0.5349674695359591,2,base1_vs_base2_control,standard_fc_plus_confounds
sub-12,0.0007587924720405774,0.023292986994304002,2,base1_vs_base2_control,standard_fc_plus_confounds
sub-13,0.0009349648398603963,0.023771546755669427,2,base1_vs_base2_control,standard_fc_plus_confounds
sub-14,0.01000040074290921,0.09218824678970483,2,base1_vs_base2_control,standard_fc_plus_confounds
sub-15,0.032556249663069615,0.1626390460993867,2,base1_vs_base2_control,standard_fc_plus_confounds
sub-16,0.0007872726746086528,0.020287794603792708,2,base1_vs_base2_control,standard_fc_plus_confounds
sub-17,0.0008195248079003953,0.02755468679378731,2,base1_vs_base2_control,standard_fc_plus_confounds
sub-18,0.0007771567175020588,0.02021635572220403,2,base1_vs_base2_control,standard_fc_plus_confounds
sub-19,0.0013564980753721192,0.029893497105111667,2,base1_vs_base2_control,standard_fc_plus_confounds
sub-20,0.0007649053258894757,0.01996590665878312,2,base1_vs_base2_control,standard_fc_plus_confounds
sub-21,0.0011150488004480488,0.024843712595698255,2,base1_vs_base2_control,standard_fc_plus_confounds
sub-22,0.0006445289997861333,0.018342778317715868,2,base1_vs_base2_control,standard_fc_plus_confounds
sub-23,0.0010759390045008844,0.024045147300383436,2,base1_vs_base2_control,standard_fc_plus_confounds
sub-24,0.0018578761382108953,0.0396769259236793,2,base1_vs_base2_control,standard_fc_plus_confounds
sub-25,0.0005097342669300388,0.016520602262842226,2,base1_vs_base2_control,standard_fc_plus_confounds
sub-26,0.0016560329304312563,0.033794643246322635,2,base1_vs_base2_control,standard_fc_plus_confounds
sub-27,0.0009160419021086608,0.02979082737525545,2,base1_vs_base2_control,standard_fc_plus_confounds
sub-28,0.0007783728265540168,0.021549653049005933,2,base1_vs_base2_control,standard_fc_plus_confounds
sub-30,0.0008257247718381603,0.024489178492195646,2,base1_vs_base2_control,standard_fc_plus_confounds
sub-02,0.007799898510821309,0.08399073556017553,2,base1_vs_base2_control,gcc_core_plus_confounds
sub-03,0.11377564095885392,0.35228342541767227,2,base1_vs_base2_control,gcc_core_plus_confounds
sub-04,0.02020063682553364,0.1265953735317764,2,base1_vs_base2_control,gcc_core_plus_confounds
sub-05,0.005671051283244395,0.07206126020107405,2,base1_vs_base2_control,gcc_core_plus_confounds
sub-06,0.002742606926220299,0.05271948372567882,2,base1_vs_base2_control,gcc_core_plus_confounds
sub-07,0.007134848149442757,0.08169637568105995,2,base1_vs_base2_control,gcc_core_plus_confounds
sub-11,0.19901810904874137,0.5254707836071116,2,base1_vs_base2_control,gcc_core_plus_confounds
sub-12,0.0009450775346641294,0.025686463668924166,2,base1_vs_base2_control,gcc_core_plus_confounds
sub-13,0.0009049795858510987,0.02358904749911122,2,base1_vs_base2_control,gcc_core_plus_confounds
sub-14,0.009996283734205318,0.0915136812426619,2,base1_vs_base2_control,gcc_core_plus_confounds
sub-15,0.0318744421619395,0.1616354492409329,2,base1_vs_base2_control,gcc_core_plus_confounds
sub-16,0.0007884373836024057,0.020305349963219775,2,base1_vs_base2_control,gcc_core_plus_confounds
sub-17,0.0008273006987955363,0.02783365650562089,2,base1_vs_base2_control,gcc_core_plus_confounds
sub-18,0.000700237190010125,0.019163806711874225,2,base1_vs_base2_control,gcc_core_plus_confounds
sub-19,0.001813740809093556,0.03442816961071089,2,base1_vs_base2_control,gcc_core_plus_confounds
sub-20,0.0008184430419660427,0.020666995149416258,2,base1_vs_base2_control,gcc_core_plus_confounds
sub-21,0.0010594651012257373,0.024278047495880323,2,base1_vs_base2_control,gcc_core_plus_confounds
sub-22,0.0005721990783889043,0.017268813106247977,2,base1_vs_base2_control,gcc_core_plus_confounds
sub-23,0.0009839614443193905,0.022986845472312726,2,base1_vs_base2_control,gcc_core_plus_confounds
sub-24,0.002022940837013492,0.04161165175919502,2,base1_vs_base2_control,gcc_core_plus_confounds
sub-25,0.000665687593995287,0.01888702207227002,2,base1_vs_base2_control,gcc_core_plus_confounds
sub-26,0.0017054609485936836,0.03484107362404111,2,base1_vs_base2_control,gcc_core_plus_confounds
sub-27,0.0008572717979542637,0.029081352060278044,2,base1_vs_base2_control,gcc_core_plus_confounds
sub-28,0.0007845505750710982,0.021741115037881675,2,base1_vs_base2_control,gcc_core_plus_confounds
sub-30,0.0008127008647656908,0.02435089422355815,2,base1_vs_base2_control,gcc_core_plus_confounds
sub-02,0.042269778141593516,0.18835905022250365,2,base1_vs_base2_control,gcc_regime_plus_confounds
sub-03,0.04267972121506784,0.19913716972200796,2,base1_vs_base2_control,gcc_regime_plus_confounds
sub-04,0.0031338824713546477,0.053790780253312596,2,base1_vs_base2_control,gcc_regime_plus_confounds
sub-05,0.003772038258528552,0.060052604314569574,2,base1_vs_base2_control,gcc_regime_plus_confounds
sub-06,0.0028705546444469016,0.05419203496030938,2,base1_vs_base2_control,gcc_regime_plus_confounds
sub-07,0.0020257465740298,0.04583993521083892,2,base1_vs_base2_control,gcc_regime_plus_confounds
sub-11,0.2657945452634747,0.6757415165954863,2,base1_vs_base2_control,gcc_regime_plus_confounds
sub-12,0.0010404450696691687,0.028039854562269775,2,base1_vs_base2_control,gcc_regime_plus_confounds
sub-13,0.000888210493118124,0.022086068718680685,2,base1_vs_base2_control,gcc_regime_plus_confounds
sub-14,0.030276827702902402,0.15502631903278133,2,base1_vs_base2_control,gcc_regime_plus_confounds
sub-15,0.029720679570027872,0.15487740063183025,2,base1_vs_base2_control,gcc_regime_plus_confounds
sub-16,0.0007000739849061748,0.01913038629924777,2,base1_vs_base2_control,gcc_regime_plus_confounds
sub-17,0.0008701953753595647,0.02994283292956508,2,base1_vs_base2_control,gcc_regime_plus_confounds
sub-18,0.0007704519065750979,0.02014303019040323,2,base1_vs_base2_control,gcc_regime_plus_confounds
sub-19,0.0009339464909463883,0.023522777137918702,2,base1_vs_base2_control,gcc_regime_plus_confounds
sub-20,0.0007110847731987033,0.019232194033104794,2,base1_vs_base2_control,gcc_regime_plus_confounds
sub-21,0.0009901794707777864,0.023117242273773597,2,base1_vs_base2_control,gcc_regime_plus_confounds
sub-22,0.0004997649801281882,0.01618677489464312,2,base1_vs_base2_control,gcc_regime_plus_confounds
sub-23,0.0010293774248726264,0.023716206731639287,2,base1_vs_base2_control,gcc_regime_plus_confounds
sub-24,0.0017286906933536021,0.038403489095772375,2,base1_vs_base2_control,gcc_regime_plus_confounds
sub-25,0.00042800230543110784,0.01538682208564567,2,base1_vs_base2_control,gcc_regime_plus_confounds
sub-26,0.001338843267032323,0.03027442297736655,2,base1_vs_base2_control,gcc_regime_plus_confounds
sub-27,0.0005117287003227905,0.022694088058517203,2,base1_vs_base2_control,gcc_regime_plus_confounds
sub-28,0.0005738473938103744,0.019682850020671088,2,base1_vs_base2_control,gcc_regime_plus_confounds
sub-30,0.0007331835275659192,0.02404265360269861,2,base1_vs_base2_control,gcc_regime_plus_confounds
sub-02,0.042299897807232104,0.18845006663295685,2,base1_vs_base2_control,full_standard_plus_gcc
sub-03,0.04473272354190251,0.20530007279893284,2,base1_vs_base2_control,full_standard_plus_gcc
sub-04,0.003135665577970795,0.05381351797898437,2,base1_vs_base2_control,full_standard_plus_gcc
sub-05,0.0037745756154591486,0.06010223093965054,2,base1_vs_base2_control,full_standard_plus_gcc
sub-06,0.00292379230290594,0.054685465894353656,2,base1_vs_base2_control,full_standard_plus_gcc
sub-07,0.002019576469340015,0.0457859916808966,2,base1_vs_base2_control,full_standard_plus_gcc
sub-11,0.27278585567249214,0.6946469193888726,2,base1_vs_base2_control,full_standard_plus_gcc
sub-12,0.0010418021887079396,0.028040770328037125,2,base1_vs_base2_control,full_standard_plus_gcc
sub-13,0.0009029345708039554,0.022270407690677285,2,base1_vs_base2_control,full_standard_plus_gcc
sub-14,0.03195290979972743,0.15890530608551784,2,base1_vs_base2_control,full_standard_plus_gcc
sub-15,0.03238411354602178,0.16138234725431921,2,base1_vs_base2_control,full_standard_plus_gcc
sub-16,0.0007204709661738976,0.019410338711016165,2,base1_vs_base2_control,full_standard_plus_gcc
sub-17,0.0008821946299668181,0.03015129136504063,2,base1_vs_base2_control,full_standard_plus_gcc
sub-18,0.0007750391434634284,0.020202900067908536,2,base1_vs_base2_control,full_standard_plus_gcc
sub-19,0.0009300425528929648,0.023468469468429683,2,base1_vs_base2_control,full_standard_plus_gcc
sub-20,0.0007121061616963246,0.019246213758678826,2,base1_vs_base2_control,full_standard_plus_gcc
sub-21,0.000992741405968382,0.023142598922796246,2,base1_vs_base2_control,full_standard_plus_gcc
sub-22,0.0005014335150212355,0.016214677260991316,2,base1_vs_base2_control,full_standard_plus_gcc
sub-23,0.0010779560667280377,0.024260689296776564,2,base1_vs_base2_control,full_standard_plus_gcc
sub-24,0.0017419909724209282,0.038533640435500165,2,base1_vs_base2_control,full_standard_plus_gcc
sub-25,0.0004260426706978614,0.01534943179610461,2,base1_vs_base2_control,full_standard_plus_gcc
sub-26,0.00133677010521999,0.03025104125960409,2,base1_vs_base2_control,full_standard_plus_gcc
sub-27,0.0005262531730679748,0.023037534923046533,2,base1_vs_base2_control,full_standard_plus_gcc
sub-28,0.0005863628677485099,0.019864400792234692,2,base1_vs_base2_control,full_standard_plus_gcc
sub-30,0.0007384246259360561,0.02407394814138858,2,base1_vs_base2_control,full_standard_plus_gcc
