replicate,cross_d_recovery_late_minus_chronic,longitudinal_mean_delta
0,1.0951835771100322,0.012648891245825546
1,-0.703798828221024,0.07484995051614803
2,0.41289292909279574,0.027051869730510377
3,1.0102575999199594,-0.11602298514265352
4,-0.5304817187832848,0.034868657578179536
5,0.5283616958307202,0.06321851335734308
6,-1.0648034559864732,-0.19073974335980085
7,-1.0024283560750307,-0.07584614044969416
8,0.8449144416800186,-0.08516662337610291
9,0.008326467857778092,0.01652975076016176
10,-0.15125331105251053,0.008914025421189655
11,0.028163029909713946,0.13424478576052934
12,0.7559522906223537,-0.034489518225234
13,-0.5084004494155022,-0.013025347936760499
14,1.3989383860960356,0.08486230399015499
15,0.10058490356224557,0.021321175206038673
16,-0.056034386554177036,-0.11163111009658747
17,0.8499304333175519,0.03473875629155103
18,0.5353350762701208,0.049364371233861205
19,0.21914478489936148,0.024255062511656433
20,-0.23080755030841804,-0.13932077833494447
21,-0.34360441600473546,0.010196700223281781
22,0.6740490045674389,-0.0319162738742307
23,-0.3929659638634415,0.043838102133358224
24,0.08801576935814141,-0.00020031564377453705
25,0.11782775536432848,-0.01352514652966488
26,0.170294897814125,-0.02567700629178607
27,-0.058819558517136786,0.16764183651119108
28,0.5592628815423668,-0.015596243449383318
29,0.4693342033443528,-0.014970344200264659
30,0.5890984450120272,-0.06324329378333426
31,0.4736978943342038,0.14668757373389477
32,-0.42190551358035167,0.039297549872167596
33,2.0514549265279487,0.04842149011825245
34,0.2948310156204278,0.057859671496165305
35,-0.7034763425266181,0.06531436539134357
36,0.23738881182699084,-0.042706972142224436
37,0.8127638505218443,-0.012260011224835011
38,-0.4130785204436857,-0.09787796948027487
39,-0.06901322068857592,-0.06463262494017491
40,0.7202379973787496,0.03932118009672398
41,-0.8385573608853187,0.06726135641737427
42,0.1608245947161532,-0.07325893438300463
43,1.8945031882409065,0.01701596110015762
44,-0.026170148711165225,0.006870783238102575
45,0.21609285803437953,0.07450136646932354
46,0.5902036761496848,-0.004581121417922317
47,0.15435579819202827,0.09126427071707978
48,-0.5359246602486775,0.10519557097749957
49,-0.1995337709134595,0.09236130087433764
50,0.08898908443156651,-0.07181354882669877
51,0.02799524299771078,0.22733694926999443
52,-0.1287209363367191,0.009412428757867837
53,-0.9405225723435244,0.010409879649092478
54,-0.3538018404046502,-0.039569614351623615
55,-0.4307794768318211,-0.05980718995043491
56,-1.1212563032080891,0.004573240071261321
57,0.6695018076974502,0.07334115194411156
58,-0.5370723388684583,-0.10850667632277894
59,0.2764329847186313,-0.06665848440240585
60,0.6021216117387843,-0.07221423503762235
61,0.5443079527552901,-0.07071925796076863
62,0.08230036650901858,0.022215679447442585
63,-0.17153959791105516,0.05831166382348682
64,0.2608117049348921,0.12514138744855127
65,0.4688270431124065,-0.01750686925758296
66,0.2028081880361812,0.029161421919020034
67,0.445108598521038,-0.03458805422242555
68,0.5956179039335914,0.0699686357984319
69,-0.6656009231118183,-0.03236193978012091
70,-1.2102252532464814,0.022247855166723545
71,-0.2734688307075213,0.18749679519398207
72,-0.015322107637860153,-0.030804201824745785
73,0.31380789249907065,-0.06484819190141194
74,0.04958537788783729,-0.014915311034268667
75,-0.29286291323251895,0.1304123686018607
76,-0.07537046348041397,0.025555391455984337
77,0.13894986984584104,-0.04220862649553629
78,0.5917555758074149,0.013685553205841984
79,-0.44590816728315097,-0.08832941049843576
80,-0.23859686241247893,-0.01775819529710267
81,-0.13822288179367487,0.04842712705269353
82,1.1175721431764987,-0.007309032452111643
83,0.35577364214820595,0.19230451774610963
84,0.020948736507402293,-0.057811924873493375
85,-0.44247666547520587,-0.012587505729041179
86,-0.5306334396958269,0.07977049483398096
87,-0.44063009882177107,-0.051632344576150735
88,0.26606853784757817,0.11624580764651503
89,0.48279010921728094,0.008796479678022946
90,0.013291314175573311,-0.08796361189025591
91,-1.6602797382093273,-0.0544179033448152
92,-0.7856789286492081,-0.013953702386330683
93,-0.6477912107123692,0.0849531315465423
94,-0.593746764327489,0.008627483529616509
95,0.16804260016296924,0.04604354137296063
96,0.09499035196368569,0.020146381477793025
97,-0.3998601995755158,0.03725990147709294
98,-0.20184545254914174,0.07595718236364149
99,0.692318692440801,-0.11718140533237063
100,-1.2971588311069318,0.07034978764002316
101,-0.45252700393571754,-0.0006826923453007604
102,0.5096558943633985,0.023376762080496757
103,0.7493083778510018,-0.050644395164757355
104,-0.5936811391032643,0.04902322607597817
105,0.4964685686547835,-0.027914656132149225
106,-0.8360740301590237,0.07704304324714165
107,0.04066142939444048,-0.05555439761331029
108,0.5540060403626974,0.017975046514981854
109,-0.10615397335125655,-0.034835080901420616
110,-0.6878911726197323,-0.09194154634692327
111,-0.36239367521480165,-0.05464830753152017
112,0.9785709763490504,-0.09462705126066728
113,-0.3565397080404541,0.011586504552892774
114,0.5690311567015798,-0.1038717446434829
115,0.0619865214640697,0.11898563958540626
116,0.9372961876455532,-0.02022241390120516
117,0.5981137602394785,0.1300433835389817
118,0.020069500016485803,-0.014239234929576643
119,-0.20409102540435428,-0.03631308929632523
120,0.44828393452865267,0.025942861876467733
121,0.3460360765736953,-0.0018322212280408128
122,1.433521476743895,0.09729145978430839
123,-0.7303910086873928,-0.0464126398469994
124,0.7603821301452774,-0.0317093772690795
125,0.22187017799779427,0.1038797619511132
126,1.0240016428961678,0.00035616211675074425
127,0.6147638809122056,-0.09450526440222921
128,0.17318280988436477,-0.02898315923232951
129,0.5790364569941432,-0.055089928509443296
130,0.49196137682279045,-0.07741424181774535
131,-0.32358294354303785,0.08430131560534292
132,0.32560037307544737,0.024144177931938668
133,0.3348660633152542,0.0183911843212425
134,-0.6506403436315673,0.050116775809632
135,-0.43765511877827207,0.06267230417816555
136,0.7595975187154372,0.05604590540396101
137,1.5112291029963145,0.0556674695388345
138,0.5883048209202686,-0.045328464527200484
139,0.8292730671524988,0.0408314665891575
140,-0.8363973659039606,-0.007015944317336792
141,0.7326007636652181,0.08512287406268082
142,-0.18111219007703272,-0.02573858466995362
143,-0.16020835708902958,-0.08053072809707375
144,0.052876987205258866,0.14283874974137653
145,-0.10625471290202752,0.1196479694680656
146,-0.03401732901683759,0.11922093777684495
147,0.1291372044250237,0.13474679422668284
148,0.20362818985566697,-0.025183057034694336
149,-0.027458459964216784,0.08597747204583826
150,-0.2999079277719131,0.12313766755040786
151,-0.02506555663401944,-0.0207151414026696
152,0.24918638000196,-0.1266287908009771
153,0.44648007442596505,-0.10407919562675051
154,0.01270509762405966,0.018959277438827686
155,0.6322278364342108,-0.007755617476370251
156,1.7798551532339428,0.04540959963600875
157,0.1611786478773027,0.04354299456786573
158,0.27191473857902065,-0.03232744639670408
159,-0.9856753602127551,0.10263141143756609
160,0.17032022553040047,0.019692279680856257
161,0.4670581222783683,-0.011754206280413721
162,0.7323878755151757,-0.08813079173301554
163,-0.3672727993418524,0.011582762569998049
164,0.5960154480039108,0.038419066438951564
165,0.9783623306717529,-0.0020832488878147204
166,0.8936869047178871,-0.04652822121796715
167,0.33336685729382365,0.1343036721357041
168,0.46485616733325047,0.02650534729333163
169,-0.7797623194843457,0.12834250409772113
170,-0.35931179299938626,-0.021853054530597375
171,-0.2796534339884509,-0.15688833230066207
172,0.11132780510192004,-0.022629803057363323
173,-0.8130140668879983,-0.07163904767259265
174,0.6879320449123423,-0.042871608201056476
175,-1.3636031134143924,0.0855689114283046
176,0.03677955759181814,0.03181782207037837
177,-0.028141220620100847,-0.009105334250273649
178,1.5589868134574913,-0.02977653798168628
179,0.3415817619293677,-0.003133799304056014
180,-0.5748571004833056,0.05081793682485886
181,1.0109205825332779,0.010296221003281297
182,0.4489117655027412,0.03016380288883941
183,-0.09753622538999263,-0.0602237157204568
184,0.05062514851710638,-0.005300247593334427
185,-0.715550859758976,-0.12602549163609555
186,0.33529616324262684,0.1037654849071125
187,0.4636516747211381,-0.03942723523532212
188,1.066942449454657,-0.0631353032335432
189,-0.6850586040164607,0.117943480804873
190,0.6453125985464778,0.08520101581625232
191,0.08233161944889458,0.004571825071589369
192,0.06738527061550259,-0.026570370090970144
193,0.30020825911790594,0.060152257059127315
194,0.3074709055380514,-0.023394803475605817
195,0.38119295173649154,-0.08345513193139427
196,-0.15139273551107732,-0.020871914798152386
197,0.6026020463030206,0.057780178052511205
198,-0.06250948608466907,-0.029259238190004717
199,-0.43295761212609984,0.02293285757251497
200,-0.03587398156757602,0.02928576086156276
201,-0.7103323472668736,-0.017502931834853908
202,0.07233811257577921,0.12560158768341084
203,0.3872584945173201,-0.034973818608300955
204,-0.44779473009755394,0.01595756837546272
205,-0.5446435006650858,0.008731718935585525
206,1.1411631982908086,0.03191536228728687
207,0.07551756586025027,-0.053767605664217163
208,0.7327491289699581,-0.05579420870398515
209,0.7195154628175331,0.034937021426028676
210,0.2118940524481238,0.03480339115399316
211,0.530232556138095,0.032787272937302644
212,-0.03985256596662185,0.07867922481252915
213,-0.039100183518708684,0.02186041966315651
214,-0.24712099847157198,0.16009336428369686
215,-1.2318961513489979,-0.008025844973787956
216,0.27585659637685583,0.00016943544782139282
217,-0.9729162820157244,0.09534332362953274
218,-0.3558656337385412,0.08168202564896394
219,-0.8422999061766018,0.028039256811435154
220,-1.5928683896785745,-0.07112027872817298
221,-0.2633166460148094,-0.0595651458004593
222,-1.2619366467391968,-0.02876566935285358
223,-0.23957173263221923,0.09956023049825387
224,-0.12850198389362083,0.03301944130928152
225,0.7334711731384509,0.1761491162555844
226,0.229504416142731,-0.02620611705895971
227,-0.06837296960733694,-0.07292973442101222
228,0.38154469394287155,-0.01745855573379365
229,0.43212179806837586,-0.04985184421874928
230,0.29807806055632674,0.07436991835883992
231,-0.6935982369836771,0.08000717439292065
232,0.6483373683274603,0.16146996234979105
233,0.6530352223904518,0.0033014143776165764
234,0.9286973228884865,-0.019952072710212727
235,0.3087801482096523,-0.030732673976604865
236,-1.603093742715259,0.002932713048250182
237,-0.7892451434405092,0.09686838273935588
238,-0.888053800843524,-0.1362119934487122
239,-0.2134117529903338,0.03558187527610076
240,-1.0382953757606646,-0.009098278503019926
241,0.1167359894053655,-0.014439032917531831
242,-0.5831529438174812,0.03875902213055977
243,0.8157449673155001,-0.02010846293005336
244,-0.3402519230467874,-0.10760538925549351
245,-0.2855825366689491,-0.0022584495880572037
246,0.729474077806161,0.026200022121311457
247,0.20479175754251927,0.05813833495119103
248,0.35175041335693513,0.0925775938236189
249,-0.6121608535152944,-0.10883594334343258
250,-0.0150454622294575,-0.01032965574672238
251,0.2509206783501303,-0.06293665046191393
252,-0.8033644236861294,-0.032137568249371244
253,1.512211824120029,0.17157363598434366
254,0.06111797850053765,-0.09580305019497043
255,-0.4247924972639725,0.0846980770735105
256,-0.7947122282915862,0.10732225275650206
257,-1.7306135212140081,0.06454694599098593
258,-0.8879584554011848,-0.08905797034956911
259,0.15583387500511742,-0.04609473088984724
260,0.03329265147022664,0.05455407842829893
261,-1.2964726787433438,0.04198706141808847
262,0.7098056165722605,-0.08300632740806409
263,-0.17375552230027658,0.0025808767531998534
264,0.3664367902553786,0.02067842804158486
265,0.3783458351670236,-0.05186735381398143
266,0.4062563972443162,0.03006814580725473
267,0.48258803037290243,-0.11951783291253916
268,0.07852565625099621,0.113703632960096
269,0.5061904136304756,0.05735828955032588
270,-0.3099097551764448,-0.10785889057566508
271,0.761809751857056,0.06905636478094729
272,0.6757830093578198,0.05645233610401328
273,0.41484647696997123,0.05015830548493089
274,-0.037658262250600566,0.025562392230818257
275,-0.25616096022253915,0.17017453654544726
276,-0.38733355449401297,0.08291280785730731
277,0.5714900386265994,0.042966412539869804
278,1.0103833516326932,0.18502076667640793
279,0.1113925200317485,-0.01677692156442423
280,0.5043170843712899,-0.043401006374214936
281,0.09959554659594512,-0.045203107684048706
282,0.5087582515374817,0.000540313933958752
283,-0.10233826921720629,-0.08641728170698994
284,0.16702468254968914,-0.2446594928368103
285,0.05918229810163069,0.10476553455171395
286,-0.48704566252859555,-0.0955957841005228
287,-0.3439802030142889,0.027118970212069562
288,0.7352152910052041,0.10864726428796226
289,-0.14480352512165143,0.08689118478159125
290,0.9975297183797732,0.06696564611909844
291,0.3911534030368002,-0.0417466288927244
292,0.37895548655529554,-0.09987978271803716
293,1.1333376644610804,0.015085133570311077
294,-0.25089225124290526,0.06756960612848936
295,0.05592741119409554,0.03946994446407729
296,0.0425834372606492,0.14016947836393634
297,0.010313535244640541,0.04291418061836372
298,0.2394571583253026,0.022067843459943236
299,0.6087090649628575,0.005421481948966769
300,0.06880187046119397,-0.14281317795070614
301,-1.068146217977717,-0.06286245673308494
302,0.5647094605036036,0.06015559248583115
303,0.17217259515243555,-0.03307511776155379
304,0.5566441466102542,-0.03306292050897522
305,0.6679793522727929,0.08835064675831408
306,0.005152550284733177,0.06476711244236127
307,0.49688616173509526,0.05370813411557012
308,1.422007119163642,0.028437769723866413
309,-0.49688937228363794,0.056501672495397975
310,-1.041059715489442,0.030324652505374552
311,0.16117246054118275,0.12335919279333514
312,-1.6373186213539297,0.04728185326611208
313,0.2836712755442217,-0.10441956149534908
314,0.26983879027869745,0.00308657407893203
315,0.6788529767951651,0.040249726908600486
316,1.0796647336035408,0.007902545824267517
317,-0.27049236425133516,0.08239763946362975
318,0.2615138222177956,-0.07789256840219928
319,-0.8516411657895755,-0.04441958205737779
320,-0.08462154594408924,0.04839479280269222
321,0.49400046579717943,0.020534343308234504
322,1.2834338730489596,0.05369413789271173
323,-0.3452217907333221,-0.009683912479818821
324,0.29416348897424804,0.014762076487251617
325,0.5703025092028521,-0.06654414385815875
326,0.5101711986535263,0.011908889804207918
327,0.3077355108242271,0.021932933867598578
328,0.04317977562555466,-0.04333267012056981
329,0.28435225767299754,0.03453034735866821
330,0.860950106797986,-0.005936282247097968
331,-0.1220532027031598,-0.0798143160015267
332,0.14800173451059065,0.036727321498026995
333,0.08749205503418701,-0.13011772971798632
334,0.04803395342868934,-0.05754877416432093
335,0.11947914970358113,0.020199926212188555
336,0.9791520285850912,-0.037955314794089645
337,-0.031149660590373992,0.07546321471885742
338,-0.16703382077364862,-0.04852134917638507
339,-0.3028094632844147,-0.05647272171012848
340,0.6279340920012805,-0.05840812591163233
341,-0.8360518105524241,0.10154800133184633
342,0.1918571538151168,-0.00877850518278407
343,-0.22326218867212588,0.0687670460169169
344,0.8442981507613072,-0.15301741238498062
345,0.22671876493666454,-0.032947149648356995
346,0.305407972469994,0.017795848367515847
347,0.44334253300000015,0.0363213964263667
348,0.4844830087022273,-0.030986105954205534
349,-0.2677702367054599,0.01921449905300203
350,1.0412973712415323,0.07774850336136296
351,0.23120859609118993,0.060744895190711946
352,0.08662449096267583,-0.014717727356279884
353,0.3625937734608495,0.10538077299457252
354,0.07394867819195988,0.017741230486771443
355,-0.16182643186808982,-0.06174061169858087
356,0.9561273929140363,0.0027628369722084
357,0.8844275917866085,-0.09697182667312315
358,0.13231557024544688,-0.03281925328364768
359,-0.4271026646451224,0.016300315545339363
360,-0.07137631057014199,0.022925104054458485
361,0.4569662560115847,-0.10334484193353329
362,-0.046814551457189345,0.08994074308268157
363,-0.1999492798959966,-0.14120870179289746
364,0.4033484165304001,-0.021163963163012847
365,0.20203483551813542,0.02743262998087126
366,-0.7448935939909286,-0.05369588832251932
367,0.28599627821879015,0.09148967403194146
368,0.1256785298926222,0.0544749295653741
369,0.28213412698821305,0.15697876988108167
370,1.1352819965397367,0.0343325150164741
371,-0.5568131268482165,-0.03502806429363167
372,-0.8136200339586886,-0.04450849859427694
373,-0.08703929655242529,0.05041883822694353
374,-0.182010261404339,-0.04997210388278796
375,-0.46370844124475635,-0.013937869401329565
376,-0.35361120382371064,-0.0981660589114418
377,-0.5426096466114742,0.07067429775337654
378,-0.5652995948143602,0.03827182725244374
379,1.475904399739645,0.002818819541803183
380,-0.8971780277856024,0.08621704340718375
381,1.0547607057923105,-0.00021181520962812567
382,-1.264159143306065,-0.05780175746379731
383,-0.6019606206562029,0.003936757373459677
384,-0.6935326092074177,-0.0015242053519210084
385,0.17730090157714107,-0.04747931927300266
386,0.44550568462672124,0.073728530523281
387,-0.08965823260485438,0.06675863226539352
388,-0.3458434115701668,0.011738992835658055
389,-0.04796779761466813,0.020453121984179166
390,-0.419714896922923,0.00702382433141961
391,-0.5402896067804289,-0.13146086204128718
392,-0.5125576776718983,0.10746127455624649
393,-0.2309391843531834,-0.06374477637345316
394,-0.46380907608630534,-0.027510391685441227
395,-0.5813102742922239,-0.10285492765251547
396,0.2581762592164939,0.06524644351641957
397,-0.35118364999928414,-0.012545027735608609
398,0.5650394513924023,-0.0993752367212437
399,-0.051601663993838566,-0.07801842231613897
400,-0.04691164075175671,0.010124414525408711
401,0.1160908563271947,0.043261808211456004
402,-0.39443252598080264,0.07105873195016305
403,-1.1052528385069493,-0.03670591476839037
404,-0.30017895668566796,-0.1145954591090601
405,0.2308679466807636,0.10128888820057641
406,0.7830202149035893,-0.07279001012729067
407,-0.376478339752575,0.011036990306348797
408,-0.14374093324250106,-0.049198890669719754
409,0.4470295613734737,-0.047776121461167914
410,0.14736825177397272,0.03250593439184335
411,0.7380523490915079,0.045918930664710284
412,0.06301279171377121,-0.028157547033818748
413,0.09645929603154264,-0.028850348835004765
414,0.3989895707326066,-0.08186256349155749
415,-0.4777157037788385,0.03033526112860137
416,0.4224180590934977,-0.03500126585519561
417,-1.162410244382113,-0.010229436086201872
418,-0.8353771812373564,0.13497761729673516
419,-0.4123294312904963,-0.009679896559208402
420,0.04490673219576583,0.005722557974944787
421,0.8784887343490502,-0.15083146739656245
422,-0.12454784618453943,-0.05019124910662262
423,-0.30297876270063795,-0.04127469119784009
424,-0.8414686531164377,-0.01936994759361606
425,-0.48774696816805385,0.03970204430542825
426,-0.31718830028517875,-0.04690636693245593
427,0.62611970027388,-0.032807790509347505
428,2.9571378310735694,0.08060773188265521
429,0.09424359046072109,0.08509547511992559
430,0.276240917913824,-0.01982206367797012
431,-0.052624465360068574,0.04745550282489232
432,0.2657430904533058,0.18943105813081343
433,-0.005477715996945837,-0.1317105220697596
434,-0.8120580240084677,0.008638272942873837
435,-0.177750057070515,-0.03811263101373766
436,0.7324066096203611,-0.0031550457685996266
437,0.7719246199180745,0.04990824004117814
438,1.8962599963461704,0.08978598016202104
439,-0.6551195429001474,0.1161398879428614
440,0.15447685823870128,0.029790615450582234
441,0.114064711545763,0.0490782713232976
442,0.2332524455200795,0.018740046444926772
443,0.7448729802168622,0.09536772354557696
444,0.07860955821673292,-0.040573506549224946
445,0.7270373753240389,0.03587845219105172
446,0.7471215323839026,0.16536680924279304
447,-0.3343039592227609,-0.05443417210200871
448,-0.4913915216553748,-0.026088516946873384
449,-0.00910230015174786,-0.0819128810971624
450,0.6103545367929659,0.008747837734753603
451,-1.0911037364873086,-0.02949678051014411
452,-0.10870363932658768,0.09080043179104298
453,0.35078248052028843,0.09940642194770692
454,0.36339014080819904,0.007516846677322908
455,0.41514250300639904,0.04169979180840999
456,-0.5641863971285787,0.03348003680002876
457,-0.07399670541394826,-0.023192189447366174
458,0.34150318712365724,0.059850763712785464
459,0.38208333888459606,0.02165556998268047
460,0.12940141876079844,-0.041854211743662335
461,-0.559812877303745,-0.043485325603763114
462,0.2982082828895471,0.031624805593444896
463,-0.5868439064402456,0.06728339536089656
464,-0.058695352597441026,-0.044686182494775434
465,0.06290773823089209,0.08354542220951298
466,0.4306956739333143,0.03131955967681413
467,0.7178645553342579,0.08373976253723309
468,-0.3796153496350673,-0.052351945112200655
469,-0.01176368751007289,0.019298462045197903
470,-0.003553076648910564,-0.044221038341304475
471,0.7337709419374359,0.05582321978700175
472,-0.046325169980677885,-0.05556005711238226
473,-1.1412515705847552,-0.011323680090653286
474,-0.9693750360098199,0.029578075959795596
475,0.345971376882402,-0.05814417370452751
476,0.8590279308018335,0.08166410499123031
477,-0.1712700090244993,0.07261113432253262
478,0.291072673911861,0.059602848538714955
479,0.5211744303379932,-0.05250497064615183
480,0.5368667743028834,-0.02217908365950011
481,-1.054325608789838,-0.006773452523500765
482,-0.6299377523779006,-0.011045322059308773
483,-1.528025031180415,-0.11995009794676055
484,0.8162417845412324,0.0013423682863099768
485,0.6778787545724148,0.0187774308616537
486,0.5985840579161791,0.06285711946475205
487,-0.7382028681064086,0.03843754469697294
488,-0.060718909417241326,0.11653089283909475
489,-0.7362236038693365,-0.025975780928867473
490,-0.3560507201245548,-0.02568132988722449
491,-0.23923717705358907,-0.08150458173972935
492,-0.10950259814286538,-0.03664190665478129
493,0.08478125291440447,0.15590524064841532
494,0.16873097006736418,-0.06648507398548881
495,0.5545373141395991,0.056342964220136675
496,1.0118308238553648,-0.0031837848272752434
497,0.3835178665458621,0.00033907672226447957
498,-1.0019680753433395,0.02204159094684723
499,-0.5976577706932832,0.11790127065291421
