variant_id,variant_label,graph_type,control_id,strength_rel_error_mean,strength_rel_error_median,strength_rel_error_max,n_nodes,n_edges,backbone_nodes,backbone_fraction,alpha_S_max,external_mass_mean,internal_mass_mean,internal_minus_external_mean,raw_backbone_internal_weight,raw_backbone_external_weight,raw_backbone_internal_fraction_of_incident,raw_backbone_internal_fraction_of_total,requested_swaps,completed_swaps,attempts
brc_v3_1m_fibercount_conf50,1m FC 50%,real,-1,0.0,0.0,0.0,912,7091,91,0.09978070175438597,0.9737217937732073,0.4118621278058479,0.5881378721941521,0.17627574438830418,104567.5,116825.0,0.6415971284820223,0.3450867605224772,,,
brc_v3_1m_fibercount_conf50,1m FC 50%,degree_preserving,0,1.3178918974838065,0.5435487948761166,129.16666666666666,912,7091,91,0.09978070175438597,0.9325842696629215,0.6869649148452531,0.3130350851547469,-0.37392982969050625,31588.5,115297.5,0.35398334215812344,0.1042462823990654,85092.0,85092.0,96323.0
brc_v3_1m_fibercount_conf50,1m FC 50%,degree_preserving,1,1.351348814443222,0.5395110878295792,45.025,912,7091,91,0.09978070175438597,0.9809972636059594,0.7389506930047934,0.2610493069952066,-0.47790138600958676,20265.5,131369.0,0.235782431646306,0.06687886528193045,85092.0,85092.0,96551.0
brc_v3_1m_fibercount_conf50,1m FC 50%,degree_preserving,2,1.3105894019469573,0.5454109021079736,39.723350253807105,912,7091,91,0.09978070175438597,0.9907439661607363,0.7090045355086225,0.29099546449137753,-0.418009071017245,24629.0,123587.5,0.2849828314882366,0.08127899992739705,85092.0,85092.0,96584.0
brc_v3_1m_fibercount_conf50,1m FC 50%,degree_preserving,3,1.1471971759447224,0.5550442204853969,22.480654761904763,912,7091,91,0.09978070175438597,0.9466584917228694,0.7660109542551756,0.23398904574482435,-0.5320219085103512,17068.0,133371.5,0.20378789009447337,0.05632668686348666,85092.0,85092.0,96642.0
brc_v3_1m_fibercount_conf50,1m FC 50%,degree_preserving,4,1.5783660112043414,0.5588313593714873,172.6,912,7091,91,0.09978070175438597,0.9759635308744302,0.7555745279733522,0.2444254720266477,-0.5111490559467046,19566.0,133189.0,0.22708781866400496,0.0645704215591153,85092.0,85092.0,96448.0
brc_v3_1m_fibercount_conf50,1m FC 50%,degree_preserving,5,1.318751855962047,0.5618765753714003,83.74242424242425,912,7091,91,0.09978070175438597,0.9717117988394584,0.7673901395519854,0.23260986044801454,-0.5347802791039707,17235.0,129483.5,0.21024253828067105,0.056877809239055103,85092.0,85092.0,96446.0
brc_v3_1m_fibercount_conf50,1m FC 50%,degree_preserving,6,1.2550687450028566,0.5446357549998466,65.875,912,7091,91,0.09978070175438597,0.9473464270789802,0.7136518059566299,0.2863481940433701,-0.42730361191325983,25726.0,130120.5,0.28336890222913713,0.08489924690942452,85092.0,85092.0,96647.0
brc_v3_1m_fibercount_conf50,1m FC 50%,degree_preserving,7,1.43747938553654,0.5610147077796414,62.666666666666664,912,7091,91,0.09978070175438597,0.9460811561978876,0.7293864745467884,0.2706135254532116,-0.4587729490935768,21999.0,114771.5,0.27711871612620814,0.07259964754569036,85092.0,85092.0,96601.0
brc_v3_1m_fibercount_conf50,1m FC 50%,degree_preserving,8,1.3093599291332039,0.5438693670301771,59.42857142857143,912,7091,91,0.09978070175438597,1.0,0.7204360489335707,0.2795639510664293,-0.44087209786714154,23805.5,120669.5,0.2829264234418129,0.07856133959038737,85092.0,85092.0,96691.0
brc_v3_1m_fibercount_conf50,1m FC 50%,degree_preserving,9,1.2691118960454075,0.5436110499669822,32.18181818181818,912,7091,91,0.09978070175438597,0.9668378740509157,0.7354887861678518,0.2645112138321481,-0.47097757233570375,20314.0,126950.5,0.2424416019954827,0.06703892178022428,85092.0,85092.0,96505.0
brc_v3_1m_fibercount_conf50,1m FC 50%,degree_preserving,10,1.2813250945948702,0.5342723004694836,55.34,912,7091,91,0.09978070175438597,0.9685925231454353,0.7200187111565777,0.2799812888434225,-0.44003742231315507,23603.5,125249.5,0.27373279638633513,0.07789471252532852,85092.0,85092.0,96498.0
brc_v3_1m_fibercount_conf50,1m FC 50%,degree_preserving,11,1.4311594286160128,0.5626086956521739,53.875,912,7091,91,0.09978070175438597,0.9785690735245633,0.7372056869737807,0.26279431302621914,-0.4744113739475618,20730.0,122129.5,0.2534392488515461,0.06841177751816724,85092.0,85092.0,96678.0
brc_v3_1m_fibercount_conf50,1m FC 50%,degree_strength_preserving,0,2.213189273163635e-17,0.0,3.383536836952858e-16,912,7091,91,0.09978070175438597,0.7723795374392427,0.434784455765293,0.5652155442347069,0.1304310884694139,87517.40974074099,150925.18051851803,0.5369825116010614,0.2888191782030803,85092.0,85092.0,96308.0
brc_v3_1m_fibercount_conf50,1m FC 50%,degree_strength_preserving,1,1.9258684721764334e-17,0.0,4.817238886509154e-16,912,7091,91,0.09978070175438597,0.8678520235162298,0.42497028472279247,0.5750297152772075,0.15005943055441495,89358.1967230626,147243.6065538748,0.548277069107023,0.29489402188339503,85092.0,85092.0,96463.0
brc_v3_1m_fibercount_conf50,1m FC 50%,degree_strength_preserving,2,1.6110741081402105e-17,0.0,3.106197751956722e-16,912,7091,91,0.09978070175438597,0.8263031265121681,0.43981000435545076,0.5601899956445492,0.1203799912890985,89057.19862344561,147845.60275310877,0.5464302283927207,0.2939006878252962,85092.0,85092.0,96550.0
brc_v3_1m_fibercount_conf50,1m FC 50%,degree_strength_preserving,3,1.5098471493701686e-17,0.0,3.2297397080004555e-16,912,7091,91,0.09978070175438597,0.9509232499512579,0.4609708801108523,0.5390291198891476,0.07805823977829539,88165.22851999223,149629.54296001553,0.5409573476499707,0.2909570669728935,85092.0,85092.0,96633.0
brc_v3_1m_fibercount_conf50,1m FC 50%,degree_strength_preserving,4,1.3613443694960386e-17,0.0,3.3486550138914883e-16,912,7091,91,0.09978070175438597,0.9292371049261908,0.43624969520176826,0.5637503047982317,0.1275006095964634,92174.08999356488,141611.82001287024,0.5655546078878689,0.30418684696475085,85092.0,85092.0,96536.0
brc_v3_1m_fibercount_conf50,1m FC 50%,degree_strength_preserving,5,2.0427569201853105e-17,0.0,3.32417654156772e-16,912,7091,91,0.09978070175438597,0.787347544885703,0.4412553368974136,0.5587446631025864,0.11748932620517265,88368.39703945845,149223.20592108305,0.54220393324002,0.2916275503087554,85092.0,85092.0,96601.0
brc_v3_1m_fibercount_conf50,1m FC 50%,degree_strength_preserving,6,2.3437242954232397e-17,0.0,3.2569192543345685e-16,912,7091,91,0.09978070175438597,0.7955798408873465,0.43105528985135494,0.568944710148645,0.13788942029728996,88244.29716401832,149471.40567196335,0.5414424908824292,0.2912180040922266,85092.0,85092.0,96504.0
brc_v3_1m_fibercount_conf50,1m FC 50%,degree_strength_preserving,7,1.836823521220932e-17,0.0,3.304849933767908e-16,912,7091,91,0.09978070175438597,0.890338498337131,0.444699812290784,0.555300187709216,0.11060037541843183,86078.81081716644,153802.37836566713,0.5281556682854733,0.2840716090039748,85092.0,85092.0,96650.0
brc_v3_1m_fibercount_conf50,1m FC 50%,degree_strength_preserving,8,1.5851273221881817e-05,1.0796966836740672e-09,0.007247192535917175,912,7091,91,0.09978070175438597,0.8756331529649072,0.4207503211237299,0.5792496788762701,0.15849935775254023,89337.35531452563,147285.289647225,0.5481491915499161,0.29482524349097816,85092.0,85092.0,96505.0
brc_v3_1m_fibercount_conf50,1m FC 50%,degree_strength_preserving,9,2.323593662821342e-17,0.0,3.304849933767908e-16,912,7091,91,0.09978070175438597,0.8329194711095587,0.4370092089769478,0.5629907910230523,0.1259815820461045,89838.84540019883,146282.30919960234,0.5512261958534718,0.296480226917869,85092.0,85092.0,96557.0
brc_v3_1m_fibercount_conf50,1m FC 50%,degree_strength_preserving,10,2.1577534132254962e-17,0.0,3.304849933767908e-16,912,7091,91,0.09978070175438597,0.9455450418441568,0.44392027028999687,0.5560797297100031,0.11215945942000616,87489.65707796453,150980.68584407095,0.5368122289726625,0.28872759069746523,85092.0,85092.0,96522.0
brc_v3_1m_fibercount_conf50,1m FC 50%,degree_strength_preserving,11,2.111626830944989e-17,0.0,3.262176118267318e-16,912,7091,91,0.09978070175438597,0.8572588286340949,0.46074373978967437,0.5392562602103256,0.07851252042065138,86959.77808003948,152040.44383992103,0.5335610386552919,0.286978919008242,85092.0,85092.0,96614.0
brc_v3_200k_fibercount_conf50,200k FC 50%,real,-1,0.0,0.0,0.0,798,4275,80,0.10025062656641603,0.9811827956989244,0.4220064328202856,0.5779935671797143,0.15598713435942874,20185.0,24917.5,0.6183419490714149,0.3265837735513255,,,
brc_v3_200k_fibercount_conf50,200k FC 50%,degree_preserving,0,1.1748631332832358,0.46052853055041243,74.28571428571429,798,4275,80,0.10025062656641603,0.9654911838790935,0.6922202790157514,0.3077797209842485,-0.384440558031503,5286.5,27489.0,0.277783616205139,0.08553307500020224,51300.0,51300.0,58699.0
brc_v3_200k_fibercount_conf50,200k FC 50%,degree_preserving,1,0.9792956014555575,0.47513227513227513,24.130434782608695,798,4275,80,0.10025062656641603,0.9592502037489815,0.710635746778333,0.2893642532216671,-0.4212714935566659,5141.5,27426.5,0.2726899057266737,0.08318704343394304,51300.0,51300.0,58706.0
brc_v3_200k_fibercount_conf50,200k FC 50%,degree_preserving,2,1.0611296787087283,0.4654029692470838,32.75,798,4275,80,0.10025062656641603,0.9876923076923078,0.7166582577517941,0.2833417422482059,-0.43331651550358813,4543.5,27588.0,0.24777096114519429,0.07351168566412918,51300.0,51300.0,58819.0
brc_v3_200k_fibercount_conf50,200k FC 50%,degree_preserving,3,1.132840844209372,0.46478174603174605,84.33333333333333,798,4275,80,0.10025062656641603,0.9554589896795223,0.7173603277200179,0.282639672279982,-0.4347206554400359,4729.5,26847.0,0.26053544868616757,0.07652107788015823,51300.0,51300.0,58662.0
brc_v3_200k_fibercount_conf50,200k FC 50%,degree_preserving,4,1.0326538405372043,0.4700892857142857,62.795918367346935,798,4275,80,0.10025062656641603,0.907624633431085,0.7327541338746058,0.2672458661253942,-0.4655082677492116,4785.5,28152.5,0.25371452807931394,0.07742713145057559,51300.0,51300.0,58720.0
brc_v3_200k_fibercount_conf50,200k FC 50%,degree_preserving,5,0.9815440654806223,0.464327485380117,44.47826086956522,798,4275,80,0.10025062656641603,1.0,0.7180957084307218,0.28190429156927826,-0.43619141686144347,4692.5,27377.5,0.25528731723903436,0.07592243534256106,51300.0,51300.0,58869.0
brc_v3_200k_fibercount_conf50,200k FC 50%,degree_preserving,6,1.0248788338250279,0.4840894304134382,24.64,798,4275,80,0.10025062656641603,0.9593777009507346,0.7206440732664168,0.2793559267335833,-0.44128814653283355,4641.5,26117.5,0.2622279346336916,0.07509727941235954,51300.0,51300.0,58943.0
brc_v3_200k_fibercount_conf50,200k FC 50%,degree_preserving,7,1.0644564119985611,0.4680953438448442,30.962264150943398,798,4275,80,0.10025062656641603,0.9380097879282218,0.7408864829817129,0.2591135170182871,-0.48177296596342584,4080.5,25764.0,0.24056005895357407,0.06602056418014286,51300.0,51300.0,58707.0
brc_v3_200k_fibercount_conf50,200k FC 50%,degree_preserving,8,1.0721119834231547,0.4730106500552597,44.91304347826087,798,4275,80,0.10025062656641603,0.9893617021276596,0.7482278872257447,0.25177211277425526,-0.4964557744514894,4332.5,29116.0,0.229348085016278,0.07009780524702094,51300.0,51300.0,58829.0
brc_v3_200k_fibercount_conf50,200k FC 50%,degree_preserving,9,0.9442049848389938,0.4675990675990676,14.666666666666666,798,4275,80,0.10025062656641603,0.9674620390455531,0.7137325626960177,0.2862674373039823,-0.42746512539203535,4719.5,27636.5,0.25458860972879666,0.07635928259972656,51300.0,51300.0,58732.0
brc_v3_200k_fibercount_conf50,200k FC 50%,degree_preserving,10,1.0010581756977888,0.4574920516949502,52.111111111111114,798,4275,80,0.10025062656641603,0.9396406513194834,0.7158612500748271,0.2841387499251728,-0.4317225001496543,4789.0,27955.5,0.2551853677381539,0.07748375979872667,51300.0,51300.0,58744.0
brc_v3_200k_fibercount_conf50,200k FC 50%,degree_preserving,11,1.1502594631565215,0.4748434634115489,153.75,798,4275,80,0.10025062656641603,0.939112786314874,0.6958619510535614,0.30413804894643864,-0.3917239021071227,5271.5,27839.5,0.27468247248094835,0.08529038207955474,51300.0,51300.0,58968.0
brc_v3_200k_fibercount_conf50,200k FC 50%,degree_strength_preserving,0,2.4191535012965067e-17,0.0,3.2297397080004555e-16,798,4275,80,0.10025062656641603,0.7600125827579767,0.43716548073087386,0.5628345192691262,0.12566903853825234,18181.94089424445,28923.6182115111,0.5569807664329144,0.2941752225776326,51300.0,51300.0,58851.0
brc_v3_200k_fibercount_conf50,200k FC 50%,degree_strength_preserving,1,0.0006143989196058703,0.0,0.2747548783981961,798,4275,80,0.10025062656641603,1.0,0.4712351375038651,0.528764862496135,0.057529724992269896,17398.63948436366,30490.221031272682,0.5329853183033095,0.28150246310246435,51300.0,51300.0,58799.0
brc_v3_200k_fibercount_conf50,200k FC 50%,degree_strength_preserving,2,0.001127324121389528,7.275100826349272e-09,0.4142135623730949,798,4275,80,0.10025062656641603,0.9368132495965211,0.44806226635436097,0.5519377336456391,0.10387546729127824,17271.346595796793,30744.807390953458,0.5290858569155839,0.27944360714961414,51300.0,51300.0,58795.0
brc_v3_200k_fibercount_conf50,200k FC 50%,degree_strength_preserving,3,0.0003750470875397509,0.0,0.10296665093325509,798,4275,80,0.10025062656641603,0.730791579003673,0.43893132241441235,0.5610686775855875,0.12213735517117516,17402.586018952807,30482.32796209438,0.5331062153996649,0.28156869554087166,51300.0,51300.0,58735.0
brc_v3_200k_fibercount_conf50,200k FC 50%,degree_strength_preserving,4,0.0005115893364214437,0.0,0.22474487139158894,798,4275,80,0.10025062656641603,0.9467679689398987,0.474204427544845,0.5257955724551551,0.05159114491030999,17210.222735840878,30867.054528318244,0.527213409483925,0.2784539640682602,51300.0,51300.0,58805.0
brc_v3_200k_fibercount_conf50,200k FC 50%,degree_strength_preserving,5,0.0013880447270031278,7.375173789897003e-13,0.632993161855452,798,4275,80,0.10025062656641603,0.8719383147997951,0.451761910601546,0.548238089398454,0.0964761787969079,16914.706659624848,31458.086680796856,0.5181606481979794,0.27367468016896707,51300.0,51300.0,58767.0
brc_v3_200k_fibercount_conf50,200k FC 50%,degree_strength_preserving,6,2.446173438059512e-17,0.0,3.2297397080004555e-16,798,4275,80,0.10025062656641603,0.8629227044930659,0.4622433066836467,0.5377566933163533,0.07551338663270675,16963.589433138666,31360.321133722668,0.5196581101478435,0.2744628709462381,51300.0,51300.0,58780.0
brc_v3_200k_fibercount_conf50,200k FC 50%,degree_strength_preserving,7,5.136753047168357e-15,3.4980896632891394e-16,1.2290319786700917e-12,798,4275,80,0.10025062656641603,0.7640276865975281,0.46799339811106166,0.5320066018889383,0.06401320377787674,17003.561932977595,31280.37613404479,0.5208826171312303,0.27510960712833754,51300.0,51300.0,58705.0
brc_v3_200k_fibercount_conf50,200k FC 50%,degree_strength_preserving,8,5.2622702595307956e-08,4.680498877794148e-10,1.0660881893276297e-05,798,4275,80,0.10025062656641603,0.9999999999999999,0.42016496496152805,0.579835035038472,0.15967007007694387,17856.9199914267,29573.659970572502,0.5470241624863956,0.28891653776589993,51300.0,51300.0,58737.0
brc_v3_200k_fibercount_conf50,200k FC 50%,degree_strength_preserving,9,0.00036174828896595295,0.0,0.1547005383792514,798,4275,80,0.10025062656641603,0.9507841373977006,0.4486298722854228,0.5513701277145773,0.10274025542915441,16887.3581249223,31512.783750155402,0.5173228604226628,0.2732302778437648,51300.0,51300.0,58859.0
brc_v3_200k_fibercount_conf50,200k FC 50%,degree_strength_preserving,10,2.0722929253720195e-17,0.0,3.2297397080004555e-16,798,4275,80,0.10025062656641603,0.7210152560221584,0.43197045850828236,0.5680295414917176,0.13605908298343522,18093.675324570388,29100.149350859225,0.5542768623264909,0.292747127317845,51300.0,51300.0,58733.0
brc_v3_200k_fibercount_conf50,200k FC 50%,degree_strength_preserving,11,0.001365663037496159,0.0,0.35400640077266016,798,4275,80,0.10025062656641603,0.8615365891447855,0.43371968363161423,0.5662803163683858,0.13256063273677152,17424.98669721782,30437.52660556435,0.5337924318504407,0.28193057616119077,51300.0,51300.0,58771.0
brc_v3_20k_electrical_conf50,20k EC 50%,real,-1,0.0,0.0,0.0,467,980,47,0.1006423982869379,1.0,0.4796992875057958,0.5203007124942042,0.04060142498840862,76.16303415223956,115.97749698534608,0.5677377717285806,0.2967166316949777,,,
brc_v3_20k_electrical_conf50,20k EC 50%,degree_preserving,0,0.6453543451456661,0.27493676229980696,28.648813545504108,467,980,47,0.1006423982869379,0.9435785884273215,0.6001869006974904,0.3998130993025095,-0.20037380139498076,33.9897639863193,135.495521184057,0.3340926971359901,0.13241762745387375,11760.0,11760.0,14826.0
brc_v3_20k_electrical_conf50,20k EC 50%,degree_preserving,1,0.5496086553940115,0.28677054571877264,13.789543201247819,467,980,47,0.1006423982869379,0.908481805603849,0.6136559626858676,0.3863440373141324,-0.22731192537173517,36.855590023100376,137.97444110363722,0.34821061367236456,0.14358233823676794,11760.0,11760.0,14812.0
brc_v3_20k_electrical_conf50,20k EC 50%,degree_preserving,2,0.5399252636942251,0.2785239711107244,9.909798263235114,467,980,47,0.1006423982869379,1.0,0.6302296144891122,0.36977038551088776,-0.26045922897822443,31.552179142832756,137.2111990340054,0.3150247496002583,0.12292126255349,11760.0,11760.0,14884.0
brc_v3_20k_electrical_conf50,20k EC 50%,degree_preserving,3,0.5648953619953309,0.27786494605737183,13.296979191558798,467,980,47,0.1006423982869379,0.9297077281137821,0.6555621388041292,0.3444378611958707,-0.31112427760825845,30.261622078716755,145.24382381513715,0.29413474543701734,0.11789349876575493,11760.0,11760.0,14881.0
brc_v3_20k_electrical_conf50,20k EC 50%,degree_preserving,4,0.5200872991389104,0.2796694138727323,8.843056318861588,467,980,47,0.1006423982869379,1.0,0.5831208387149943,0.4168791612850057,-0.16624167742998863,38.33087608218193,138.31825093925,0.3565994560313371,0.14932977090025992,11760.0,11760.0,14753.0
brc_v3_20k_electrical_conf50,20k EC 50%,degree_preserving,5,0.5441271398730444,0.28110178857437895,25.088568621101274,467,980,47,0.1006423982869379,0.9258191969164531,0.6316181309785169,0.3683818690214829,-0.2632362619570341,31.573422979563475,145.75762222334743,0.3022761863761061,0.12300402448320011,11760.0,11760.0,14948.0
brc_v3_20k_electrical_conf50,20k EC 50%,degree_preserving,6,0.5306232841791172,0.30777319755959986,16.7706667733189,467,980,47,0.1006423982869379,0.9307678396778029,0.5922973600424338,0.4077026399575661,-0.18459472008486771,33.94035004079342,138.63916398957372,0.32868847937163653,0.13222512016161053,11760.0,11760.0,14870.0
brc_v3_20k_electrical_conf50,20k EC 50%,degree_preserving,7,0.5636228808069013,0.27509111034796685,17.17421881698707,467,980,47,0.1006423982869379,1.0,0.6181382492063123,0.3818617507936876,-0.23627649841262469,31.70530305057764,145.23897710815072,0.30390957473202895,0.12351780404692915,11760.0,11760.0,14986.0
brc_v3_20k_electrical_conf50,20k EC 50%,degree_preserving,8,0.5582599601213564,0.2895300121350039,25.596012143929254,467,980,47,0.1006423982869379,0.9015177945087414,0.6139404923144003,0.38605950768559966,-0.2278809846288008,33.17825499922037,140.3616762459278,0.3209998655851134,0.12925614346203468,11760.0,11760.0,14701.0
brc_v3_20k_electrical_conf50,20k EC 50%,degree_preserving,9,0.5319077982481264,0.2904640375359277,7.581977605289515,467,980,47,0.1006423982869379,0.9999999999999999,0.6185636116659194,0.3814363883340805,-0.2371272233318388,31.875936962664127,139.96139808744192,0.312949044975979,0.12418256117236139,11760.0,11760.0,14849.0
brc_v3_20k_electrical_conf50,20k EC 50%,degree_preserving,10,0.5497871473678364,0.31116735204944995,10.355031013002009,467,980,47,0.1006423982869379,0.9457614038709388,0.5760258466482122,0.42397415335178784,-0.15205169329642437,47.09433899447322,125.88533518835902,0.42798636980851584,0.18347054832939114,11760.0,11760.0,14831.0
brc_v3_20k_electrical_conf50,20k EC 50%,degree_preserving,11,0.7157320268101979,0.3041766735405175,44.79942136410913,467,980,47,0.1006423982869379,1.0,0.6389024574810348,0.3610975425189652,-0.27780491496206966,30.752872988581657,133.8807932883501,0.314790088449145,0.1198073184673289,11760.0,11760.0,14976.0
brc_v3_20k_electrical_conf50,20k EC 50%,degree_strength_preserving,0,0.006063011826434048,1.800067309444832e-09,0.7103879277223196,467,980,47,0.1006423982869379,0.9463431682131771,0.43904182431517214,0.5609581756848278,0.12191635136965531,70.79232091469879,126.71892354473243,0.5277031694750981,0.27588317208382823,11760.0,11760.0,14822.0
brc_v3_20k_electrical_conf50,20k EC 50%,degree_strength_preserving,1,0.003901578106866622,3.038082487750425e-08,0.2521950663550055,467,980,47,0.1006423982869379,0.8213502834177207,0.45033131949034344,0.5496686805096566,0.09933736101931318,65.89802539894453,136.5075136304713,0.49121990264531085,0.25675050900609125,11760.0,11760.0,14817.0
brc_v3_20k_electrical_conf50,20k EC 50%,degree_strength_preserving,2,0.00855979131288946,6.477345878064844e-09,0.7642461769579227,467,980,47,0.1006423982869379,1.0,0.45349107144715506,0.5465089285528448,0.09301785710568976,69.44866161944474,129.4062406344648,0.5176872093449059,0.2706639766707381,11760.0,11760.0,14699.0
brc_v3_20k_electrical_conf50,20k EC 50%,degree_strength_preserving,3,0.0038450323154787225,2.1524915595549563e-10,0.3282319739334304,467,980,47,0.1006423982869379,1.0,0.48433681958405017,0.5156631804159497,0.031326360831899575,67.15631147985587,133.9909422904181,0.50059947147738,0.2616549909311223,11760.0,11760.0,14826.0
brc_v3_20k_electrical_conf50,20k EC 50%,degree_strength_preserving,4,0.0019696782335637407,2.594969307511572e-08,0.11904968580139264,467,980,47,0.1006423982869379,0.9999999999999998,0.45975399132086786,0.5402460086791321,0.08049201735826421,68.82467621777667,130.6542075502374,0.5130358778796793,0.2681334844975155,11760.0,11760.0,14946.0
brc_v3_20k_electrical_conf50,20k EC 50%,degree_strength_preserving,5,0.0022897760882796066,1.2604005076656415e-12,0.2913544276069872,467,980,47,0.1006423982869379,1.0,0.462878526827897,0.5371214731721029,0.0742429463442058,68.23911767784284,131.82532993409598,0.5086709720323029,0.2658563016252156,11760.0,11760.0,14887.0
brc_v3_20k_electrical_conf50,20k EC 50%,degree_strength_preserving,6,0.006545976141645792,2.1852154663538446e-12,0.5781799630286399,467,980,47,0.1006423982869379,0.9427081329177264,0.49079995086734884,0.5092000491326512,0.018400098265302464,70.38303846726448,127.53748835505556,0.5246522787820497,0.27425210314712023,11760.0,11760.0,14893.0
brc_v3_20k_electrical_conf50,20k EC 50%,degree_strength_preserving,7,0.011151039953267172,5.821479966693042e-10,1.1251195971441308,467,980,47,0.1006423982869379,0.9335630405244463,0.4445601193016995,0.5554398806983005,0.11087976139660112,70.61059769989953,127.08236991290016,0.5263485605761902,0.275261002002139,11760.0,11760.0,14879.0
brc_v3_20k_electrical_conf50,20k EC 50%,degree_strength_preserving,8,0.0030645984945456774,2.2324162902065456e-09,0.18040746760416781,467,980,47,0.1006423982869379,1.0,0.4658093390760605,0.5341906609239395,0.06838132184787903,68.4143423352395,131.4748803926961,0.5099771396561993,0.2665386572694453,11760.0,11760.0,14840.0
brc_v3_20k_electrical_conf50,20k EC 50%,degree_strength_preserving,9,0.0066304177643403675,2.486897809568483e-15,0.5652309836747229,467,980,47,0.1006423982869379,0.7509604347581684,0.41814857162438446,0.5818514283756155,0.16370285675123097,69.29735138974422,129.70886251033716,0.5165593033762944,0.2700677552751011,11760.0,11760.0,14866.0
brc_v3_20k_electrical_conf50,20k EC 50%,degree_strength_preserving,10,0.005333975862359491,6.583495505995305e-08,0.4751110624412606,467,980,47,0.1006423982869379,1.0000000000000002,0.4419707994376409,0.5580292005623592,0.11605840112471817,71.31402658541626,125.67550394077858,0.5315921067401315,0.27790566846210685,11760.0,11760.0,14842.0
brc_v3_20k_electrical_conf50,20k EC 50%,degree_strength_preserving,11,0.004609510323788052,9.679390249868283e-09,0.8412117653598885,467,980,47,0.1006423982869379,0.8943798837846442,0.4615427220857852,0.5384572779142149,0.07691455582842951,69.89249281086177,128.51857764890838,0.5209956361284903,0.27237931544215477,11760.0,11760.0,14846.0
brc_v3_20k_fibercount_conf10,20k FC 10%,real,-1,0.0,0.0,0.0,968,11418,97,0.10020661157024793,0.9378238341968913,0.5677583819443673,0.43224161805563266,-0.13551676388873476,3753.5,9167.0,0.4502219023629603,0.1717416668573128,,,
brc_v3_20k_fibercount_conf10,20k FC 10%,degree_preserving,0,0.3764635142252432,0.2262531328320802,13.583333333333334,968,11418,97,0.10020661157024793,0.9512195121951225,0.7265959359892521,0.273404064010748,-0.45319187197850413,1590.5,8784.0,0.26585875470121184,0.0727734437555764,137016.0,137016.0,161372.0
brc_v3_20k_fibercount_conf10,20k FC 10%,degree_preserving,1,0.37161503225968484,0.22416413373860183,8.142857142857142,968,11418,97,0.10020661157024793,0.8666666666666664,0.7298429165598935,0.2701570834401066,-0.4596858331197869,1606.0,8823.5,0.2668771550828798,0.07348264738852921,137016.0,137016.0,161288.0
brc_v3_20k_fibercount_conf10,20k FC 10%,degree_preserving,2,0.37886231242584484,0.2398955010173579,8.538461538461538,968,11418,97,0.10020661157024793,0.9211469534050183,0.737548902451426,0.2624510975485741,-0.4750978049028518,1566.0,9104.5,0.25595554284313327,0.07165244446478003,137016.0,137016.0,161153.0
brc_v3_20k_fibercount_conf10,20k FC 10%,degree_preserving,3,0.3816256223869055,0.23606811145510836,7.809523809523809,968,11418,97,0.10020661157024793,0.8669724770642199,0.746241077837613,0.2537589221623872,-0.49248215567522563,1447.0,9017.5,0.24295848549720858,0.06620759076662625,137016.0,137016.0,161312.0
brc_v3_20k_fibercount_conf10,20k FC 10%,degree_preserving,4,0.36486836140073103,0.22268135904499542,5.5,968,11418,97,0.10020661157024793,0.8922155688622752,0.7224282453138822,0.2775717546861179,-0.4448564906277643,1599.5,8859.5,0.265290044367044,0.07318523941341996,137016.0,137016.0,161378.0
brc_v3_20k_fibercount_conf10,20k FC 10%,degree_preserving,5,0.3796134282958075,0.23076923076923078,26.0,968,11418,97,0.10020661157024793,0.8878143133462271,0.7475872488745554,0.2524127511254446,-0.4951744977491109,1520.5,9129.0,0.24987674609695973,0.06957058863901536,137016.0,137016.0,161483.0
brc_v3_20k_fibercount_conf10,20k FC 10%,degree_preserving,6,0.37617916369361043,0.22514812376563528,9.8,968,11418,97,0.10020661157024793,0.8935361216730033,0.7292345432907946,0.2707654567092055,-0.4584690865815891,1569.0,8687.0,0.26536997885835095,0.07178970968406122,137016.0,137016.0,161400.0
brc_v3_20k_fibercount_conf10,20k FC 10%,degree_preserving,7,0.35894170647970686,0.229020979020979,8.666666666666666,968,11418,97,0.10020661157024793,0.9009900990099009,0.7427675617748394,0.2572324382251606,-0.4855351235496787,1483.0,9226.0,0.2432742782152231,0.0678547733980005,137016.0,137016.0,161426.0
brc_v3_20k_fibercount_conf10,20k FC 10%,degree_preserving,8,0.3630991896033963,0.22309362934362936,9.0,968,11418,97,0.10020661157024793,0.9239130434782612,0.7313555880832636,0.26864441191673655,-0.46271117616652696,1688.5,9225.5,0.26796270581233883,0.07725744091876187,137016.0,137016.0,161425.0
brc_v3_20k_fibercount_conf10,20k FC 10%,degree_preserving,9,0.3622073322724583,0.2222222222222222,9.0,968,11418,97,0.10020661157024793,0.8636363636363643,0.7299716596643585,0.27002834033564155,-0.4599433193287169,1702.5,9071.5,0.2729130765839779,0.07789801194207407,137016.0,137016.0,160897.0
brc_v3_20k_fibercount_conf10,20k FC 10%,degree_preserving,10,0.3754831329647907,0.2222222222222222,13.75,968,11418,97,0.10020661157024793,0.8666666666666666,0.7373072603366079,0.262692739663392,-0.47461452067321597,1529.0,8914.5,0.2554186677803299,0.06995950676031205,137016.0,137016.0,161238.0
brc_v3_20k_fibercount_conf10,20k FC 10%,degree_preserving,11,0.38353105301644497,0.22804314329738057,8.333333333333334,968,11418,97,0.10020661157024793,0.8808510638297878,0.7433666654130417,0.2566333345869584,-0.4867333308260832,1496.5,9130.0,0.24688608430256537,0.06847246688476585,137016.0,137016.0,161371.0
brc_v3_20k_fibercount_conf10,20k FC 10%,degree_strength_preserving,0,1.3461194841276511e-17,0.0,3.2297397080004555e-16,968,11418,97,0.10020661157024793,0.8757249858416543,0.6159660733679677,0.38403392663203234,-0.2319321467359354,3083.8739106839103,10506.25217863218,0.3699021123526341,0.14110287619518705,137016.0,137016.0,161311.0
brc_v3_20k_fibercount_conf10,20k FC 10%,degree_strength_preserving,1,1.2736400105668053e-17,0.0,3.4660621256590254e-16,968,11418,97,0.10020661157024793,0.8301797744492523,0.6219219253096594,0.3780780746903406,-0.24384385061931885,2977.835550063768,10718.328899872464,0.35718310544125803,0.1362510832542732,137016.0,137016.0,161509.0
brc_v3_20k_fibercount_conf10,20k FC 10%,degree_strength_preserving,2,1.1257636850331452e-17,0.0,3.9474596431116675e-16,968,11418,97,0.10020661157024793,0.8095909955723256,0.6180587173367913,0.38194128266320876,-0.23611743467358243,3095.940641933957,10482.118716132085,0.37134948325944067,0.1416549903655353,137016.0,137016.0,161473.0
brc_v3_20k_fibercount_conf10,20k FC 10%,degree_strength_preserving,3,1.3162828053965914e-17,0.0,3.6911310948576635e-16,968,11418,97,0.10020661157024793,0.8036018702914618,0.6236606165394977,0.37633938346050233,-0.24732123307899537,3007.6830662164175,10658.633867567165,0.3607632321238356,0.13761675853750394,137016.0,137016.0,161215.0
brc_v3_20k_fibercount_conf10,20k FC 10%,degree_strength_preserving,4,1.3147705708958671e-17,0.0,3.643808901333847e-16,968,11418,97,0.10020661157024793,0.7568003267608502,0.6076876368443962,0.3923123631556038,-0.21537527368879228,3061.91822444758,10550.16355110484,0.36726858875465757,0.14009829216662076,137016.0,137016.0,161261.0
brc_v3_20k_fibercount_conf10,20k FC 10%,degree_strength_preserving,5,1.0615885000892358e-17,0.0,4.0030576662540856e-16,968,11418,97,0.10020661157024793,0.8003430579363524,0.6234961885535105,0.3765038114464894,-0.24699237710702096,3004.479573222683,10665.040853554634,0.3603789820346267,0.13747018248142037,137016.0,137016.0,161083.0
brc_v3_20k_fibercount_conf10,20k FC 10%,degree_strength_preserving,6,1.2634478521309365e-17,0.0,4.263256414560601e-16,968,11418,97,0.10020661157024793,0.7692150881907606,0.6243773361377208,0.37562266386227916,-0.24875467227544176,3028.67102224668,10616.65795550664,0.36328067917076645,0.13857706399975658,137016.0,137016.0,161494.0
brc_v3_20k_fibercount_conf10,20k FC 10%,degree_strength_preserving,7,1.7840051650767203e-17,0.0,3.304849933767908e-16,968,11418,97,0.10020661157024793,0.86231072814562,0.617937157333148,0.38206284266685203,-0.23587431466629596,3074.001975946002,10525.996048107996,0.3687180011929953,0.14065118509967753,137016.0,137016.0,161114.0
brc_v3_20k_fibercount_conf10,20k FC 10%,degree_strength_preserving,8,8.949557024860105e-18,0.0,3.552713678800501e-16,968,11418,97,0.10020661157024793,0.796610915547135,0.6233874301630816,0.3766125698369184,-0.2467748603261634,3007.572992871761,10658.854014256478,0.3607500291317933,0.1376117221235735,137016.0,137016.0,161425.0
brc_v3_20k_fibercount_conf10,20k FC 10%,degree_strength_preserving,9,1.3636278731423888e-17,0.0,3.2297397080004555e-16,968,11418,97,0.10020661157024793,0.8039543093511871,0.6335716499847223,0.3664283500152776,-0.26714329996944475,2979.2048284233715,10715.590343153257,0.35734734657831013,0.13631373468570251,137016.0,137016.0,161191.0
brc_v3_20k_fibercount_conf10,20k FC 10%,degree_strength_preserving,10,1.0293909614809546e-17,0.0,3.2297397080004555e-16,968,11418,97,0.10020661157024793,0.8211502204548838,0.6304548847721074,0.36954511522789263,-0.26090976954421485,2967.2905504365935,10739.418899126813,0.3559182620171037,0.1357685960255585,137016.0,137016.0,161353.0
brc_v3_20k_fibercount_conf10,20k FC 10%,degree_strength_preserving,11,9.717140409318055e-18,0.0,2.9605947323337506e-16,968,11418,97,0.10020661157024793,0.8240705949755328,0.6263428013798623,0.37365719862013774,-0.2526856027597245,3008.396622738998,10657.206754522005,0.3608488212473309,0.13764940736835113,137016.0,137016.0,161041.0
brc_v3_20k_fibercount_conf25,20k FC 25%,real,-1,0.0,0.0,0.0,787,4108,79,0.10038119440914867,0.9436619718309854,0.5155274201016773,0.48447257989832265,-0.031054840203354545,2585.0,4998.5,0.5084329055416237,0.23097886789080999,,,
brc_v3_20k_fibercount_conf25,20k FC 25%,degree_preserving,0,0.48881942846060805,0.2727272727272727,6.7727272727272725,787,4108,79,0.10038119440914867,0.9318181818181815,0.6806777345534747,0.3193222654465251,-0.36135546910694966,1103.0,5045.5,0.30421292146452455,0.09855694053522762,49296.0,49296.0,57462.0
brc_v3_20k_fibercount_conf25,20k FC 25%,degree_preserving,1,0.559043506194808,0.2894736842105263,22.428571428571427,787,4108,79,0.10038119440914867,0.9135802469135801,0.6996508484332977,0.3003491515667023,-0.3993016968665954,1008.0,5139.5,0.2817413178673748,0.09006835544833132,49296.0,49296.0,57610.0
brc_v3_20k_fibercount_conf25,20k FC 25%,degree_preserving,2,0.541098065551312,0.2631578947368421,35.0,787,4108,79,0.10038119440914867,0.8727272727272725,0.6875272701475436,0.31247272985245644,-0.375054540295087,1066.5,5070.5,0.2961060595543833,0.09529553679131483,49296.0,49296.0,57639.0
brc_v3_20k_fibercount_conf25,20k FC 25%,degree_preserving,3,0.44175603585269607,0.25961538461538464,7.5,787,4108,79,0.10038119440914867,0.8991596638655462,0.6810002772523847,0.3189997227476154,-0.3620005545047691,1096.5,5041.5,0.30313083143271824,0.09797614260822946,49296.0,49296.0,57762.0
brc_v3_20k_fibercount_conf25,20k FC 25%,degree_preserving,4,0.4561818400820773,0.2558139534883721,8.0,787,4108,79,0.10038119440914867,0.9295774647887323,0.6850088066660663,0.3149911933339336,-0.37001761333213273,1242.0,5242.0,0.3215117784105617,0.11097708082026538,49296.0,49296.0,57623.0
brc_v3_20k_fibercount_conf25,20k FC 25%,degree_preserving,5,0.47999765169762176,0.25862068965517243,7.769230769230769,787,4108,79,0.10038119440914867,0.9338235294117646,0.6941068650188033,0.30589313498119663,-0.3882137300376067,997.5,5047.0,0.28330019880715707,0.08913014341241121,49296.0,49296.0,57515.0
brc_v3_20k_fibercount_conf25,20k FC 25%,degree_preserving,6,0.5517108528656736,0.25,26.0,787,4108,79,0.10038119440914867,0.9632034632034633,0.7038252884591037,0.2961747115408963,-0.4076505769182073,1019.5,5190.0,0.2820583759856135,0.09109592101148192,49296.0,49296.0,57644.0
brc_v3_20k_fibercount_conf25,20k FC 25%,degree_preserving,7,0.4865065564792671,0.2647058823529412,26.333333333333332,787,4108,79,0.10038119440914867,0.8681318681318682,0.6934433021943323,0.3065566978056678,-0.3868866043886645,1045.5,4990.5,0.2952764244863376,0.0934191127194746,49296.0,49296.0,57625.0
brc_v3_20k_fibercount_conf25,20k FC 25%,degree_preserving,8,0.44430881046174725,0.27049180327868855,6.333333333333333,787,4108,79,0.10038119440914867,0.9090909090909092,0.6922865448788669,0.3077134551211331,-0.38457308975773385,1148.0,5415.0,0.2977564518220724,0.10257784926059957,49296.0,49296.0,57778.0
brc_v3_20k_fibercount_conf25,20k FC 25%,degree_preserving,9,0.5210228428811118,0.28205128205128205,17.666666666666668,787,4108,79,0.10038119440914867,0.91869918699187,0.7128593844910565,0.28714061550894354,-0.42571876898211286,944.5,5176.0,0.26737438075017694,0.08439440646919537,49296.0,49296.0,57628.0
brc_v3_20k_fibercount_conf25,20k FC 25%,degree_preserving,10,0.4562309683082718,0.2727272727272727,7.75,787,4108,79,0.10038119440914867,0.9999999999999998,0.6807167159944151,0.3192832840055848,-0.36143343198883027,1150.5,5135.0,0.3094405594405594,0.10280123307867578,49296.0,49296.0,57456.0
brc_v3_20k_fibercount_conf25,20k FC 25%,degree_preserving,11,0.46274514585749066,0.26666666666666666,10.8,787,4108,79,0.10038119440914867,0.922222222222222,0.6617957037294933,0.33820429627050663,-0.3235914074589867,1252.0,4876.5,0.3392724070184947,0.11187061609257025,49296.0,49296.0,57724.0
brc_v3_20k_fibercount_conf25,20k FC 25%,degree_strength_preserving,0,0.0008984838388647592,0.0,0.4142135623730949,787,4108,79,0.10038119440914867,0.8561682364258669,0.5489009983158836,0.4510990016841164,-0.09780199663176718,2139.5024046730246,5889.495190653951,0.4208098352112946,0.1911735517822455,49296.0,49296.0,57570.0
brc_v3_20k_fibercount_conf25,20k FC 25%,degree_strength_preserving,1,1.9024833826023882e-17,0.0,3.2297397080004555e-16,787,4108,79,0.10038119440914867,0.8880521737441317,0.5496430987880981,0.4503569012119019,-0.09928619757619592,2187.1598540688237,5794.1802918623525,0.4301833808465012,0.19543044757796754,49296.0,49296.0,57450.0
brc_v3_20k_fibercount_conf25,20k FC 25%,degree_strength_preserving,2,2.1749489061235214e-17,0.0,2.9605947323337506e-16,787,4108,79,0.10038119440914867,0.7625598745643469,0.5327517820655452,0.46724821793445476,-0.06550356413109074,2307.590421287943,5553.319157424114,0.4538703685475622,0.20619134354536417,49296.0,49296.0,57481.0
brc_v3_20k_fibercount_conf25,20k FC 25%,degree_strength_preserving,3,2.938995139585532e-17,0.0,4.440892098500626e-16,787,4108,79,0.10038119440914867,0.8223751530974355,0.536560624330481,0.463439375669519,-0.07312124866096217,2252.6527854418173,5663.194429116365,0.4430649132992707,0.20128247200480875,49296.0,49296.0,57604.0
brc_v3_20k_fibercount_conf25,20k FC 25%,degree_strength_preserving,4,8.468037018747745e-06,2.459735082283032e-09,0.003328048865373301,787,4108,79,0.10038119440914867,0.8251619168805188,0.5355780239691139,0.4644219760308861,-0.0711560479382278,2238.9643171297703,5690.571353559721,0.440372585890112,0.2000593593762288,49296.0,49296.0,57716.0
brc_v3_20k_fibercount_conf25,20k FC 25%,degree_strength_preserving,5,0.0005271735613870726,1.6908674460580642e-09,0.22474487139158894,787,4108,79,0.10038119440914867,0.9235107193471055,0.5454247811288702,0.4545752188711299,-0.09084956225774031,2203.538987643514,5761.42204435812,0.43340492371271316,0.19689486976925566,49296.0,49296.0,57514.0
brc_v3_20k_fibercount_conf25,20k FC 25%,degree_strength_preserving,6,1.4703027483769308e-17,0.0,3.3306690738754696e-16,787,4108,79,0.10038119440914867,0.7222766441728354,0.530151400411708,0.46984859958829184,-0.06030280082341621,2225.6871432291728,5717.1257135416545,0.4377611532141757,0.19887299675907366,49296.0,49296.0,57492.0
brc_v3_20k_fibercount_conf25,20k FC 25%,degree_strength_preserving,7,1.7624667948449532e-17,0.0,3.089316242435218e-16,787,4108,79,0.10038119440914867,0.807116858798201,0.5321042972379524,0.4678957027620475,-0.0642085944759047,2290.676542637533,5587.146914724934,0.45054364805773384,0.2046800288288016,49296.0,49296.0,57572.0
brc_v3_20k_fibercount_conf25,20k FC 25%,degree_strength_preserving,8,2.1622514798565017e-05,6.447177251326745e-09,0.0034651594902477267,787,4108,79,0.10038119440914867,0.7761579750041264,0.5353077948101765,0.46469220518982357,-0.07061558962035298,2271.214899422764,5626.07022166624,0.4467158174443228,0.20294106320853555,49296.0,49296.0,57587.0
brc_v3_20k_fibercount_conf25,20k FC 25%,degree_strength_preserving,9,2.652822637528785e-17,0.0,3.2297397080004555e-16,787,4108,79,0.10038119440914867,0.9186501242759845,0.554654424378935,0.445345575621065,-0.10930884875786995,2219.49860893459,5729.502782130819,0.43654395612619173,0.19832002939146584,49296.0,49296.0,57665.0
brc_v3_20k_fibercount_conf25,20k FC 25%,degree_strength_preserving,10,1.3420375691681263e-17,0.0,3.2297397080004555e-16,787,4108,79,0.10038119440914867,0.8818098150343766,0.5530887747322354,0.44691122526776456,-0.10617754946447097,2184.4346304864785,5799.630739027043,0.4296473679473823,0.19518693923839328,49296.0,49296.0,57512.0
brc_v3_20k_fibercount_conf25,20k FC 25%,degree_strength_preserving,11,6.389399250539274e-15,2.9605947323337506e-16,1.6178169914837781e-12,787,4108,79,0.10038119440914867,0.8548104525489612,0.5463477951398938,0.45365220486010616,-0.0926955902797877,2199.803663739797,5768.892672520403,0.43267023921715053,0.19656021656969994,49296.0,49296.0,57583.0
brc_v3_20k_fibercount_conf50_default,20k FC 50%,real,-1,0.0,0.0,0.0,467,980,47,0.1006423982869379,0.9019607843137254,0.3734767962126466,0.6265232037873534,0.2530464075747068,1685.5,2157.5,0.6097494799674414,0.3459564860426929,,,
brc_v3_20k_fibercount_conf50_default,20k FC 50%,degree_preserving,0,0.8896079589838966,0.375,77.0,467,980,47,0.1006423982869379,0.8989898989898992,0.5850375706197959,0.4149624293802041,-0.1700751412395919,667.0,2631.5,0.3364014626150548,0.13690476190476192,11760.0,11760.0,14902.0
brc_v3_20k_fibercount_conf50_default,20k FC 50%,degree_preserving,1,0.7938280019777699,0.42857142857142855,31.0,467,980,47,0.1006423982869379,1.0,0.5876811509100304,0.41231884908996974,-0.1753623018200607,814.5,2458.0,0.3985808661609983,0.16717980295566504,11760.0,11760.0,14780.0
brc_v3_20k_fibercount_conf50_default,20k FC 50%,degree_preserving,2,0.7862460815248256,0.38461538461538464,16.666666666666668,467,980,47,0.1006423982869379,0.9604519774011299,0.6423966735274359,0.357603326472564,-0.284793347054872,544.0,2772.0,0.28186528497409324,0.1116584564860427,11760.0,11760.0,14902.0
brc_v3_20k_fibercount_conf50_default,20k FC 50%,degree_preserving,3,0.698983984920475,0.34782608695652173,13.75,467,980,47,0.1006423982869379,0.8901098901098901,0.624000344286663,0.37599965571333716,-0.24800068857332566,773.5,2600.0,0.3730407523510972,0.15876436781609196,11760.0,11760.0,14849.0
brc_v3_20k_fibercount_conf50_default,20k FC 50%,degree_preserving,4,0.8082858740639773,0.36363636363636365,14.0,467,980,47,0.1006423982869379,0.9038461538461537,0.653385402542241,0.346614597457759,-0.30677080508448185,613.5,2568.0,0.3233201581027668,0.12592364532019704,11760.0,11760.0,14850.0
brc_v3_20k_fibercount_conf50_default,20k FC 50%,degree_preserving,5,0.6354118534352882,0.3333333333333333,11.5,467,980,47,0.1006423982869379,0.8999999999999999,0.6047470121808146,0.39525298781918533,-0.20949402436162937,642.5,2713.0,0.32141070535267635,0.131876026272578,11760.0,11760.0,14762.0
brc_v3_20k_fibercount_conf50_default,20k FC 50%,degree_preserving,6,0.778065083126175,0.36363636363636365,25.333333333333332,467,980,47,0.1006423982869379,1.0,0.5978216692250103,0.40217833077498966,-0.19564333845002066,709.5,2567.0,0.3559959859508279,0.14562807881773399,11760.0,11760.0,14888.0
brc_v3_20k_fibercount_conf50_default,20k FC 50%,degree_preserving,7,0.714286596535721,0.3333333333333333,23.5,467,980,47,0.1006423982869379,1.0,0.5878697368286904,0.4121302631713095,-0.175739473657381,691.0,2673.0,0.3408138101109741,0.14183087027914615,11760.0,11760.0,14885.0
brc_v3_20k_fibercount_conf50_default,20k FC 50%,degree_preserving,8,0.7080586865118036,0.375,26.0,467,980,47,0.1006423982869379,0.9130434782608696,0.6169611228862217,0.3830388771137782,-0.23392224577244342,635.0,2733.0,0.31726205345990505,0.13033661740558292,11760.0,11760.0,14877.0
brc_v3_20k_fibercount_conf50_default,20k FC 50%,degree_preserving,9,0.8136992832807007,0.4,15.0,467,980,47,0.1006423982869379,1.0,0.6486778617869453,0.35132213821305464,-0.2973557235738908,573.5,2628.5,0.3038008210833002,0.11771346469622332,11760.0,11760.0,14818.0
brc_v3_20k_fibercount_conf50_default,20k FC 50%,degree_preserving,10,0.701557567099946,0.3333333333333333,17.0,467,980,47,0.1006423982869379,0.8571428571428571,0.5500665326854403,0.4499334673145598,-0.10013306537088039,881.0,2516.0,0.4118747078073866,0.18082922824302133,11760.0,11760.0,14905.0
brc_v3_20k_fibercount_conf50_default,20k FC 50%,degree_preserving,11,0.8775441338636877,0.4,51.0,467,980,47,0.1006423982869379,0.9560439560439561,0.6118549038178781,0.38814509618212195,-0.22370980763575626,600.5,2543.5,0.3207370810522099,0.12325533661740558,11760.0,11760.0,14765.0
brc_v3_20k_fibercount_conf50_default,20k FC 50%,degree_strength_preserving,0,0.010679054380475849,4.9749162488912105e-08,0.5811388300841898,467,980,47,0.1006423982869379,1.0,0.36802712916778857,0.6319728708322113,0.2639457416644228,1616.9915390115077,2294.516680975324,0.5849657626844055,0.33198217054240264,11760.0,11760.0,14881.0
brc_v3_20k_fibercount_conf50_default,20k FC 50%,degree_strength_preserving,1,0.007438556681866615,4.727254227478659e-12,0.7320508075688771,467,980,47,0.1006423982869379,0.8103139878451212,0.40821886206144625,0.5917811379385538,0.1835622758771075,1526.4426044040797,2475.614791178973,0.5522085934367849,0.31340342901341334,11760.0,11760.0,14856.0
brc_v3_20k_fibercount_conf50_default,20k FC 50%,degree_strength_preserving,2,0.0058523620386111775,1.8569279447433473e-10,0.4142135623730949,467,980,47,0.1006423982869379,0.878657083860958,0.3730463569919512,0.6269536430080487,0.2539072860160974,1584.3657885762545,2359.7684221986574,0.5731629877045124,0.3252688688065725,11760.0,11760.0,14947.0
brc_v3_20k_fibercount_conf50_default,20k FC 50%,degree_strength_preserving,3,0.0026003131211076165,1.9993883092360597e-13,0.29099444873580566,467,980,47,0.1006423982869379,0.8504346690633762,0.39560745784338763,0.6043925421566123,0.2087850843132249,1580.1215475384806,2368.2569049233953,0.5716275834451945,0.3243490739468563,11760.0,11760.0,14788.0
brc_v3_20k_fibercount_conf50_default,20k FC 50%,degree_strength_preserving,4,0.00494848974089397,3.4416913763379853e-15,1.4494897427831779,467,980,47,0.1006423982869379,1.0,0.3918294036451255,0.6081705963548745,0.21634119270974891,1650.730003145508,2227.0399937089833,0.5971710240193572,0.33896754940713336,11760.0,11760.0,14915.0
brc_v3_20k_fibercount_conf50_default,20k FC 50%,degree_strength_preserving,5,0.006397178111924625,4.736951571734001e-15,0.35038120979399956,467,980,47,0.1006423982869379,0.6642586113016284,0.3363292062834942,0.6636707937165057,0.3273415874330115,1676.4377626678515,2175.6244746642997,0.6064711088605773,0.3441863309581972,11760.0,11760.0,14839.0
brc_v3_20k_fibercount_conf50_default,20k FC 50%,degree_strength_preserving,6,0.006693324786999028,6.217248937900877e-15,0.4433756729740641,467,980,47,0.1006423982869379,1.0000000000000002,0.4319843674509765,0.5680156325490237,0.13603126509804714,1528.680729772877,2471.138540454107,0.5530182616524972,0.313865423351388,11760.0,11760.0,14866.0
brc_v3_20k_fibercount_conf50_default,20k FC 50%,degree_strength_preserving,7,0.010457884652504674,9.257363764447746e-10,1.3452078799117149,467,980,47,0.1006423982869379,0.7689061642952761,0.40649322606183075,0.5935067739381693,0.18701354787633861,1554.0764509362332,2420.347095096377,0.5622054632498145,0.31915713006531815,11760.0,11760.0,14841.0
brc_v3_20k_fibercount_conf50_default,20k FC 50%,degree_strength_preserving,8,0.008493756960022048,5.4498627832799684e-12,1.3452078799117149,467,980,47,0.1006423982869379,0.9180409594520407,0.4133839056775991,0.5866160943224009,0.1732321886448018,1580.0269922549974,2368.446015492268,0.5715933769573486,0.3244566158945787,11760.0,11760.0,14773.0
brc_v3_20k_fibercount_conf50_default,20k FC 50%,degree_strength_preserving,9,0.007707900635292724,2.4220980776590295e-12,0.5811388300841898,467,980,47,0.1006423982869379,0.7208450064215652,0.3936800115419181,0.6063199884580818,0.21263997691616374,1536.4603096698138,2455.5793806467937,0.5558326163239894,0.3154555605558379,11760.0,11760.0,15038.0
brc_v3_20k_fibercount_conf50_default,20k FC 50%,degree_strength_preserving,10,0.005352015747608579,8.92625843107453e-08,0.30384048104052974,467,980,47,0.1006423982869379,1.0,0.38311784316331393,0.6168821568366861,0.23376431367337208,1613.4327776565092,2301.6342180175243,0.5836783372732333,0.33122411423526227,11760.0,11760.0,14876.0
brc_v3_20k_fibercount_conf50_default,20k FC 50%,degree_strength_preserving,11,0.007812340355896851,9.267948727305655e-15,0.7320508075688772,467,980,47,0.1006423982869379,0.842540410721032,0.4219603805355108,0.5780396194644892,0.15607923892897846,1491.7466681409235,2545.0066637181285,0.5396569297787573,0.3062803578097216,11760.0,11760.0,14816.0
