variant_id,variant_label,K,null_type,n_real,n_null,event_A_R_real_mean,event_A_R_null_mean,event_A_R_real_minus_null,event_A_R_mw_p_greater,delta_A_R_real_mean,delta_A_R_null_mean,delta_A_R_real_minus_null,delta_A_R_mw_p_greater,event_R_backbone_real_mean,event_R_backbone_null_mean,event_R_backbone_real_minus_null,event_R_backbone_mw_p_greater,delta_R_backbone_real_mean,delta_R_backbone_null_mean,delta_R_backbone_real_minus_null,delta_R_backbone_mw_p_greater,event_R_global_real_mean,event_R_global_null_mean,event_R_global_real_minus_null,event_R_global_mw_p_greater,delta_R_global_real_mean,delta_R_global_null_mean,delta_R_global_real_minus_null,delta_R_global_mw_p_greater,event_D_eff_norm_real_mean,event_D_eff_norm_null_mean,event_D_eff_norm_real_minus_null,event_D_eff_norm_mw_p_greater,delta_D_eff_norm_real_mean,delta_D_eff_norm_null_mean,delta_D_eff_norm_real_minus_null,delta_D_eff_norm_mw_p_greater,event_M_tau_real_mean,event_M_tau_null_mean,event_M_tau_real_minus_null,event_M_tau_mw_p_greater,delta_M_tau_real_mean,delta_M_tau_null_mean,delta_M_tau_real_minus_null,delta_M_tau_mw_p_greater,alpha_S_max_real,alpha_S_max_null_mean,alpha_S_max_real_minus_null,alpha_S_max_p_real_lower_than_null
brc_v3_1m_fibercount_conf50,1m FC 50%,1.6,degree_preserving,12,12,0.12787798683469495,0.06225579620028535,0.0656221906344096,0.0060114127038087195,0.04760799355184039,0.001979326674093803,0.04562866687774658,0.08742665344664635,0.16123535142590603,0.09627906791865826,0.06495628350724778,0.00706898472795574,0.04488106972227494,-0.007324376453955968,0.05220544617623091,0.039126114263118524,0.03815455470855037,0.035433460492640734,0.0027210942159096377,0.4426169572366008,0.0012505995109677315,-0.0075082505742708845,0.008758850085238617,0.2721850729283049,0.0034141886939059625,0.0034202346592406914,-6.045965334728915e-06,0.6245840579554416,0.00030480646234471814,0.000326529582944756,-2.1723120600037845e-05,0.9734510213572083,0.00011831757418197715,0.00016057165572647136,-4.225408154449421e-05,0.8572618455740588,1.3051669990697217e-06,1.1985380126589007e-05,-1.0680213127519286e-05,0.7647567889706052,0.9737217937732073,0.9671738645720129,0.006547929201194402,0.6153846153846154
brc_v3_1m_fibercount_conf50,1m FC 50%,1.6,degree_strength_preserving,12,12,0.12787798683469495,0.1116467568402489,0.016231229994446053,0.2916802333513516,0.04760799355184039,0.027960031138112146,0.01964796241372824,0.2916802333513516,0.16123535142590603,0.15012578976651034,0.011109561659395695,0.33250277105101456,0.04488106972227494,0.01939312182366848,0.025487947898606457,0.21786533001586827,0.03815455470855037,0.043361518842478596,-0.005206964133928224,0.7278149270716952,0.0012505995109677315,-0.006245498079806566,0.007496097590774298,0.35372698385103735,0.0034141886939059625,0.0034181098746093584,-3.921180703395869e-06,0.6245840579554416,0.00030480646234471814,0.00032035507234493276,-1.5548610000214614e-05,0.9125733465533536,0.00011831757418197715,0.0001632333093463482,-4.491573516437104e-05,0.9797979402058882,1.3051669990697217e-06,-3.7259148181571313e-06,5.031081817226853e-06,0.7987480881089982,0.9737217937732073,0.8609431184173323,0.11277867535587505,1.0
brc_v3_1m_fibercount_conf50,1m FC 50%,2.4,degree_preserving,12,12,0.20091886399313807,0.07625649721012451,0.12466236678301357,0.0012183674044945073,0.13455713339499198,-0.0017696414627910901,0.13632677485778308,0.0036299774940952876,0.24228396670271954,0.11869494368632634,0.1235890230163932,0.0010047524278300067,0.12185291883846124,0.005525280721485615,0.11632763811697562,0.009686659665796444,0.05490697276157638,0.04505566135048866,0.009851311411087714,0.11829204666093807,-0.000618580806379517,0.007334852280716102,-0.007953433087095618,0.6024939140178809,0.003403705960973075,0.0033637728866525995,3.9933074320475364e-05,0.10724690389175873,0.0002956152752621945,0.00029563864630030324,-2.337103810874869e-08,0.6024939140178809,0.0002396595699944252,0.00010772510806115558,0.00013193446193326963,0.20125191189100178,0.00013354252134452813,9.149697045055897e-06,0.00012439282429947224,0.2533602574389292,0.9737217937732073,0.9671738645720129,0.006547929201194402,0.6153846153846154
brc_v3_1m_fibercount_conf50,1m FC 50%,2.4,degree_strength_preserving,12,12,0.20091886399313807,0.16392715585728487,0.0369917081358532,0.1703893067814773,0.13455713339499198,0.04341539926826954,0.09114173412672244,0.020202059794111847,0.24228396670271954,0.22082957128683725,0.021454395415882288,0.2533602574389292,0.12185291883846124,0.0500108003616333,0.07184211847682793,0.04426688600711478,0.05490697276157638,0.06810271739959717,-0.013195744638020791,0.9797979402058882,-0.000618580806379517,0.010801739369829496,-0.011420320176209014,0.6674972289489854,0.003403705960973075,0.0033582115222905826,4.549443868249233e-05,0.07047760957218573,0.0002956152752621945,0.00028993118035124164,5.684094910952844e-06,0.5345062767202164,0.0002396595699944252,0.00024309146177377747,-3.431891779352269e-06,0.6245840579554416,0.00013354252134452813,0.0001659913752215895,-3.244885387706137e-05,0.7083197666486484,0.9737217937732073,0.8609431184173323,0.11277867535587505,1.0
brc_v3_1m_fibercount_conf50,1m FC 50%,3.2,degree_preserving,12,12,0.30710963532328606,0.11103048602429529,0.19607914929899078,0.0008260197281170818,0.10871397890150547,0.03291702837062379,0.07579695053088167,0.07860637667000193,0.360880467419823,0.15458220709115267,0.20629826032867032,0.0006769707215463154,0.10081870978077252,0.030624473777910072,0.07019423600286245,0.1703893067814773,0.07901198541124661,0.04908011465643843,0.02993187075480818,0.005096552495554126,0.005735476695311566,0.0008639070826272169,0.004871569612684349,0.2721850729283049,0.0033403199831881242,0.0033734220470782793,-3.310206389015502e-05,0.8296106932185228,0.00027978176033980435,0.0003171392684483055,-3.7357508108501144e-05,0.9848085890117112,0.0001628385236548032,7.252757609421678e-05,9.031094756058641e-05,0.39750608598211906,1.2666462187856572e-05,-4.160340517955774e-05,5.4269867367414314e-05,0.6462730161489627,0.9737217937732073,0.9671738645720129,0.006547929201194402,0.6153846153846154
brc_v3_1m_fibercount_conf50,1m FC 50%,3.2,degree_strength_preserving,12,12,0.30710963532328606,0.20286963880062103,0.10423999652266502,0.039126114263118524,0.10871397890150547,0.09810456835354368,0.010609410547961787,0.5573830427633992,0.360880467419823,0.2671458087861538,0.0937346586336692,0.056175598845231975,0.10081870978077252,0.08963333598027627,0.011185373800496251,0.5115148723390122,0.07901198541124661,0.08043304178863764,-0.001421056377391025,0.35372698385103735,0.005735476695311566,-0.001189686357975006,0.006925163053286572,0.20125191189100178,0.0033403199831881242,0.0033586559702027756,-1.83359870146514e-05,0.6462730161489627,0.00027978176033980435,0.00029825859230421444,-1.8476831964410088e-05,0.8927530961082413,0.0001628385236548032,0.00033234420940668014,-0.00016950568575187694,0.9655178333304729,1.2666462187856572e-05,6.925223412205621e-06,5.7412387756509515e-06,0.6245840579554416,0.9737217937732073,0.8609431184173323,0.11277867535587505,1.0
brc_v3_1m_fibercount_conf50,1m FC 50%,4.0,degree_preserving,12,12,0.3664737765987714,0.13630258004801968,0.23017119655075172,0.00023884086447849076,0.18464757859085998,0.038057939149439335,0.14658963944142064,0.00706898472795574,0.4329420439898968,0.1764662986000379,0.25647574538985884,0.0002960210729472132,0.19019702759881815,0.034058403223752975,0.15613862437506518,0.008287463374926637,0.0964424015643696,0.047400439623743296,0.04904196194062631,0.0008260197281170818,0.020629907802989084,-0.0030858847312629223,0.023715792534252007,0.06301106088518654,0.0032887086128967655,0.0033355118119771845,-4.6803199080419026e-05,0.9369889391148134,0.00025031676520762756,0.000304672241469009,-5.4355476261381424e-05,0.9824554419529761,0.0004566487997029374,0.000217483852187191,0.00023916494751574644,0.39750608598211906,0.00012689436982782354,0.0001301823529805309,-3.2879831527073686e-06,0.6462730161489627,0.9737217937732073,0.9671738645720129,0.006547929201194402,0.6153846153846154
brc_v3_1m_fibercount_conf50,1m FC 50%,4.0,degree_strength_preserving,12,12,0.3664737765987714,0.3178745011488597,0.048599275449911716,0.15616071083810806,0.18464757859085998,0.17386726685799658,0.010780311732863396,0.46549372327978356,0.4329420439898968,0.3943971482415994,0.03854489574829739,0.20125191189100178,0.19019702759881815,0.17753157981981835,0.012665447778999805,0.39750608598211906,0.0964424015643696,0.106157380156219,-0.009714978591849402,0.5573830427633992,0.020629907802989084,0.02266351319849491,-0.002033605395505827,0.6245840579554416,0.0032887086128967655,0.0032997646103255997,-1.1055997428834237e-05,0.6245840579554416,0.00025031676520762756,0.00027750132954595567,-2.7184564338328106e-05,0.9213936233299981,0.0004566487997029374,0.000411284751862695,4.536404784024245e-05,0.7647567889706052,0.00012689436982782354,0.00012431456381515696,2.57980601266658e-06,0.5800700137299983,0.9737217937732073,0.8609431184173323,0.11277867535587505,1.0
brc_v3_200k_fibercount_conf50,200k FC 50%,1.6,degree_preserving,12,12,0.1638973051061233,0.07844775185609858,0.08544955325002472,0.004307779059410237,0.055546537041664124,-0.0011772776876265805,0.0567238147292907,0.08742665344664635,0.19498473467926183,0.12266082192460696,0.07232391275465487,0.0030494729656071837,0.0506136491894722,0.0004577937846382459,0.05015585540483395,0.09696542614120535,0.03933872406681379,0.044106019738440715,-0.0047672956716269255,0.7083197666486484,0.0011359179237236579,0.001948578826462229,-0.0008126609027385712,0.5345062767202164,0.003869152739073577,0.0038945019514193026,-2.534921234572567e-05,0.843839289161892,0.00033735986357777306,0.0003635283756928003,-2.616851211502722e-05,0.9438244011547681,6.703060413807786e-05,0.00012595514939069594,-5.8924545252618074e-05,0.843839289161892,-5.179933191357122e-05,1.1682551606403043e-05,-6.348188351997426e-05,0.6674972289489854,0.9811827956989244,0.959040165509793,0.02214263018913143,0.7692307692307693
brc_v3_200k_fibercount_conf50,200k FC 50%,1.6,degree_strength_preserving,12,12,0.1638973051061233,0.11527684703469276,0.04862045807143053,0.056175598845231975,0.055546537041664124,0.014226736054600527,0.041319800987063594,0.21786533001586827,0.19498473467926183,0.16514292359352112,0.029841811085740716,0.09696542614120535,0.0506136491894722,0.018621262162923813,0.031992387026548386,0.35372698385103735,0.03933872406681379,0.05230633704923093,-0.012967612982417144,0.7821346699841317,0.0011359179237236579,0.0029242717816183963,-0.0017883538578947384,0.48848512766098784,0.003869152739073577,0.003894540960896553,-2.5388221822976106e-05,0.7821346699841317,0.00033735986357777306,0.0003579273242066909,-2.0567460628917857e-05,0.9125733465533536,6.703060413807786e-05,0.00016402834618626608,-9.699774204818822e-05,0.6674972289489854,-5.179933191357122e-05,1.0692858438687836e-05,-6.249219035225906e-05,0.7466397425610708,0.9811827956989244,0.8672175057294251,0.11396528996949928,0.8461538461538461
brc_v3_200k_fibercount_conf50,200k FC 50%,2.4,degree_preserving,12,12,0.2210792979846398,0.09183406317606568,0.1292452348085741,0.00036574099590711283,0.09404694847762585,-0.03228387562558055,0.1263308241032064,0.0010047524278300067,0.2683281774322192,0.12976665484408537,0.13856152258813384,0.00036574099590711283,0.09581353329122066,-0.030916471344729263,0.12673000463594994,0.0025539527124977474,0.06045471069713434,0.038574176374822855,0.021880534322311483,0.01754455804702393,0.013436117054273685,-0.0048471045059462385,0.018283221560219925,0.06301106088518654,0.0038892183555333756,0.0038687308030671877,2.0487552466187837e-05,0.2721850729283049,0.00034480041676965685,0.00035308177874905167,-8.28136197939482e-06,0.8145778333478895,0.00014429650339783015,0.00017976278559217462,-3.546628219434447e-05,0.7083197666486484,3.7318234111201796e-05,9.131212565686535e-05,-5.399389154566355e-05,0.8927530961082413,0.9811827956989244,0.959040165509793,0.02214263018913143,0.7692307692307693
brc_v3_200k_fibercount_conf50,200k FC 50%,2.4,degree_strength_preserving,12,12,0.2210792979846398,0.17230119338879982,0.04877810459583998,0.08742665344664635,0.09404694847762585,0.03053839582328995,0.0635085526543359,0.06301106088518654,0.2683281774322192,0.22553270993133387,0.04279546750088534,0.1703893067814773,0.09581353329122066,0.034881304328640304,0.06093222896258036,0.09696542614120535,0.06045471069713434,0.06470111447076003,-0.004246403773625694,0.6881975578021555,0.013436117054273685,0.00666964923342069,0.006766467820852996,0.3118024421978445,0.0038892183555333756,0.0038603386226191733,2.8879732914202302e-05,0.1854221666521106,0.00034480041676965685,0.00033647230800748826,8.328108762168589e-06,0.23524321102939483,0.00014429650339783015,0.00010779322656162549,3.650327683620466e-05,0.33250277105101456,3.7318234111201796e-05,-0.00013517968697366692,0.00017249792108486872,0.04426688600711478,0.9811827956989244,0.8672175057294251,0.11396528996949928,0.8461538461538461
brc_v3_200k_fibercount_conf50,200k FC 50%,3.2,degree_preserving,12,12,0.25637323906024295,0.1288048146913449,0.12756842436889806,0.0010047524278300067,0.06265927695979674,0.06071105149264137,0.0019482254671553748,0.37541594204455847,0.31318728749950725,0.16570770864685377,0.14747957885265348,0.00045046779818000833,0.057544404019912086,0.05975018131236235,-0.0022057772924502644,0.46549372327978356,0.07561099001516898,0.042572529365619026,0.033038460649549954,0.01128803126156679,0.0011167063688238461,0.0030413659599920115,-0.0019246595911681654,0.4426169572366008,0.003782159465661986,0.003810434286022102,-2.8274820360115784e-05,0.6674972289489854,0.0003090276389863594,0.0003372002844027461,-2.8172645416386704e-05,0.8572618455740588,0.00034175185010099085,0.0002264723831710095,0.00011527946692998134,0.04426688600711478,0.00012329200232367535,0.0001256327868001487,-2.3407844764733454e-06,0.48848512766098784,0.9811827956989244,0.959040165509793,0.02214263018913143,0.7692307692307693
brc_v3_200k_fibercount_conf50,200k FC 50%,3.2,degree_strength_preserving,12,12,0.25637323906024295,0.26221470969418686,-0.005841470633943913,0.48848512766098784,0.06265927695979674,0.13740781679128608,-0.07474853983148934,0.9295223904278143,0.31318728749950725,0.3179980268081029,-0.004810739308595657,0.4426169572366008,0.057544404019912086,0.12341656970481078,-0.0658721656848987,0.8817079533390619,0.07561099001516898,0.07775771586845319,-0.0021467258532842093,0.5573830427633992,0.0011167063688238461,-0.0008614699666698774,0.0019781763354937234,0.39750608598211906,0.003782159465661986,0.003810300981412331,-2.8141515750344966e-05,0.7466397425610708,0.0003090276389863594,0.00032643235384938256,-1.740471486302316e-05,0.7821346699841317,0.00034175185010099085,0.00044368963502468733,-0.00010193778492369648,0.7278149270716952,0.00012329200232367535,0.00012942975566450818,-6.1377533408328295e-06,0.7647567889706052,0.9811827956989244,0.8672175057294251,0.11396528996949928,0.8461538461538461
brc_v3_200k_fibercount_conf50,200k FC 50%,4.0,degree_preserving,12,12,0.33334576711058617,0.2113752787311872,0.12197048837939897,0.026548978642791713,0.1403375769344469,0.1008489237477382,0.0394886531867087,0.35372698385103735,0.4194934604068597,0.2668624209860961,0.15263103942076361,0.01311469391742851,0.1598511959115664,0.0936743871619304,0.06617680874963601,0.21786533001586827,0.11481565392265718,0.07216447715957959,0.042651176763077586,0.008287463374926637,0.036017575611670814,-3.5614085694154106e-05,0.03605318969736497,0.01754455804702393,0.003757175236757433,0.0037977493943798283,-4.057415762239542e-05,0.8927530961082413,0.0003004132810673546,0.000336354990906271,-3.594170983891643e-05,0.9768067033593006,0.0005197324971201548,0.0002811709599275976,0.00023856153719255718,0.6024939140178809,0.000125126781237365,3.7271403319512807e-05,8.78553779178522e-05,0.7278149270716952,0.9811827956989244,0.959040165509793,0.02214263018913143,0.7692307692307693
brc_v3_200k_fibercount_conf50,200k FC 50%,4.0,degree_strength_preserving,12,12,0.33334576711058617,0.32575059744218987,0.0075951696683962955,0.4426169572366008,0.1403375769344469,0.17959852586500347,-0.039260948930556566,0.8698818986914056,0.4194934604068597,0.4118027699490388,0.007690690457820892,0.46549372327978356,0.1598511959115664,0.16367438063025475,-0.0038231847186883383,0.6245840579554416,0.11481565392265718,0.1118638136734565,0.0029518402492006712,0.4199299862700017,0.036017575611670814,-0.003270441976686319,0.039288017588357135,0.020202059794111847,0.003757175236757433,0.0037764270619978515,-1.9251825240418612e-05,0.7083197666486484,0.0003004132810673546,0.00030444769088386244,-4.03440981650786e-06,0.6462730161489627,0.0005197324971201548,0.0002695002504727502,0.00025023224664740457,0.7821346699841317,0.000125126781237365,-0.0001431801508336624,0.0002683069320710274,0.37541594204455847,0.9811827956989244,0.8672175057294251,0.11396528996949928,0.8461538461538461
brc_v3_20k_electrical_conf50,20k EC 50%,1.6,degree_preserving,12,12,0.15059544902760535,0.10199316451326013,0.04860228451434523,0.08742665344664635,-0.02244026978344967,0.03287908139949044,-0.05531935118294011,0.9369889391148134,0.20422778651118279,0.14983999418715635,0.054387792324026435,0.039126114263118524,-0.018921731039881706,0.02539842079083125,-0.04432015183071296,0.9295223904278143,0.05692568592106303,0.049885995841274657,0.007039690079788372,0.20125191189100178,0.0011394739461441834,-0.0052812678428987665,0.00642074178904295,0.4199299862700017,0.006587702003050013,0.0065971198114943425,-9.417808444329122e-06,0.7278149270716952,0.0005783859101010715,0.0006180480833611525,-3.9662173260080966e-05,0.9438244011547681,0.00023024966473409828,0.0002383594044961986,-8.109739762100332e-06,0.5115148723390122,-6.956589186302153e-05,2.174875044147484e-05,-9.131464230449637e-05,0.8927530961082413,1.0,0.957136196426574,0.04286380357342601,1.0
brc_v3_20k_electrical_conf50,20k EC 50%,1.6,degree_strength_preserving,12,12,0.15059544902760535,0.13603088508049646,0.014564563947108894,0.21786533001586827,-0.02244026978344967,0.05066639184951782,-0.07310666163296749,0.9438244011547681,0.20422778651118279,0.18124724924564362,0.02298053726553917,0.20125191189100178,-0.018921731039881706,0.04548899239550034,-0.06441072343538204,0.9500612986153679,0.05692568592106303,0.04853099770843983,0.008394688212623201,0.20125191189100178,0.0011394739461441834,-0.0030628452077507973,0.0042023191538949805,0.48848512766098784,0.006587702003050013,0.006604418452659103,-1.6716449609089495e-05,0.7083197666486484,0.0005783859101010715,0.0006288333262151244,-5.044741611405295e-05,0.9696990151439969,0.00023024966473409828,0.0002558570574819896,-2.560739274789134e-05,0.6674972289489854,-6.956589186302153e-05,5.651620745084074e-05,-0.00012608209931386227,0.9696990151439969,1.0,0.9407754119679903,0.059224588032009695,0.9230769230769231
brc_v3_20k_electrical_conf50,20k EC 50%,2.4,degree_preserving,12,12,0.16212983060783395,0.1699962057173252,-0.007866375109491258,0.6024939140178809,0.06355552970975016,0.037451187459131084,0.026104342250619077,0.35372698385103735,0.2097685830667615,0.2214579302817583,-0.011689347214996815,0.6245840579554416,0.06318940129131079,0.0395369433487455,0.023652457942565284,0.33250277105101456,0.05187846953049302,0.05831003856534759,-0.006431569034854569,0.7278149270716952,0.0041397813862810535,0.008458840738361081,-0.0043190593520800276,0.6024939140178809,0.006529804291591547,0.006608730449930846,-7.892615833929913e-05,0.9500612986153679,0.0005606085086099903,0.0006352545336356777,-7.46460250256874e-05,0.9500612986153679,0.00019940965103160124,0.0004190512324081889,-0.00021964158137658768,0.9939885872961913,-9.953508651960874e-06,0.00025467975206083793,-0.0002646332607127988,0.9696990151439969,1.0,0.957136196426574,0.04286380357342601,1.0
brc_v3_20k_electrical_conf50,20k EC 50%,2.4,degree_strength_preserving,12,12,0.16212983060783395,0.17699781277527413,-0.014867982167440175,0.48848512766098784,0.06355552970975016,0.03973339466998974,0.02382213503976042,0.1703893067814773,0.2097685830667615,0.2401475397249063,-0.0303789566581448,0.7466397425610708,0.06318940129131079,0.04491367874046167,0.018275722550849118,0.1854221666521106,0.05187846953049302,0.07140601333230734,-0.019527543801814318,0.9797979402058882,0.0041397813862810535,0.008122179502000412,-0.003982398115719358,0.5345062767202164,0.006529804291591547,0.006587096281904173,-5.729199031262629e-05,0.9213936233299981,0.0005606085086099903,0.0006072741783849098,-4.666566977491954e-05,0.8572618455740588,0.00019940965103160124,0.0003267822179016851,-0.00012737256687008386,0.9608738857368815,-9.953508651960874e-06,0.00013653434477115903,-0.0001464878534231199,0.9557331139928852,1.0,0.9407754119679903,0.059224588032009695,0.9230769230769231
brc_v3_20k_electrical_conf50,20k EC 50%,3.2,degree_preserving,12,12,0.2237893914182981,0.1367829506440709,0.0870064407742272,0.026548978642791713,0.07904251230259736,-0.03864642861299217,0.11768894091558953,0.020202059794111847,0.28892291833957034,0.19708015024662018,0.09184276809295017,0.026548978642791713,0.07697118818759918,-0.04221089308460554,0.11918208127220473,0.020202059794111847,0.08126879048844178,0.06548259515936176,0.015786195329080016,0.3118024421978445,0.0052863245364278555,-0.006434677168726921,0.011721001705154777,0.35372698385103735,0.006450121458626854,0.006496988577733522,-4.686711910666802e-05,0.7987480881089982,0.0005019128592680098,0.0005901058062133408,-8.819294694533103e-05,0.9030345738587946,0.00046734187587086734,0.0003901692816725699,7.717259419829742e-05,0.37541594204455847,8.703226899342553e-05,0.00011349981999349741,-2.646755100007188e-05,0.3118024421978445,1.0,0.957136196426574,0.04286380357342601,1.0
brc_v3_20k_electrical_conf50,20k EC 50%,3.2,degree_strength_preserving,12,12,0.2237893914182981,0.2896850351244211,-0.06589564370612302,0.843839289161892,0.07904251230259736,0.08606313665707906,-0.007020624354481697,0.6462730161489627,0.28892291833957034,0.37496402362982434,-0.086041105290254,0.8927530961082413,0.07697118818759918,0.10178948814670245,-0.02481829995910327,0.7083197666486484,0.08126879048844178,0.10913327212134998,-0.027864481632908195,0.9868853060825715,0.0052863245364278555,0.026641815279920895,-0.02135549074349304,0.9213936233299981,0.006450121458626854,0.0064281804921465895,2.194096648026455e-05,0.3118024421978445,0.0005019128592680098,0.000543559408462629,-4.164654919461925e-05,0.7647567889706052,0.00046734187587086734,0.0005450162655809739,-7.76743897101066e-05,0.6245840579554416,8.703226899342553e-05,0.00021429627728745496,-0.00012726400829402942,0.6024939140178809,1.0,0.9407754119679903,0.059224588032009695,0.9230769230769231
brc_v3_20k_electrical_conf50,20k EC 50%,4.0,degree_preserving,12,12,0.3185774186470856,0.26037140376865864,0.05820601487842697,0.11829204666093807,0.13644397864118218,0.15117407434930405,-0.014730095708121865,0.5573830427633992,0.42109729411701363,0.35488704095284146,0.06621025316417217,0.10724690389175873,0.15773973365624747,0.18264108213285604,-0.024901348476608576,0.5573830427633992,0.1287872881318132,0.11380399639407794,0.014983291737735258,0.1854221666521106,0.03525143023580313,0.04415099540104469,-0.008899565165241562,0.5573830427633992,0.006282853090239785,0.0063853609815988635,-0.00010250789135907851,0.8698818986914056,0.0004470986579789066,0.0005537529036986072,-0.00010665424571970058,0.9868853060825715,0.0007557266837162994,0.0007785800952054464,-2.285341148914699e-05,0.7466397425610708,2.252407800066673e-05,0.0003669860360181095,-0.00034446195801744273,0.843839289161892,1.0,0.957136196426574,0.04286380357342601,1.0
brc_v3_20k_electrical_conf50,20k EC 50%,4.0,degree_strength_preserving,12,12,0.3185774186470856,0.31027780286967754,0.008299615777408065,0.5115148723390122,0.13644397864118218,0.1222328661630551,0.014211112478127078,0.4199299862700017,0.42109729411701363,0.39710879015425843,0.023988503962755203,0.4199299862700017,0.15773973365624747,0.12849607008198896,0.029243663574258505,0.37541594204455847,0.1287872881318132,0.11009387640903394,0.01869341172277926,0.21786533001586827,0.03525143023580313,0.018550485838204622,0.016700944397598505,0.21786533001586827,0.006282853090239785,0.006353185557054105,-7.033246681432005e-05,0.8296106932185228,0.0004470986579789066,0.0005251539773589233,-7.805531938001668e-05,0.9655178333304729,0.0007557266837162994,0.0003813333156964897,0.00037439336801980966,0.39750608598211906,2.252407800066673e-05,-7.937546888570068e-05,0.00010189954688636742,0.5115148723390122,1.0,0.9407754119679903,0.059224588032009695,0.9230769230769231
brc_v3_20k_fibercount_conf10,20k FC 10%,1.6,degree_preserving,12,12,0.11023607974251111,0.05937807591787229,0.05085800382463882,0.01519141098828875,0.029458505334332585,-0.017893020956156153,0.047351526290488735,0.03448216666952704,0.14165737852454185,0.09640025223294894,0.04525712629159291,0.039126114263118524,0.021882192231714725,-0.016414594215651352,0.038296786447366074,0.07860637667000193,0.033295515536641083,0.03734175224478046,-0.004046236708139375,0.7821346699841317,-0.007694999609763424,0.000616749282926321,-0.008311748892689746,0.8817079533390619,0.0032184137268638432,0.00319774923181787,2.0664495045973064e-05,0.1703893067814773,0.0003004727477022928,0.00029235687377626235,8.115873926030446e-06,0.2721850729283049,8.411410325000664e-05,9.353941224314137e-05,-9.425308993134734e-06,0.5345062767202164,-1.1633588693863809e-05,1.5086586927282042e-05,-2.672017562114585e-05,0.7083197666486484,0.9378238341968913,0.8929690708194595,0.04485476337743177,0.9230769230769231
brc_v3_20k_fibercount_conf10,20k FC 10%,1.6,degree_strength_preserving,12,12,0.11023607974251111,0.08575886286174257,0.024477216880768538,0.08742665344664635,0.029458505334332585,0.004114323683703939,0.025344181650628645,0.07047760957218573,0.14165737852454185,0.12276250155021746,0.01889487697432439,0.10724690389175873,0.021882192231714725,0.006551879147688548,0.015330313084026177,0.14273815442594123,0.033295515536641083,0.03931171897177895,-0.006016203435137868,0.843839289161892,-0.007694999609763424,0.002789919109394153,-0.010484918719157577,0.8817079533390619,0.0032184137268638432,0.0031988403046005532,1.9573422263290032e-05,0.20125191189100178,0.0003004727477022928,0.0002939844228226903,6.488324879602519e-06,0.2916802333513516,8.411410325000664e-05,0.00011643445748177328,-3.232035423176664e-05,0.7821346699841317,-1.1633588693863809e-05,2.3160698598682455e-05,-3.4794287292546265e-05,0.7821346699841317,0.9378238341968913,0.8127960722930846,0.1250277619038067,1.0
brc_v3_20k_fibercount_conf10,20k FC 10%,2.4,degree_preserving,12,12,0.11086391327747454,0.10309256116549174,0.007771352111982793,0.5115148723390122,0.025259287601026397,0.02928170212180703,-0.004022414520780632,0.6674972289489854,0.14756670221686363,0.1459058023368319,0.0016608998800317354,0.48848512766098784,0.02025056816637516,0.0347013883292675,-0.014450820162892342,0.7466397425610708,0.04237330751493573,0.048443712294101715,-0.006070404779165983,0.7466397425610708,-0.0015330119834591944,0.006492222814510266,-0.00802523479796946,0.7466397425610708,0.0031980167485880086,0.0032170834567196555,-1.9066708131646945e-05,0.9125733465533536,0.0002927397746749414,0.0002974808706016215,-4.741095926680066e-06,0.8296106932185228,0.00010871913650589704,0.00019987867066599088,-9.115953416009384e-05,0.6881975578021555,2.8827481173721026e-05,8.038132360373614e-05,-5.155384243001511e-05,0.6462730161489627,0.9378238341968913,0.8929690708194595,0.04485476337743177,0.9230769230769231
brc_v3_20k_fibercount_conf10,20k FC 10%,2.4,degree_strength_preserving,12,12,0.11086391327747454,0.12275363349666198,-0.011889720219187438,0.6245840579554416,0.025259287601026397,0.026530567944670718,-0.001271280343644321,0.5573830427633992,0.14756670221686363,0.17015982853869596,-0.02259312632183233,0.7987480881089982,0.02025056816637516,0.03539776708930731,-0.015147198922932148,0.6881975578021555,0.04237330751493573,0.05387918076788386,-0.011505873252948128,0.9030345738587946,-0.0015330119834591944,0.00843281066045165,-0.009965822643910846,0.7647567889706052,0.0031980167485880086,0.0032138154382575688,-1.5798689669560204e-05,0.9213936233299981,0.0002927397746749414,0.0002995749080739939,-6.835133399052504e-06,0.7647567889706052,0.00010871913650589704,0.00026667696950729197,-0.00015795783300139493,0.8145778333478895,2.8827481173721026e-05,0.00012203433213168562,-9.320685095796459e-05,0.7278149270716952,0.9378238341968913,0.8127960722930846,0.1250277619038067,1.0
brc_v3_20k_fibercount_conf10,20k FC 10%,3.2,degree_preserving,12,12,0.18257156666368246,0.16283729672431946,0.019734269939363003,0.1703893067814773,0.10984897109058996,0.08520130813121796,0.024647662959372,0.1854221666521106,0.23024066040913263,0.19960734310249487,0.030633317306637764,0.14273815442594123,0.10576477119078238,0.08904250493894021,0.01672226625184217,0.2916802333513516,0.058372968497375645,0.04957452152545253,0.008798446971923113,0.3118024421978445,0.0033996497901777425,0.013364673436929783,-0.00996502364675204,0.9500612986153679,0.0032184871434720527,0.0032005766042898613,1.7910539182191404e-05,0.35372698385103735,0.0002933591241800427,0.0002918045556520366,1.554568528006105e-06,0.4199299862700017,0.0003280973771779827,0.00013267184203868965,0.00019542553513929306,0.023193296640699322,0.00013146998079112868,1.0508220839255955e-05,0.00012096175995187272,0.23524321102939483,0.9378238341968913,0.8929690708194595,0.04485476337743177,0.9230769230769231
brc_v3_20k_fibercount_conf10,20k FC 10%,3.2,degree_strength_preserving,12,12,0.18257156666368246,0.20736329164355993,-0.024791724979877472,0.7647567889706052,0.10984897109058996,0.11818107605601351,-0.008332104965423553,0.7647567889706052,0.23024066040913263,0.25263193994760513,-0.022391279538472503,0.7278149270716952,0.10576477119078238,0.12490525003522635,-0.01914047884444396,0.843839289161892,0.058372968497375645,0.06274677176649372,-0.0043738032691180775,0.7278149270716952,0.0033996497901777425,0.019136326853185892,-0.01573667706300815,0.9768067033593006,0.0032184871434720527,0.0031984397506204863,2.0047392851566415e-05,0.2533602574389292,0.0002933591241800427,0.0002873120107195398,6.047113460502893e-06,0.3118024421978445,0.0003280973771779827,8.478004436559179e-05,0.00024331733281239093,0.005096552495554126,0.00013146998079112868,-0.00013312887873932291,0.0002645988595304516,0.08742665344664635,0.9378238341968913,0.8127960722930846,0.1250277619038067,1.0
brc_v3_20k_fibercount_conf10,20k FC 10%,4.0,degree_preserving,12,12,0.31793635462721187,0.17012085781122246,0.1478154968159894,0.008287463374926637,0.14847290453811487,0.013744903107484182,0.13472800143063068,0.0014728230752664906,0.38513031229376793,0.22486474675436816,0.16026556553939977,0.00706898472795574,0.15699565845231214,0.01793362448612849,0.13906203396618366,0.0014728230752664906,0.0955597044279178,0.06410346707950036,0.03145623734841743,0.01311469391742851,0.02522062153245012,-0.00012861300880710283,0.025349234541257225,0.01311469391742851,0.0031454682280889147,0.0031894349190995292,-4.39666910106145e-05,0.9768067033593006,0.000264255981640858,0.00028737913052341053,-2.3123148882552556e-05,0.9824554419529761,0.0002433910807818999,0.0001424370207132597,0.00010095406006864019,0.2533602574389292,3.8168465456086174e-05,2.3408035758620827e-06,3.582766188022409e-05,0.5800700137299983,0.9378238341968913,0.8929690708194595,0.04485476337743177,0.9230769230769231
brc_v3_20k_fibercount_conf10,20k FC 10%,4.0,degree_strength_preserving,12,12,0.31793635462721187,0.26570538493494195,0.052230969692269924,0.14273815442594123,0.14847290453811487,0.08340714483832319,0.06506575969979168,0.09696542614120535,0.38513031229376793,0.3297866551826398,0.05534365711112815,0.1703893067814773,0.15699565845231214,0.08800340319673221,0.06899225525557993,0.1301181013085944,0.0955597044279178,0.08774434340496857,0.007815361022949219,0.5800700137299983,0.02522062153245012,0.012082141824066639,0.013138479708383482,0.5115148723390122,0.0031454682280889147,0.0031796297632763685,-3.4161535187453816e-05,0.9369889391148134,0.000264255981640858,0.000275272551141152,-1.1016569500294014e-05,0.8927530961082413,0.0002433910807818999,0.00030550005711423484,-6.210897633233495e-05,0.6245840579554416,3.8168465456086174e-05,0.00010813413981243987,-6.99656743563537e-05,0.6245840579554416,0.9378238341968913,0.8127960722930846,0.1250277619038067,1.0
brc_v3_20k_fibercount_conf25,20k FC 25%,1.6,degree_preserving,12,12,0.13320318539626896,0.07097391675536831,0.062229268640900656,0.009686659665796444,0.024014439977084596,-0.015720330169036362,0.03973477014612096,0.1854221666521106,0.18617487450440726,0.11353112508853276,0.0726437494158745,0.004307779059410237,0.03664860315620899,-0.011329070044060549,0.04797767320026954,0.1301181013085944,0.0599346230737865,0.04046927718445659,0.01946534588932991,0.0030494729656071837,0.015311353684713444,-0.0004017163688937823,0.015713070053607225,0.04993870138463208,0.003951320654359041,0.003965393865302696,-1.4073210943654768e-05,0.6462730161489627,0.0003599865305038789,0.0003611150542090576,-1.1285237051787038e-06,0.46549372327978356,0.00018688458669657848,0.00016161560264057093,2.5268984056007554e-05,0.5115148723390122,8.79534997011433e-05,2.7819998498065008e-05,6.0133501203078296e-05,0.3118024421978445,0.9436619718309854,0.9218361674304508,0.02182580440053461,0.8461538461538461
brc_v3_20k_fibercount_conf25,20k FC 25%,1.6,degree_strength_preserving,12,12,0.13320318539626896,0.12365195473345618,0.009551230662812785,0.35372698385103735,0.024014439977084596,0.01609218303929083,0.007922256937793765,0.39750608598211906,0.18617487450440726,0.161329481129845,0.024845393374562263,0.10724690389175873,0.03664860315620899,0.014678499040504297,0.021970104115704693,0.2916802333513516,0.0599346230737865,0.03740843082778156,0.02252619224600494,0.0017749193174567825,0.015311353684713444,-0.005047137771422665,0.020358491456136107,0.023193296640699322,0.003951320654359041,0.003962771939312639,-1.145128495359804e-05,0.7987480881089982,0.0003599865305038789,0.0003523877956729821,7.5987348308968056e-06,0.23524321102939483,0.00018688458669657848,0.00024167057942274064,-5.4785992726162164e-05,0.7278149270716952,8.79534997011433e-05,5.5558469133150844e-05,3.239503056799246e-05,0.4199299862700017,0.9436619718309854,0.8365541619911575,0.10710780983982793,1.0
brc_v3_20k_fibercount_conf25,20k FC 25%,2.4,degree_preserving,12,12,0.19430510265131792,0.1163679218540589,0.07793718079725902,0.0060114127038087195,0.08127422165125608,0.04786507380534507,0.033409147845911015,0.09696542614120535,0.23828590661287308,0.15659493394196033,0.08169097267091274,0.00706898472795574,0.07473646849393845,0.040014492658277355,0.03472197583566109,0.07860637667000193,0.056233299896121025,0.04421786676781873,0.012015433128302298,0.10724690389175873,0.0010659708641469479,-0.0038687988029172025,0.004934769667064151,0.39750608598211906,0.003922637002053124,0.003919442019751113,3.1949823020111998e-06,0.46549372327978356,0.00035703205349723894,0.0003637841386336383,-6.752085136399347e-06,0.6674972289489854,0.0002342876042954837,0.0001838577483492069,5.04298559462768e-05,0.6462730161489627,0.00011354848576653846,6.883249185799893e-05,4.471599390853953e-05,0.4199299862700017,0.9436619718309854,0.9218361674304508,0.02182580440053461,0.8461538461538461
brc_v3_20k_fibercount_conf25,20k FC 25%,2.4,degree_strength_preserving,12,12,0.19430510265131792,0.1501852315462505,0.04411987110506743,0.1703893067814773,0.08127422165125608,0.0630713712113599,0.01820285043989618,0.33250277105101456,0.23828590661287308,0.19523391065498194,0.04305199595789114,0.14273815442594123,0.07473646849393845,0.06065857627739509,0.014077892216543354,0.35372698385103735,0.056233299896121025,0.053862114514534674,0.0023711853815863507,0.33250277105101456,0.0010659708641469479,0.002981974510475993,-0.0019160036463290453,0.7083197666486484,0.003922637002053124,0.003912760829602143,9.876172450980387e-06,0.39750608598211906,0.00035703205349723894,0.00035276519491311007,4.266858584128872e-06,0.5115148723390122,0.0002342876042954837,0.00014857308815408032,8.571451614140338e-05,0.4199299862700017,0.00011354848576653846,-4.137139857599929e-05,0.00015491988434253776,0.11829204666093807,0.9436619718309854,0.8365541619911575,0.10710780983982793,1.0
brc_v3_20k_fibercount_conf25,20k FC 25%,3.2,degree_preserving,12,12,0.23455876360336939,0.1004837454141428,0.13407501818922657,0.00706898472795574,0.10915779570738475,0.030344304667475324,0.07881349103990942,0.03030098485600307,0.2870441892494758,0.1466211536899209,0.14042303555955488,0.01519141098828875,0.10279827968527873,0.01944678525129954,0.08335149443397918,0.07047760957218573,0.06638237942631046,0.050532480236142874,0.01584989919016759,0.15616071083810806,-0.0004205253596107165,-0.008816844318062067,0.008396318958451351,0.37541594204455847,0.003864079778193774,0.0039005913927064022,-3.6511614512628205e-05,0.9500612986153679,0.0003450457792749338,0.00033510999846034375,9.935780814590046e-06,0.2916802333513516,0.0003433610645515728,0.00011527429918108585,0.00022808676537048694,0.056175598845231975,0.00020429217124728893,-1.2746502685937836e-05,0.00021703867393322676,0.1703893067814773,0.9436619718309854,0.9218361674304508,0.02182580440053461,0.8461538461538461
brc_v3_20k_fibercount_conf25,20k FC 25%,3.2,degree_strength_preserving,12,12,0.23455876360336939,0.14968858558374146,0.08487017801962793,0.10724690389175873,0.10915779570738475,0.0421285810880363,0.06702921461934845,0.11829204666093807,0.2870441892494758,0.20741070496539274,0.07963348428408304,0.1301181013085944,0.10279827968527873,0.03002831960717837,0.07276996007810035,0.23524321102939483,0.06638237942631046,0.06792358821257949,-0.0015412087862690244,0.6024939140178809,-0.0004205253596107165,-0.008447208752234777,0.008026683392624061,0.33250277105101456,0.003864079778193774,0.0039020048562055393,-3.79250780117653e-05,0.9557331139928852,0.0003450457792749338,0.0003303914407143636,1.4654338560570216e-05,0.21786533001586827,0.0003433610645515728,0.0003113286347797839,3.2032429771788884e-05,0.7083197666486484,0.00020429217124728893,7.491524032351056e-05,0.0001293769309237784,0.6245840579554416,0.9436619718309854,0.8365541619911575,0.10710780983982793,1.0
brc_v3_20k_fibercount_conf25,20k FC 25%,4.0,degree_preserving,12,12,0.2933483235538006,0.15863140424092612,0.13471691931287447,0.008287463374926637,0.12475990985209744,0.06487158453091979,0.059888325321177646,0.14273815442594123,0.35606230174501735,0.20997418804715076,0.1460881136978666,0.00706898472795574,0.11724500730633736,0.040613687597215176,0.07663131970912218,0.07047760957218573,0.08965260752787192,0.06092667688305179,0.02872593064482013,0.026548978642791713,0.006184819154441357,-0.01773765916004777,0.023922478314489126,0.026548978642791713,0.003832863558941585,0.003864951599607879,-3.208804066629411e-05,0.9030345738587946,0.00032351771649049584,0.0003294687604246885,-5.95104393419268e-06,0.6245840579554416,0.0003275149589777963,0.00017513233115096227,0.00015238262782683404,0.21786533001586827,-6.562760866775837e-05,-2.426347949343229e-05,-4.136412917432608e-05,0.37541594204455847,0.9436619718309854,0.9218361674304508,0.02182580440053461,0.8461538461538461
brc_v3_20k_fibercount_conf25,20k FC 25%,4.0,degree_strength_preserving,12,12,0.2933483235538006,0.27808830700814724,0.015260016545653343,0.2533602574389292,0.12475990985209744,0.12293120349446933,0.001828706357628107,0.48848512766098784,0.35606230174501735,0.35897663111488026,-0.0029143293698629114,0.48848512766098784,0.11724500730633736,0.1053277316192786,0.011917275687058762,0.39750608598211906,0.08965260752787192,0.10444141148279111,-0.014788803954919189,0.7987480881089982,0.006184819154441357,-0.00571333368619283,0.011898152840634186,0.1854221666521106,0.003832863558941585,0.0038616495992035687,-2.878604026198368e-05,0.9500612986153679,0.00032351771649049584,0.00032957559449528295,-6.0578780047871065e-06,0.6245840579554416,0.0003275149589777963,0.00023957973845275168,8.793522052504463e-05,0.1703893067814773,-6.562760866775837e-05,-3.414710401254221e-06,-6.221289826650414e-05,0.5345062767202164,0.9436619718309854,0.8365541619911575,0.10710780983982793,1.0
brc_v3_20k_fibercount_conf50_default,20k FC 50%,1.6,degree_preserving,12,12,0.142726743593812,0.1332771540619433,0.009449589531868696,0.3118024421978445,0.05635734098420168,-0.006825003462533156,0.06318234444673483,0.04426688600711478,0.18501116521656513,0.18953173762808243,-0.004520572411517293,0.6674972289489854,0.03752204030752182,-0.00025322257230679196,0.03777526287982861,0.20125191189100178,0.047863651532679796,0.05931976018473506,-0.011456108652055264,0.8817079533390619,-0.015340785107885798,0.0027201902121305466,-0.018060975320016347,0.8145778333478895,0.00661530729757185,0.006658492857114606,-4.318555954275615e-05,0.6881975578021555,0.0005906120123266335,0.0006127322821498684,-2.2120269823234866e-05,0.8927530961082413,0.0002615575399431691,0.00025750397314065293,4.0535668025161735e-06,0.7821346699841317,4.317419385794589e-05,9.786868152635482e-05,-5.469448766840893e-05,0.5345062767202164,0.9019607843137254,0.9399690176495631,-0.03800823333583769,0.38461538461538464
brc_v3_20k_fibercount_conf50_default,20k FC 50%,1.6,degree_strength_preserving,12,12,0.142726743593812,0.18719629400099316,-0.044469550407181174,0.9213936233299981,0.05635734098420168,0.025713916091869276,0.0306434248923324,0.2533602574389292,0.18501116521656513,0.24448636981348196,-0.059475204596916825,0.9030345738587946,0.03752204030752182,0.03058847226202488,0.006933568045496941,0.4199299862700017,0.047863651532679796,0.06459930771961808,-0.016735656186938286,0.9213936233299981,-0.015340785107885798,0.003073587858428558,-0.018414372966314357,0.8817079533390619,0.00661530729757185,0.006660165246703541,-4.4857949131691353e-05,0.6881975578021555,0.0005906120123266335,0.0006122557097431506,-2.1643697416517016e-05,0.7987480881089982,0.0002615575399431691,0.00033349594559695106,-7.193840565378196e-05,0.9295223904278143,4.317419385794589e-05,0.0001958380190293004,-0.00015266382517135452,0.8817079533390619,0.9019607843137254,0.8711664077467498,0.03079437656697559,0.6153846153846154
brc_v3_20k_fibercount_conf50_default,20k FC 50%,2.4,degree_preserving,12,12,0.26150478546818096,0.12888206789890924,0.13262271756927171,0.00045046779818000833,0.1276299711316824,0.06103693267020086,0.06659303846148154,0.07047760957218573,0.3110533058643341,0.17405791829029718,0.13699538757403693,0.00045046779818000833,0.12578907671074072,0.03869946145763,0.08708961525311071,0.03448216666952704,0.06598915345966816,0.05031778182213505,0.015671371637533106,0.026548978642791713,0.0075877549437185126,-0.01631533292432626,0.02390308786804477,0.07047760957218573,0.006500959052724167,0.0065868777167681905,-8.591866404402369e-05,0.9438244011547681,0.0005693809165040791,0.0005699768129230269,-5.95896418947796e-07,0.39750608598211906,0.00019107860619745529,0.0003630714897250679,-0.00017199288352761263,0.9125733465533536,-0.00016323947602359112,0.0002503638462485469,-0.00041360332227213803,0.9696990151439969,0.9019607843137254,0.9399690176495631,-0.03800823333583769,0.38461538461538464
brc_v3_20k_fibercount_conf50_default,20k FC 50%,2.4,degree_strength_preserving,12,12,0.26150478546818096,0.201817957063516,0.059686828404664966,0.06301106088518654,0.1276299711316824,0.07779173258071144,0.049838238550970956,0.14273815442594123,0.3110533058643341,0.2472537743548552,0.0637995315094789,0.04993870138463208,0.12578907671074072,0.05024367695053419,0.07554539976020652,0.056175598845231975,0.06598915345966816,0.058001715457066894,0.007987438002601266,0.15616071083810806,0.0075877549437185126,-0.022285445205246408,0.02987320014896492,0.039126114263118524,0.006500959052724167,0.006591371792981834,-9.041274025766745e-05,0.9295223904278143,0.0005693809165040791,0.0005733219253926265,-3.941008888547377e-06,0.48848512766098784,0.00019107860619745529,0.00036054247986309446,-0.00016946387366563917,0.843839289161892,-0.00016323947602359112,0.00022356742177483588,-0.00038680689779842703,0.9696990151439969,0.9019607843137254,0.8711664077467498,0.03079437656697559,0.6153846153846154
brc_v3_20k_fibercount_conf50_default,20k FC 50%,3.2,degree_preserving,12,12,0.3577839906016986,0.19455766088018814,0.16322632972151044,0.0060114127038087195,0.12057599541731179,0.10839231556747109,0.0121836798498407,0.46549372327978356,0.44471661870678264,0.26813773810863495,0.1765788805981477,0.0060114127038087195,0.11206738650798798,0.1209265540043513,-0.008859167496363327,0.5800700137299983,0.11802157076696555,0.08999539818614721,0.02802617258081834,0.06301106088518654,0.004718484977881114,0.02991857457285126,-0.025200089594970145,0.8927530961082413,0.006386075397547854,0.006415674120800349,-2.9598723252494824e-05,0.5345062767202164,0.0004704697155907648,0.0005465421366589499,-7.607242106818509e-05,0.9500612986153679,0.00035129700639420963,0.0007725575945490467,-0.0004212605881548371,0.7821346699841317,-0.00012931020091855316,0.0006404007772289333,-0.0007697109781474865,0.9824554419529761,0.9019607843137254,0.9399690176495631,-0.03800823333583769,0.38461538461538464
brc_v3_20k_fibercount_conf50_default,20k FC 50%,3.2,degree_strength_preserving,12,12,0.3577839906016986,0.31102254676322144,0.046761443838477135,0.33250277105101456,0.12057599541731179,0.17855315934866667,-0.05797716393135488,0.8296106932185228,0.44471661870678264,0.398455577592055,0.04626104111472762,0.35372698385103735,0.11206738650798798,0.19273698205749193,-0.08066959554950395,0.9213936233299981,0.11802157076696555,0.1122007081285119,0.005820862638453647,0.39750608598211906,0.004718484977881114,0.03233171347528696,-0.027613228497405846,0.8698818986914056,0.006386075397547854,0.006412457692910417,-2.6382295362563542e-05,0.6245840579554416,0.0004704697155907648,0.0005064325112980643,-3.5962795707299535e-05,0.843839289161892,0.00035129700639420963,0.0006230530192018099,-0.00027175601280760025,0.9887119687384333,-0.00012931020091855316,0.00032015963491479244,-0.0004494698358333456,0.9848085890117112,0.9019607843137254,0.8711664077467498,0.03079437656697559,0.6153846153846154
brc_v3_20k_fibercount_conf50_default,20k FC 50%,4.0,degree_preserving,12,12,0.35255782554546994,0.17218382361655435,0.1803740019289156,0.008287463374926637,0.11216886869321267,0.03094180626794696,0.08122706242526571,0.07047760957218573,0.45742874468366307,0.2498809682826201,0.20754777640104297,0.005096552495554126,0.10827649508913358,0.015519032875696817,0.09275746221343675,0.07860637667000193,0.13439104643960795,0.08582427492365241,0.04856677151595554,0.01754455804702393,0.010920897436638674,-0.01862902209783594,0.02954991953447461,0.04993870138463208,0.006303516961582603,0.006320951868732289,-1.7434907149686298e-05,0.6245840579554416,0.0004569295552063243,0.0005358639982466158,-7.893444304029153e-05,0.8927530961082413,0.0006298553738209497,0.0005230839412130687,0.00010677143260788102,0.46549372327978356,0.00017201733968856084,0.0001665134232098353,5.503916478725529e-06,0.6462730161489627,0.9019607843137254,0.9399690176495631,-0.03800823333583769,0.38461538461538464
brc_v3_20k_fibercount_conf50_default,20k FC 50%,4.0,degree_strength_preserving,12,12,0.35255782554546994,0.2779201027005911,0.07463772284487885,0.15616071083810806,0.11216886869321267,0.08950617133329312,0.022662697359919548,0.35372698385103735,0.45742874468366307,0.3857514138023059,0.07167733088135719,0.2533602574389292,0.10827649508913358,0.0912763699889183,0.01700012510021527,0.5573830427633992,0.13439104643960795,0.131359137284259,0.0030319091553489552,0.5573830427633992,0.010920897436638674,0.008440441762407621,0.0024804556742310524,0.5573830427633992,0.006303516961582603,0.0063075661873439074,-4.049225761304509e-06,0.6245840579554416,0.0004569295552063243,0.0005040923503816008,-4.716279517527654e-05,0.7278149270716952,0.0006298553738209497,0.0006260836804964735,3.7716933244762423e-06,0.48848512766098784,0.00017201733968856084,-0.00018557564605240864,0.0003575929857409695,0.2916802333513516,0.9019607843137254,0.8711664077467498,0.03079437656697559,0.6153846153846154
